o Mesh
v 27.291248321533203 -65.99964904785156 -24.339664459228516
v 33.82251739501953 -54.46376037597656 -30.821651458740234
v 37.116336822509766 -56.81181335449219 -26.717620849609375
v 23.99742317199707 -63.65162658691406 -28.44369888305664
v -33.82250213623047 -54.463775634765625 -30.82164764404297
v -27.29123306274414 -65.99966430664062 -24.339664459228516
v -37.11632537841797 -56.81181335449219 -26.71761703491211
v -23.997411727905273 -63.65162658691406 -28.44369888305664
v -13.284112930297852 -66.36001586914062 -23.82461166381836
v 13.284116744995117 -63.15144348144531 -10.427085876464844
v -13.284112930297852 -63.15144348144531 -10.427085876464844
v 13.284116744995117 -66.36001586914062 -23.82461166381836
v -12.979937553405762 -62.22569274902344 -10.032554626464844
v 13.284116744995117 -62.85646057128906 -9.205490112304688
v -13.284112930297852 -62.85646057128906 -9.205490112304688
v 12.979938507080078 -62.22569274902344 -10.032554626464844
v 24.9382381439209 -50.96893310546875 28.06438446044922
v 37.116336822509766 -56.81181335449219 -26.717620849609375
v 33.91626739501953 -42.57317352294922 25.891433715820312
v 24.9382381439209 -50.96893310546875 28.06438446044922
v 27.291248321533203 -65.99964904785156 -24.339664459228516
v 37.116336822509766 -56.81181335449219 -26.717620849609375
v -37.11632537841797 -56.81181335449219 -26.71761703491211
v -24.938508987426758 -50.96893310546875 28.06438446044922
v -33.91655349731445 -42.57319641113281 25.891433715820312
v -37.11632537841797 -56.81181335449219 -26.71761703491211
v -27.29123306274414 -65.99966430664062 -24.339664459228516
v -24.938508987426758 -50.96893310546875 28.06438446044922
v 25.965845108032227 -49.15104675292969 31.686080932617188
v 33.91626739501953 -42.52283477783203 26.118850708007812
v 32.8886604309082 -42.677215576171875 30.01056671142578
v 24.938236236572266 -49.304168701171875 35.58345031738281
v 25.965845108032227 -49.15104675292969 31.686080932617188
v 25.965845108032227 -48.343231201171875 35.334747314453125
v 33.91626739501953 -40.90843200683594 33.41050720214844
v 32.8886604309082 -42.677215576171875 30.01056671142578
v 33.91626739501953 -42.52283477783203 26.118850708007812
v 32.8886604309082 -41.869407653808594 33.659217834472656
v 24.938236236572266 -49.304168701171875 35.58345031738281
v 24.938236236572266 -50.91856384277344 28.29180145263672
v 25.965845108032227 -49.15104675292969 31.686080932617188
v 25.965845108032227 -49.15104675292969 31.686080932617188
v 24.938236236572266 -50.91856384277344 28.29180145263672
v 33.91626739501953 -42.52283477783203 26.118850708007812
v -33.91655349731445 -40.90845489501953 33.41051483154297
v -32.88894271850586 -42.67723846435547 30.01056671142578
v -32.88894271850586 -41.869407653808594 33.659217834472656
v -24.938508987426758 -49.304168701171875 35.58345031738281
v -25.966114044189453 -49.15104675292969 31.686080932617188
v -24.938508987426758 -50.91856384277344 28.29180145263672
v -33.91655349731445 -40.90845489501953 33.41051483154297
v -33.91655731201172 -42.522850036621094 26.118850708007812
v -32.88894271850586 -42.67723846435547 30.01056671142578
v -24.938508987426758 -49.304168701171875 35.58345031738281
v -25.96611785888672 -48.343231201171875 35.334747314453125
v -25.966114044189453 -49.15104675292969 31.686080932617188
v -32.88894271850586 -42.67723846435547 30.01056671142578
v -24.938508987426758 -50.91856384277344 28.29180145263672
v -25.966114044189453 -49.15104675292969 31.686080932617188
v -32.88894271850586 -42.67723846435547 30.01056671142578
v -33.91655731201172 -42.522850036621094 26.118850708007812
v -24.938508987426758 -50.91856384277344 28.29180145263672
v 25.92221450805664 -48.33628845214844 34.74278259277344
v 32.74911117553711 -42.61607360839844 30.09192657470703
v 32.74911117553711 -41.952178955078125 33.09046936035156
v 25.92221450805664 -48.33628845214844 34.74278259277344
v 25.92221450805664 -49.00019836425781 31.744247436523438
v 32.74911117553711 -42.61607360839844 30.09192657470703
v -25.922487258911133 -48.33628845214844 34.74278259277344
v -32.749393463134766 -42.61608123779297 30.091934204101562
v -25.9224910736084 -49.00019836425781 31.744247436523438
v -25.922487258911133 -48.33628845214844 34.74278259277344
v -32.749393463134766 -41.952178955078125 33.09046936035156
v -32.749393463134766 -42.61608123779297 30.091934204101562
v -13.284112930297852 -62.85646057128906 -9.205490112304688
v 12.138705253601074 -50.17352294921875 28.056358337402344
v -12.138991355895996 -50.17352294921875 28.056358337402344
v 13.284116744995117 -62.85646057128906 -9.205490112304688
v -11.878828048706055 -47.85551452636719 36.23047637939453
v 9.009864807128906 -37.891929626464844 45.14555358886719
v -9.010149955749512 -37.891929626464844 45.14555358886719
v 11.878543853759766 -47.85551452636719 36.23047637939453
v 6.971608638763428 62.787574768066406 7.125007629394531
v 5.189332485198975 62.787574768066406 5.4264678955078125
v -4.839946269989014 62.787574768066406 7.125007629394531
v -3.231443405151367 62.787574768066406 5.4264678955078125
v 6.934020519256592 62.78758239746094 -12.176467895507812
v 5.189332485198975 62.787574768066406 5.4264678955078125
v 9.305188179016113 62.787574768066406 -5.271018981933594
v 5.189332485198975 62.787574768066406 5.4264678955078125
v 6.971608638763428 62.787574768066406 7.125007629394531
v 9.305188179016113 62.787574768066406 -5.271018981933594
v -4.839948654174805 62.78758239746094 -5.208465576171875
v -3.231443405151367 62.787574768066406 5.4264678955078125
v -3.231445550918579 62.78758239746094 -5.208465576171875
v 9.305188179016113 62.787574768066406 -5.271018981933594
v 9.305192947387695 62.78758239746094 -12.176467895507812
v 6.934020519256592 62.78758239746094 -12.176467895507812
v 11.878543853759766 -49.83262634277344 27.974716186523438
v -11.878828048706055 -47.85551452636719 36.23047637939453
v -11.878828048706055 -49.83262634277344 27.974716186523438
v 11.878543853759766 -47.85551452636719 36.23047637939453
v -4.839948654174805 62.78758239746094 -29.95120620727539
v -3.231445550918579 62.78758239746094 -12.326705932617188
v -3.231445550918579 62.78758239746094 -35.04758071899414
v -4.839948654174805 62.78758239746094 -15.514633178710938
v -4.839948654174805 62.78758239746094 -12.326705932617188
v -3.231445550918579 62.78758239746094 -12.326705932617188
v -4.839948654174805 62.78758239746094 -29.95120620727539
v -4.839948654174805 62.78758239746094 -5.208465576171875
v -4.839946269989014 62.787574768066406 7.125007629394531
v -3.231443405151367 62.787574768066406 5.4264678955078125
v -4.839948654174805 62.78758239746094 -37.70077896118164
v -4.839948654174805 62.78758239746094 -29.95120620727539
v -3.231445550918579 62.78758239746094 -35.04758071899414
v 13.284116744995117 -62.85646057128906 -9.205490112304688
v 32.86636734008789 -46.68595886230469 -14.350662231445312
v 33.63657760620117 -46.95257568359375 -13.624786376953125
v 12.979938507080078 -62.22569274902344 -10.032554626464844
v -13.284112930297852 -62.85646057128906 -9.205490112304688
v -32.86636734008789 -46.68595886230469 -14.350662231445312
v -12.979937553405762 -62.22569274902344 -10.032554626464844
v -33.63656997680664 -46.95257568359375 -13.624786376953125
v 24.509737014770508 -47.243621826171875 27.1002197265625
v 29.932598114013672 -41.534942626953125 28.667266845703125
v 24.509733200073242 -46.60609436035156 29.979751586914062
v 24.509737014770508 -47.243621826171875 27.1002197265625
v 29.932598114013672 -42.17249298095703 25.787734985351562
v 29.932598114013672 -41.534942626953125 28.667266845703125
v -24.510011672973633 -46.60609436035156 29.979759216308594
v -29.932876586914062 -42.17250061035156 25.787734985351562
v -24.5100154876709 -47.24363708496094 27.1002197265625
v 13.284116744995117 -63.15144348144531 -10.427085876464844
v 33.63657760620117 -50.4630126953125 -28.275089263916016
v 33.63657760620117 -47.24754333496094 -14.846382141113281
v 13.284116744995117 -66.36001586914062 -23.82461166381836
v -24.510011672973633 -46.60609436035156 29.979759216308594
v -29.932876586914062 -41.534942626953125 28.667266845703125
v -29.932876586914062 -42.17250061035156 25.787734985351562
v -13.284112930297852 -63.15144348144531 -10.427085876464844
v -33.63656997680664 -50.4630126953125 -28.275089263916016
v -13.284112930297852 -66.36001586914062 -23.82461166381836
v -33.63656997680664 -47.24754333496094 -14.846382141113281
v -5.218297481536865 56.92182922363281 -37.69293212890625
v 5.067703723907471 56.713951110839844 -39.66114044189453
v -5.218297481536865 56.713951110839844 -39.66114044189453
v 5.067703723907471 56.92182922363281 -37.69293212890625
v -24.938508987426758 -49.304168701171875 35.58345031738281
v -15.026961326599121 -34.48127746582031 44.84309387207031
v -23.23813247680664 -45.01213836669922 38.19768524169922
v 24.938236236572266 -49.304168701171875 35.58345031738281
v 23.237857818603516 -45.01213073730469 38.19768524169922
v 13.845924377441406 -34.48126983642578 44.84309387207031
v -24.938508987426758 -49.304168701171875 35.58345031738281
v -23.23813247680664 -45.01213836669922 38.19768524169922
v -25.96611785888672 -48.343231201171875 35.334747314453125
v -33.91655349731445 -40.90845489501953 33.41051483154297
v -32.88894271850586 -41.869407653808594 33.659217834472656
v -30.160953521728516 -38.53831481933594 36.52215576171875
v 33.91626739501953 -40.90843200683594 33.41050720214844
v 30.160673141479492 -38.538291931152344 36.52215576171875
v 32.8886604309082 -41.869407653808594 33.659217834472656
v 24.938236236572266 -49.304168701171875 35.58345031738281
v 25.965845108032227 -48.343231201171875 35.334747314453125
v 23.237857818603516 -45.01213073730469 38.19768524169922
v 21.765769958496094 -44.726402282714844 32.914207458496094
v 28.688581466674805 -39.556129455566406 25.35102081298828
v 28.688581466674805 -38.252586364746094 31.238693237304688
v -28.688865661621094 -38.25260925292969 31.23870849609375
v -21.76603889465332 -46.02996826171875 27.02655029296875
v -21.76603889465332 -44.72642517089844 32.914215087890625
v -28.688865661621094 -39.55615234375 25.35102081298828
v 21.765769958496094 -44.726402282714844 32.914207458496094
v 21.765769958496094 -46.02996826171875 27.02655029296875
v 28.688581466674805 -39.556129455566406 25.35102081298828
v -33.63656997680664 -46.95257568359375 -13.624786376953125
v -12.138991355895996 -50.17352294921875 28.056358337402344
v -30.736799240112305 -35.647064208984375 23.989578247070312
v 12.138705253601074 -50.17352294921875 28.056358337402344
v 33.63657760620117 -46.95257568359375 -13.624786376953125
v 30.736507415771484 -35.647064208984375 23.989578247070312
v -33.63656997680664 -46.95257568359375 -13.624786376953125
v -13.284112930297852 -62.85646057128906 -9.205490112304688
v -12.138991355895996 -50.17352294921875 28.056358337402344
v 12.138705253601074 -50.17352294921875 28.056358337402344
v 13.284116744995117 -62.85646057128906 -9.205490112304688
v 33.63657760620117 -46.95257568359375 -13.624786376953125
v 7.572983264923096 66.36001586914062 -37.70078659057617
v 5.773034572601318 65.59661102294922 -37.70078659057617
v 5.928898334503174 65.59661102294922 -15.643844604492188
v 11.878543853759766 -47.85551452636719 36.23047637939453
v 22.81400489807129 -27.109725952148438 42.12706756591797
v 9.009864807128906 -37.891929626464844 45.14555358886719
v 30.077756881713867 -33.64036560058594 32.250946044921875
v -22.814294815063477 -27.109725952148438 42.12706756591797
v -11.878828048706055 -47.85551452636719 36.23047637939453
v -9.010149955749512 -37.891929626464844 45.14555358886719
v -30.078044891357422 -33.64036560058594 32.250946044921875
v 7.572983264923096 66.36001586914062 -37.70078659057617
v 5.928898334503174 65.59661102294922 -15.643844604492188
v 7.572983264923096 66.36001586914062 -15.643844604492188
v 30.077756881713867 -35.61749267578125 23.99517822265625
v 11.878543853759766 -47.85551452636719 36.23047637939453
v 11.878543853759766 -49.83262634277344 27.974716186523438
v 30.077756881713867 -33.64036560058594 32.250946044921875
v -30.078044891357422 -35.61749267578125 23.99517822265625
v -11.878828048706055 -47.85551452636719 36.23047637939453
v -30.078044891357422 -33.64036560058594 32.250946044921875
v -11.878828048706055 -49.83262634277344 27.974716186523438
v -3.1683974266052246 56.92182922363281 -35.05296325683594
v 5.067703723907471 56.92182922363281 -37.69293212890625
v -5.218297481536865 56.92182922363281 -37.69293212890625
v -3.1683974266052246 56.92182922363281 -35.05296325683594
v 5.067703723907471 56.92182922363281 -35.05296325683594
v 5.067703723907471 56.92182922363281 -37.69293212890625
v 37.116329193115234 -5.76953125 -39.92812728881836
v 23.997413635253906 -0.394012451171875 -44.81571578979492
v 27.291231155395508 3.4183120727539062 -42.30609130859375
v 33.822509765625 -9.581863403320312 -42.4377555847168
v -27.291217803955078 3.4183197021484375 -42.30609130859375
v -33.82249069213867 -9.58184814453125 -42.437767028808594
v -37.116310119628906 -5.769523620605469 -39.92812728881836
v -23.997390747070312 -0.3939971923828125 -44.81571578979492
v -4.839948654174805 62.78758239746094 -37.70077896118164
v -9.487098693847656 62.78758239746094 -37.700782775878906
v -7.1535186767578125 65.95901489257812 -37.164878845214844
v 31.419279098510742 -43.18864440917969 27.837203979492188
v 25.92221450805664 -49.00019836425781 31.744247436523438
v 25.996417999267578 -48.25978088378906 29.149688720703125
v 32.74911117553711 -42.61607360839844 30.09192657470703
v -25.9224910736084 -49.00019836425781 31.744247436523438
v -31.4195613861084 -43.18866729736328 27.837203979492188
v -25.99669075012207 -48.25978088378906 29.149688720703125
v -25.9224910736084 -49.00019836425781 31.744247436523438
v -32.749393463134766 -42.61608123779297 30.091934204101562
v -31.4195613861084 -43.18866729736328 27.837203979492188
v -15.026961326599121 -34.48127746582031 44.84309387207031
v -30.160953521728516 -38.53831481933594 36.52215576171875
v -23.23813247680664 -45.01213836669922 38.19768524169922
v -22.178951263427734 -27.79315948486328 43.112091064453125
v -7.1535186767578125 64.86712646484375 -5.208465576171875
v -9.487093925476074 62.787574768066406 -5.271018981933594
v -7.153514385223389 64.86711883544922 7.125007629394531
v 6.971608638763428 59.673500061035156 7.1250152587890625
v 8.679184913635254 58.53645324707031 6.9576568603515625
v 8.412675857543945 58.39350509643555 -0.744354248046875
v -7.153512477874756 59.673500061035156 7.1250152587890625
v -8.594579696655273 58.39350509643555 -0.744354248046875
v -8.861088752746582 58.53645324707031 6.9576568603515625
v 30.160673141479492 -38.538291931152344 36.52215576171875
v 13.845924377441406 -34.48126983642578 44.84309387207031
v 23.237857818603516 -45.01213073730469 38.19768524169922
v 20.997913360595703 -27.79314422607422 43.112091064453125
v -7.1535186767578125 64.86712646484375 -12.326705932617188
v -9.487098693847656 62.78758239746094 -15.514633178710938
v -9.487098693847656 62.78758239746094 -12.326705932617188
v -7.1535186767578125 64.86712646484375 -12.326705932617188
v -7.1535186767578125 64.86712646484375 -15.514633178710938
v -9.487098693847656 62.78758239746094 -15.514633178710938
v 33.63657760620117 -46.95257568359375 -13.624786376953125
v 37.3742561340332 -22.877685546875 -20.966381072998047
v 38.25010681152344 -22.586380004882812 -20.395545959472656
v 33.63657760620117 -46.95257568359375 -13.624786376953125
v 32.86636734008789 -46.68595886230469 -14.350662231445312
v 37.3742561340332 -22.877685546875 -20.966381072998047
v -33.63656997680664 -46.95257568359375 -13.624786376953125
v -37.3742561340332 -22.877685546875 -20.966381072998047
v -32.86636734008789 -46.68595886230469 -14.350662231445312
v -33.63656997680664 -46.95257568359375 -13.624786376953125
v -38.25010681152344 -22.586380004882812 -20.395545959472656
v -37.3742561340332 -22.877685546875 -20.966381072998047
v 13.675597190856934 -45.09654235839844 34.49446105957031
v 24.938236236572266 -49.304168701171875 35.58345031738281
v 13.845924377441406 -34.48126983642578 44.84309387207031
v -7.247884273529053 64.92948913574219 -29.825973510742188
v -9.548822402954102 62.777549743652344 -15.668128967285156
v -7.247884273529053 64.92948913574219 -15.668128967285156
v -9.548822402954102 62.777549743652344 -29.825973510742188
v -13.675873756408691 -45.09654235839844 34.49446105957031
v -15.026961326599121 -34.48127746582031 44.84309387207031
v -24.938508987426758 -49.304168701171875 35.58345031738281
v 33.822509765625 -9.581863403320312 -42.4377555847168
v 30.194766998291016 -15.427352905273438 -37.42854690551758
v 26.323795318603516 -16.594207763671875 -40.62286376953125
v -23.997411727905273 -63.65162658691406 -28.44369888305664
v -16.498701095581055 -56.6392822265625 -30.25859832763672
v -16.963571548461914 -59.52705383300781 -26.014869689941406
v -33.82250213623047 -54.463775634765625 -30.82164764404297
v -16.498701095581055 -56.6392822265625 -30.25859832763672
v -23.997411727905273 -63.65162658691406 -28.44369888305664
v -26.32379722595215 -47.45143127441406 -32.636558532714844
v 23.99742317199707 -63.65162658691406 -28.44369888305664
v 26.32380485534668 -47.45143127441406 -32.63656234741211
v 33.82251739501953 -54.46376037597656 -30.821651458740234
v 16.49871253967285 -56.6392822265625 -30.258594512939453
v -33.82249069213867 -9.58184814453125 -42.437767028808594
v -16.498689651489258 -7.4063568115234375 -43.00082015991211
v -26.323787689208984 -16.594200134277344 -40.62286376953125
v -23.997390747070312 -0.3939971923828125 -44.81571578979492
v -33.82249069213867 -9.58184814453125 -42.437767028808594
v -26.323787689208984 -16.594200134277344 -40.62286376953125
v -30.194753646850586 -15.427337646484375 -37.42854690551758
v 23.997413635253906 -0.394012451171875 -44.81571578979492
v 26.323795318603516 -16.594207763671875 -40.62286376953125
v 16.49870491027832 -7.4063568115234375 -43.00082015991211
v 33.822509765625 -9.581863403320312 -42.4377555847168
v 23.99742317199707 -63.65162658691406 -28.44369888305664
v 16.96358299255371 -59.52705383300781 -26.014873504638672
v 16.49871253967285 -56.6392822265625 -30.258594512939453
v -7.144676685333252 65.0788345336914 -12.123687744140625
v -9.575042724609375 62.70093536376953 -5.474998474121094
v -7.144676685333252 65.0788345336914 -5.474998474121094
v -9.575042724609375 62.70093536376953 -12.123687744140625
v -16.963571548461914 -59.52705383300781 -26.014869689941406
v -27.29123306274414 -65.99966430664062 -24.339664459228516
v -23.997411727905273 -63.65162658691406 -28.44369888305664
v 27.291248321533203 -65.99964904785156 -24.339664459228516
v 16.96358299255371 -59.52705383300781 -26.014873504638672
v 23.99742317199707 -63.65162658691406 -28.44369888305664
v -24.938508987426758 -49.304168701171875 35.58345031738281
v -13.675871849060059 -46.71095275878906 27.202804565429688
v -13.675873756408691 -45.09654235839844 34.49446105957031
v -24.938508987426758 -49.304168701171875 35.58345031738281
v -24.938508987426758 -50.91856384277344 28.29180145263672
v -13.675871849060059 -46.71095275878906 27.202804565429688
v 13.675597190856934 -46.71095275878906 27.202804565429688
v 24.938236236572266 -49.304168701171875 35.58345031738281
v 13.675597190856934 -45.09654235839844 34.49446105957031
v 24.938236236572266 -50.91856384277344 28.29180145263672
v -13.284112930297852 -66.36001586914062 -23.82461166381836
v 24.965980529785156 -4.689399719238281 -41.08972930908203
v 13.284116744995117 -66.36001586914062 -23.82461166381836
v 38.25010681152344 -26.107383728027344 -35.09361267089844
v 33.63657760620117 -50.4630126953125 -28.275089263916016
v 0.0000014971010386943817 3.76922607421875 -43.45777130126953
v -33.63656997680664 -50.4630126953125 -28.275089263916016
v -24.96597671508789 -4.689399719238281 -41.08972930908203
v -38.25010681152344 -26.107383728027344 -35.09361267089844
v 0.0000014971010386943817 3.76922607421875 -43.45777130126953
v -24.96597671508789 4.313285827636719 -43.6011962890625
v 0.0000014971010386943817 9.826698303222656 -45.14472198486328
v 0.0000014971010386943817 3.76922607421875 -43.45777130126953
v 24.965980529785156 4.313285827636719 -43.6011962890625
v 24.965980529785156 -4.689399719238281 -41.08972930908203
v 0.0000014971010386943817 3.76922607421875 -43.45777130126953
v -24.96597671508789 -4.689399719238281 -41.08972930908203
v -24.96597671508789 4.313285827636719 -43.6011962890625
v 0.0000014971010386943817 3.76922607421875 -43.45777130126953
v 0.0000014971010386943817 9.826698303222656 -45.14472198486328
v 24.965980529785156 4.313285827636719 -43.6011962890625
v 5.596534729003906 7.80303955078125 -43.69386291503906
v -5.745201587677002 13.245857238769531 -45.14554977416992
v 5.596534729003906 13.245857238769531 -45.14554977416992
v -7.422020435333252 49.75343322753906 -5.184654235839844
v -9.487098693847656 49.75343322753906 -29.07445526123047
v -9.487098693847656 49.75343322753906 -5.184654235839844
v -7.422020435333252 49.75343322753906 -29.07445526123047
v -7.141929626464844 60.56120300292969 -29.92354965209961
v -4.839948654174805 62.78758239746094 -15.514633178710938
v -4.839948654174805 62.78758239746094 -29.95120620727539
v 5.596534729003906 7.80303955078125 -43.69386291503906
v -5.7452006340026855 7.80303955078125 -43.69386291503906
v -5.745201587677002 13.245857238769531 -45.14554977416992
v -7.141929626464844 60.56120300292969 -29.92354965209961
v -7.141929626464844 60.56120300292969 -15.329643249511719
v -4.839948654174805 62.78758239746094 -15.514633178710938
v -10.452138900756836 10.722358703613281 -41.48277282714844
v -5.7452006340026855 7.80303955078125 -43.69386291503906
v -10.452138900756836 7.90869140625 -41.17707443237305
v 10.268948554992676 10.722358703613281 -41.48277282714844
v 10.26894760131836 7.90869140625 -41.17707443237305
v 5.596534729003906 7.80303955078125 -43.69386291503906
v -33.91655349731445 -40.90845489501953 33.41051483154297
v -30.160953521728516 -38.53831481933594 36.52215576171875
v -22.178951263427734 -27.79315948486328 43.112091064453125
v 21.765769958496094 -44.726402282714844 32.914207458496094
v 30.160673141479492 -38.538291931152344 36.52215576171875
v 23.237857818603516 -45.01213073730469 38.19768524169922
v 28.688581466674805 -38.252586364746094 31.238693237304688
v -28.688865661621094 -38.25260925292969 31.23870849609375
v -23.23813247680664 -45.01213836669922 38.19768524169922
v -30.160953521728516 -38.53831481933594 36.52215576171875
v -21.76603889465332 -44.72642517089844 32.914215087890625
v 5.067703723907471 56.713951110839844 -39.66114044189453
v -5.218296527862549 14.74725341796875 -38.888954162597656
v -5.218297481536865 56.713951110839844 -39.66114044189453
v 5.06770133972168 14.74725341796875 -38.888954162597656
v -9.487098693847656 62.78758239746094 -30.055015563964844
v -7.1535186767578125 65.95901489257812 -37.164878845214844
v -9.487098693847656 62.78758239746094 -37.700782775878906
v -9.487098693847656 62.78758239746094 -30.055015563964844
v -7.1535186767578125 65.95901489257812 -30.096332550048828
v -7.1535186767578125 65.95901489257812 -37.164878845214844
v 9.305192947387695 62.78758239746094 -37.700782775878906
v 5.773034572601318 65.59661102294922 -37.70078659057617
v 7.572983264923096 66.36001586914062 -37.70078659057617
v 9.305192947387695 62.78758239746094 -37.700782775878906
v 5.067702293395996 62.78758239746094 -37.700782775878906
v 5.773034572601318 65.59661102294922 -37.70078659057617
v -9.487098693847656 62.78758239746094 -37.700782775878906
v -4.839948654174805 62.78758239746094 -37.70077896118164
v -5.218297481536865 56.92182922363281 -37.69293212890625
v 9.305187225341797 14.797271728515625 -37.590850830078125
v 5.06770133972168 14.797271728515625 -37.590850830078125
v 5.067703723907471 56.92182922363281 -37.69293212890625
v -5.218297481536865 56.92182922363281 -37.69293212890625
v -5.218296527862549 14.797271728515625 -37.590850830078125
v -9.487092971801758 14.797271728515625 -37.590850830078125
v -9.487092971801758 14.797271728515625 -37.590850830078125
v -9.487098693847656 62.78758239746094 -37.700782775878906
v -5.218297481536865 56.92182922363281 -37.69293212890625
v 5.067702293395996 62.78758239746094 -37.700782775878906
v 9.305192947387695 62.78758239746094 -37.700782775878906
v 5.067703723907471 56.92182922363281 -37.69293212890625
v 9.305192947387695 62.78758239746094 -37.700782775878906
v 9.305187225341797 14.797271728515625 -37.590850830078125
v 5.067703723907471 56.92182922363281 -37.69293212890625
v -5.745201587677002 13.245857238769531 -45.14554977416992
v -5.7452006340026855 7.80303955078125 -43.69386291503906
v -10.452138900756836 10.722358703613281 -41.48277282714844
v 10.268948554992676 10.722358703613281 -41.48277282714844
v 5.596534729003906 7.80303955078125 -43.69386291503906
v 5.596534729003906 13.245857238769531 -45.14554977416992
v 33.63657760620117 -47.24754333496094 -14.846382141113281
v 38.25010681152344 -26.107383728027344 -35.09361267089844
v 38.25010681152344 -22.88135528564453 -21.617149353027344
v 33.63657760620117 -50.4630126953125 -28.275089263916016
v -33.63656997680664 -47.24754333496094 -14.846382141113281
v -38.25010681152344 -26.107383728027344 -35.09361267089844
v -33.63656997680664 -50.4630126953125 -28.275089263916016
v -38.25010681152344 -22.88135528564453 -21.617149353027344
v 37.116329193115234 -5.76953125 -39.92812728881836
v 30.194766998291016 -15.427352905273438 -37.42854690551758
v 33.822509765625 -9.581863403320312 -42.4377555847168
v -30.194753646850586 -15.427337646484375 -37.42854690551758
v -37.116310119628906 -5.769523620605469 -39.92812728881836
v -33.82249069213867 -9.58184814453125 -42.437767028808594
v 34.20318603515625 -11.861473083496094 26.153961181640625
v 22.81400489807129 -27.109725952148438 42.12706756591797
v 30.077756881713867 -33.64036560058594 32.250946044921875
v 25.943147659301758 -10.590354919433594 37.50248718261719
v -34.203468322753906 -11.861473083496094 26.153961181640625
v -22.814294815063477 -27.109725952148438 42.12706756591797
v -25.943437576293945 -10.590354919433594 37.50248718261719
v -30.078044891357422 -33.64036560058594 32.250946044921875
v -21.853166580200195 -46.07207489013672 26.79700469970703
v -24.510011672973633 -46.60609436035156 29.979759216308594
v -24.5100154876709 -47.24363708496094 27.1002197265625
v -21.853164672851562 -44.704795837402344 32.972557067871094
v 21.85289192199707 -46.07207489013672 26.79700469970703
v 24.509733200073242 -46.60609436035156 29.979751586914062
v 21.852888107299805 -44.704795837402344 32.972557067871094
v 24.509737014770508 -47.243621826171875 27.1002197265625
v -4.839948654174805 62.78758239746094 -12.326705932617188
v -7.1535186767578125 64.86712646484375 -15.514633178710938
v -7.1535186767578125 64.86712646484375 -12.326705932617188
v -4.839948654174805 62.78758239746094 -15.514633178710938
v -4.839948654174805 62.78758239746094 -5.208465576171875
v -7.153514385223389 64.86711883544922 7.125007629394531
v -4.839946269989014 62.787574768066406 7.125007629394531
v -4.839948654174805 62.78758239746094 -5.208465576171875
v -7.1535186767578125 64.86712646484375 -5.208465576171875
v -7.153514385223389 64.86711883544922 7.125007629394531
v -4.9066267013549805 62.81460952758789 -29.825973510742188
v -7.247884273529053 64.92948913574219 -15.668128967285156
v -4.906627655029297 62.81460952758789 -15.668128967285156
v -7.247884273529053 64.92948913574219 -29.825973510742188
v -4.671720504760742 62.74188995361328 -12.123687744140625
v -7.144676685333252 65.0788345336914 -5.474998474121094
v -4.671720504760742 62.74188995361328 -5.474998474121094
v -7.144676685333252 65.0788345336914 -12.123687744140625
v 24.965980529785156 7.696098327636719 -29.471920013427734
v 24.965980529785156 -1.159088134765625 -26.349639892578125
v 24.394311904907227 -1.9410400390625 -26.784149169921875
v -24.394311904907227 -1.9410400390625 -26.784149169921875
v -24.96597671508789 -1.159088134765625 -26.349639892578125
v -24.96597671508789 7.696098327636719 -29.471920013427734
v 30.736507415771484 -35.647064208984375 23.989578247070312
v 38.25010681152344 -22.586380004882812 -20.395545959472656
v 34.952293395996094 -13.391197204589844 17.758895874023438
v 30.736507415771484 -35.647064208984375 23.989578247070312
v 33.63657760620117 -46.95257568359375 -13.624786376953125
v 38.25010681152344 -22.586380004882812 -20.395545959472656
v -38.25010681152344 -22.586380004882812 -20.395545959472656
v -30.736799240112305 -35.647064208984375 23.989578247070312
v -34.952579498291016 -13.391197204589844 17.758895874023438
v -38.25010681152344 -22.586380004882812 -20.395545959472656
v -33.63656997680664 -46.95257568359375 -13.624786376953125
v -30.736799240112305 -35.647064208984375 23.989578247070312
v 38.25010681152344 -22.586380004882812 -20.395545959472656
v 24.394311904907227 -1.9410400390625 -26.784149169921875
v 24.965980529785156 -1.159088134765625 -26.349639892578125
v 37.3742561340332 -22.877685546875 -20.966381072998047
v -38.25010681152344 -22.586380004882812 -20.395545959472656
v -24.394311904907227 -1.9410400390625 -26.784149169921875
v -37.3742561340332 -22.877685546875 -20.966381072998047
v -24.96597671508789 -1.159088134765625 -26.349639892578125
v 32.13304138183594 -42.47235870361328 27.561416625976562
v 23.697044372558594 -47.28363037109375 29.988677978515625
v 25.210227966308594 -48.94618225097656 29.23693084716797
v 30.619853973388672 -40.80979919433594 28.313156127929688
v -32.133323669433594 -42.472381591796875 27.561416625976562
v -23.697317123413086 -47.28363037109375 29.988677978515625
v -30.62013816833496 -40.809814453125 28.31316375732422
v -25.210498809814453 -48.94621276855469 29.23693084716797
v 33.91626739501953 -40.90843200683594 33.41050720214844
v 20.997913360595703 -27.79314422607422 43.112091064453125
v 30.160673141479492 -38.538291931152344 36.52215576171875
v 30.077756881713867 -33.64036560058594 32.250946044921875
v 34.20318603515625 -13.838577270507812 17.898193359375
v 34.20318603515625 -11.861473083496094 26.153961181640625
v 30.077756881713867 -35.61749267578125 23.99517822265625
v -34.203468322753906 -13.838577270507812 17.898193359375
v -30.078044891357422 -33.64036560058594 32.250946044921875
v -34.203468322753906 -11.861473083496094 26.153961181640625
v -30.078044891357422 -35.61749267578125 23.99517822265625
v 13.675597190856934 -45.09654235839844 34.49446105957031
v 13.845924377441406 -34.48126983642578 44.84309387207031
v 9.470556259155273 -32.290626525878906 42.52422332763672
v -13.675873756408691 -45.09654235839844 34.49446105957031
v -10.651594161987305 -32.290626525878906 42.52422332763672
v -15.026961326599121 -34.48127746582031 44.84309387207031
v -29.417064666748047 -4.798820495605469 24.064804077148438
v -21.569786071777344 -1.5930023193359375 35.94023132324219
v -29.66666603088379 0.9387435913085938 26.34417724609375
v -29.417064666748047 -4.798820495605469 24.064804077148438
v -19.571054458618164 -7.100120544433594 36.004539489746094
v -21.569786071777344 -1.5930023193359375 35.94023132324219
v 29.41678810119629 -4.798828125 24.064804077148438
v 33.91626739501953 5.733314514160156 21.33892822265625
v 20.997901916503906 -0.792938232421875 36.12403106689453
v -33.91653823852539 5.7333221435546875 21.338912963867188
v -29.417064666748047 -4.798820495605469 24.064804077148438
v -29.66666603088379 0.9387435913085938 26.34417724609375
v -24.938508987426758 -50.96893310546875 28.06438446044922
v -16.963571548461914 -59.52705383300781 -26.014869689941406
v -15.501228332519531 -45.0543212890625 26.533592224121094
v -24.938508987426758 -50.96893310546875 28.06438446044922
v -27.29123306274414 -65.99966430664062 -24.339664459228516
v -16.963571548461914 -59.52705383300781 -26.014869689941406
v 16.96358299255371 -59.52705383300781 -26.014873504638672
v 24.9382381439209 -50.96893310546875 28.06438446044922
v 15.500953674316406 -45.0543212890625 26.533592224121094
v 16.96358299255371 -59.52705383300781 -26.014873504638672
v 27.291248321533203 -65.99964904785156 -24.339664459228516
v 24.9382381439209 -50.96893310546875 28.06438446044922
v -26.323787689208984 -16.594200134277344 -40.62286376953125
v -23.465898513793945 -18.534591674804688 -36.62434387207031
v -30.194753646850586 -15.427337646484375 -37.42854690551758
v 30.194766998291016 -15.427352905273438 -37.42854690551758
v 23.465906143188477 -18.53459930419922 -36.62434005737305
v 26.323795318603516 -16.594207763671875 -40.62286376953125
v 9.305193901062012 40.62931442260742 -29.146015167236328
v 10.665643692016602 40.62931442260742 -22.40204620361328
v 10.665643692016602 40.62931442260742 -28.689701080322266
v 9.305193901062012 40.62931442260742 -21.94573211669922
v 6.7189154624938965 40.62931442260742 -20.371261596679688
v 9.305193901062012 40.62931442260742 -20.371261596679688
v 6.7189154624938965 40.62931442260742 -30.720481872558594
v 9.305193901062012 40.62931442260742 -30.720481872558594
v -30.160940170288086 4.92327880859375 25.273651123046875
v -33.91653823852539 5.7333221435546875 21.338912963867188
v -29.66666603088379 0.9387435913085938 26.34417724609375
v 33.91626739501953 5.733314514160156 21.33892822265625
v 30.16066551208496 4.9232635498046875 25.273651123046875
v 20.997901916503906 -0.792938232421875 36.12403106689453
v 29.41678810119629 -4.798828125 24.064804077148438
v 20.997901916503906 -0.792938232421875 36.12403106689453
v 18.263029098510742 -5.251365661621094 35.52606201171875
v -7.153512477874756 41.281280517578125 7.1250152587890625
v -8.594579696655273 40.00128936767578 -0.744354248046875
v -8.861088752746582 40.14423370361328 6.9576568603515625
v 9.305193901062012 40.62931442260742 -29.146015167236328
v 10.665643692016602 40.62931442260742 -28.689701080322266
v 10.665643692016602 37.673805236816406 -28.689701080322266
v 9.305193901062012 35.718284606933594 -29.146015167236328
v 6.971608638763428 41.281280517578125 7.1250152587890625
v 8.679184913635254 40.14423370361328 6.9576568603515625
v 8.412675857543945 40.00128936767578 -0.744354248046875
v -4.9066267013549805 62.81460952758789 -29.825973510742188
v -9.548822402954102 62.777549743652344 -29.825973510742188
v -7.247884273529053 64.92948913574219 -29.825973510742188
v 9.305192947387695 62.78758239746094 -37.700782775878906
v 7.572983264923096 66.36001586914062 -15.643844604492188
v 9.305192947387695 62.78758239746094 -12.176467895507812
v 7.572983264923096 66.36001586914062 -37.70078659057617
v -7.711860656738281 49.98455810546875 -29.46676254272461
v -9.548822402954102 62.777549743652344 -29.825973510742188
v -4.9066267013549805 62.81460952758789 -29.825973510742188
v 29.41678810119629 -4.798828125 24.064804077148438
v 33.91626739501953 4.1189117431640625 14.047271728515625
v 33.91626739501953 5.733314514160156 21.33892822265625
v -7.711860656738281 49.98455810546875 -29.46676254272461
v -9.548822402954102 49.98455810546875 -29.46676254272461
v -9.548822402954102 62.777549743652344 -29.825973510742188
v 29.41678810119629 -4.798828125 24.064804077148438
v 29.416791915893555 -6.413238525390625 16.773147583007812
v 33.91626739501953 4.1189117431640625 14.047271728515625
v -33.91653823852539 5.7333221435546875 21.338912963867188
v -29.417064666748047 -6.4132232666015625 16.773147583007812
v -29.417064666748047 -4.798820495605469 24.064804077148438
v -33.91653823852539 4.118934631347656 14.047256469726562
v -5.745201587677002 13.245857238769531 -45.14554977416992
v -10.452138900756836 10.722358703613281 -41.48277282714844
v -9.487092971801758 14.797271728515625 -37.590850830078125
v 10.268948554992676 10.722358703613281 -41.48277282714844
v 5.596534729003906 13.245857238769531 -45.14554977416992
v 9.305187225341797 14.797271728515625 -37.590850830078125
v -4.839948654174805 62.78758239746094 -29.95120620727539
v -7.1535186767578125 65.95901489257812 -37.164878845214844
v -7.1535186767578125 65.95901489257812 -30.096332550048828
v -4.839948654174805 62.78758239746094 -29.95120620727539
v -4.839948654174805 62.78758239746094 -37.70077896118164
v -7.1535186767578125 65.95901489257812 -37.164878845214844
v 9.305193901062012 38.09602355957031 -24.23284149169922
v 10.665643692016602 39.251556396484375 -23.725357055664062
v 10.665643692016602 37.673545837402344 -23.725357055664062
v 9.305193901062012 36.140499114990234 -24.23284149169922
v -16.498689651489258 -7.4063568115234375 -43.00082015991211
v -23.465898513793945 -18.534591674804688 -36.62434387207031
v -26.323787689208984 -16.594200134277344 -40.62286376953125
v -16.498689651489258 -7.4063568115234375 -43.00082015991211
v -13.64079761505127 -9.34674072265625 -39.00230407714844
v -23.465898513793945 -18.534591674804688 -36.62434387207031
v 26.323795318603516 -16.594207763671875 -40.62286376953125
v 13.6408109664917 -9.34674072265625 -39.00229263305664
v 16.49870491027832 -7.4063568115234375 -43.00082015991211
v 23.465906143188477 -18.53459930419922 -36.62434005737305
v 30.194766998291016 -15.427352905273438 -37.42854690551758
v 33.916263580322266 4.068565368652344 13.819854736328125
v 27.591432571411133 -4.756614685058594 16.10394287109375
v 30.194766998291016 -15.427352905273438 -37.42854690551758
v 37.116329193115234 -5.76953125 -39.92812728881836
v 33.916263580322266 4.068565368652344 13.819854736328125
v -33.91653823852539 4.068572998046875 13.819854736328125
v -30.194753646850586 -15.427337646484375 -37.42854690551758
v -27.59170913696289 -4.756599426269531 16.10394287109375
v -33.91653823852539 4.068572998046875 13.819854736328125
v -37.116310119628906 -5.769523620605469 -39.92812728881836
v -30.194753646850586 -15.427337646484375 -37.42854690551758
v 7.572983264923096 66.36001586914062 -15.643844604492188
v 6.934020519256592 62.78758239746094 -12.176467895507812
v 9.305192947387695 62.78758239746094 -12.176467895507812
v -19.571054458618164 -7.100120544433594 36.004539489746094
v -18.196741104125977 -6.158966064453125 35.760955810546875
v -21.569786071777344 -1.5930023193359375 35.94023132324219
v -27.742347717285156 -0.9775161743164062 25.345474243164062
v -34.203468322753906 -11.861473083496094 26.153961181640625
v -26.16908073425293 -0.3034210205078125 26.966339111328125
v 28.67978858947754 1.1833343505859375 14.56658935546875
v 29.932586669921875 4.305412292480469 16.80309295654297
v 28.679784774780273 2.550628662109375 20.74212646484375
v 28.67978858947754 1.1833343505859375 14.56658935546875
v 29.932586669921875 3.6678619384765625 13.923561096191406
v 29.932586669921875 4.305412292480469 16.80309295654297
v 16.93313980102539 3.936492919921875 33.435699462890625
v 6.82028341293335 7.36279296875 32.47650146484375
v 4.40149450302124 3.4679336547851562 33.47161102294922
v -28.680057525634766 1.183349609375 14.56658935546875
v -29.932863235473633 4.305419921875 16.8031005859375
v -29.932863235473633 3.667877197265625 13.923561096191406
v -28.680057525634766 2.5506362915039062 20.74212646484375
v 9.009864807128906 -37.891929626464844 45.14555358886719
v -16.45392608642578 -3.421051025390625 35.43212127685547
v -9.010149955749512 -37.891929626464844 45.14555358886719
v 25.943147659301758 -10.590354919433594 37.50248718261719
v 16.93313980102539 3.936492919921875 33.435699462890625
v 4.40149450302124 3.4679336547851562 33.47161102294922
v -25.943437576293945 -10.590354919433594 37.50248718261719
v -26.16908073425293 -0.3034210205078125 26.966339111328125
v -34.203468322753906 -11.861473083496094 26.153961181640625
v -14.168312072753906 -0.022369384765625 34.46031188964844
v -16.45392608642578 -3.421051025390625 35.43212127685547
v 4.40149450302124 3.4679336547851562 33.47161102294922
v 0.7668045163154602 5.0347442626953125 33.03020477294922
v -14.168312072753906 -0.022369384765625 34.46031188964844
v 4.40149450302124 3.4679336547851562 33.47161102294922
v -16.45392608642578 -3.421051025390625 35.43212127685547
v -20.562498092651367 -1.9146652221679688 35.07372283935547
v -25.943437576293945 -10.590354919433594 37.50248718261719
v -22.814294815063477 -27.109725952148438 42.12706756591797
v -9.010149955749512 -37.891929626464844 45.14555358886719
v -16.45392608642578 -3.421051025390625 35.43212127685547
v 9.009864807128906 -37.891929626464844 45.14555358886719
v 22.81400489807129 -27.109725952148438 42.12706756591797
v 4.40149450302124 3.4679336547851562 33.47161102294922
v 22.81400489807129 -27.109725952148438 42.12706756591797
v 25.943147659301758 -10.590354919433594 37.50248718261719
v 4.40149450302124 3.4679336547851562 33.47161102294922
v 9.009864807128906 -37.891929626464844 45.14555358886719
v 4.40149450302124 3.4679336547851562 33.47161102294922
v -16.45392608642578 -3.421051025390625 35.43212127685547
v -25.943437576293945 -10.590354919433594 37.50248718261719
v -22.814294815063477 -27.109725952148438 42.12706756591797
v -16.45392608642578 -3.421051025390625 35.43212127685547
v -7.141929626464844 60.56120300292969 -5.208465576171875
v -3.231445550918579 55.303810119628906 -12.176467895507812
v -7.141929626464844 60.56120300292969 -12.326705932617188
v -7.141929626464844 60.56120300292969 -5.208465576171875
v -3.231445550918579 55.303810119628906 -5.208465576171875
v -3.231445550918579 55.303810119628906 -12.176467895507812
v 7.572983264923096 66.36001586914062 -15.643844604492188
v 5.928898334503174 65.59661102294922 -15.643844604492188
v 6.934020519256592 62.78758239746094 -12.176467895507812
v 7.911255359649658 13.643203735351562 29.837364196777344
v 15.314735412597656 9.343498229980469 30.95020294189453
v 15.970114707946777 11.549453735351562 30.37926483154297
v 7.911255359649658 13.643203735351562 29.837364196777344
v 6.719651699066162 11.576568603515625 30.372238159179688
v 15.314735412597656 9.343498229980469 30.95020294189453
v 0.9408624768257141 7.069793701171875 31.455467224121094
v 0.6635705232620239 13.07318115234375 29.901687622070312
v -2.885549545288086 8.063926696777344 31.198165893554688
v -3.0569214820861816 11.774215698242188 30.237884521484375
v 1.782252550125122 4.46484375 31.418296813964844
v 6.719651699066162 11.576568603515625 30.372238159179688
v 3.516888380050659 10.39324951171875 30.595291137695312
v 0.9408624768257141 7.069793701171875 31.455467224121094
v 3.516888380050659 10.39324951171875 30.595291137695312
v 0.6635705232620239 13.07318115234375 29.901687622070312
v 24.938220977783203 14.129051208496094 19.165985107421875
v 23.237844467163086 11.397079467773438 23.598129272460938
v 25.965829849243164 13.168106079101562 19.414688110351562
v 33.91626739501953 5.733314514160156 21.33892822265625
v 32.88865280151367 6.69427490234375 21.0902099609375
v 30.16066551208496 4.9232635498046875 25.273651123046875
v 1.782252550125122 4.46484375 31.418296813964844
v -2.885549545288086 8.063926696777344 31.198165893554688
v -5.05877161026001 6.2422027587890625 30.958297729492188
v 1.782252550125122 4.46484375 31.418296813964844
v 0.9408624768257141 7.069793701171875 31.455467224121094
v -2.885549545288086 8.063926696777344 31.198165893554688
v 23.237844467163086 11.397079467773438 23.598129272460938
v 20.997901916503906 -0.792938232421875 36.12403106689453
v 30.16066551208496 4.9232635498046875 25.273651123046875
v -30.160940170288086 4.92327880859375 25.273651123046875
v -32.8889274597168 6.6942901611328125 21.0902099609375
v -33.91653823852539 5.7333221435546875 21.338912963867188
v -24.938499450683594 14.129074096679688 19.165969848632812
v -25.966106414794922 13.168113708496094 19.414688110351562
v -23.23811912536621 11.397087097167969 23.598129272460938
v 23.237844467163086 11.397079467773438 23.598129272460938
v 13.845918655395508 5.8951873779296875 34.39305114746094
v 20.997901916503906 -0.792938232421875 36.12403106689453
v 1.782252550125122 4.46484375 31.418296813964844
v 3.516888380050659 10.39324951171875 30.595291137695312
v 0.9408624768257141 7.069793701171875 31.455467224121094
v -5.365158557891846 12.875640869140625 29.241455078125
v -2.885549545288086 8.063926696777344 31.198165893554688
v -3.0569214820861816 11.774215698242188 30.237884521484375
v -5.365158557891846 12.875640869140625 29.241455078125
v -5.05877161026001 6.2422027587890625 30.958297729492188
v -2.885549545288086 8.063926696777344 31.198165893554688
v 1.2865015268325806 15.197982788085938 28.640403747558594
v 3.516888380050659 10.39324951171875 30.595291137695312
v 6.719651699066162 11.576568603515625 30.372238159179688
v 25.943147659301758 -10.590354919433594 37.50248718261719
v 34.20318603515625 -11.861473083496094 26.153961181640625
v 22.324493408203125 7.7572479248046875 22.900169372558594
v -25.943437576293945 -10.590354919433594 37.50248718261719
v -20.562498092651367 -1.9146652221679688 35.07372283935547
v -26.16908073425293 -0.3034210205078125 26.966339111328125
v 15.970114707946777 11.549453735351562 30.37926483154297
v 16.74819564819336 8.387680053710938 28.411544799804688
v 17.40357208251953 10.593620300292969 27.840606689453125
v 15.314735412597656 9.343498229980469 30.95020294189453
v 1.2865015268325806 15.197982788085938 28.640403747558594
v 6.719651699066162 11.576568603515625 30.372238159179688
v 7.911255359649658 13.643203735351562 29.837364196777344
v 1.2865015268325806 15.197982788085938 28.640403747558594
v 0.6635705232620239 13.07318115234375 29.901687622070312
v 3.516888380050659 10.39324951171875 30.595291137695312
v 18.263029098510742 -5.251365661621094 35.52606201171875
v 13.845918655395508 5.8951873779296875 34.39305114746094
v 9.470549583435059 2.9708404541015625 33.39802551269531
v 20.997901916503906 -0.792938232421875 36.12403106689453
v 25.943147659301758 -10.590354919433594 37.50248718261719
v 22.324493408203125 7.7572479248046875 22.900169372558594
v 16.93313980102539 3.936492919921875 33.435699462890625
v 1.2865015268325806 15.197982788085938 28.640403747558594
v -3.0569214820861816 11.774215698242188 30.237884521484375
v 0.6635705232620239 13.07318115234375 29.901687622070312
v -5.365158557891846 12.875640869140625 29.241455078125
v -24.938499450683594 14.129074096679688 19.165969848632812
v -23.23811912536621 11.397087097167969 23.598129272460938
v -22.22567367553711 12.083572387695312 23.512855529785156
v -26.16908073425293 -0.3034210205078125 26.966339111328125
v -22.324779510498047 7.7572479248046875 22.900169372558594
v -27.742347717285156 -0.9775161743164062 25.345474243164062
v -16.498701095581055 -56.6392822265625 -30.25859832763672
v -13.64080810546875 -53.234619140625 -27.643451690673828
v -16.963571548461914 -59.52705383300781 -26.014869689941406
v -26.16908073425293 -0.3034210205078125 26.966339111328125
v -21.557939529418945 7.3296661376953125 24.905181884765625
v -22.324779510498047 7.7572479248046875 22.900169372558594
v 16.96358299255371 -59.52705383300781 -26.014873504638672
v 13.640819549560547 -53.234619140625 -27.643455505371094
v 16.49871253967285 -56.6392822265625 -30.258594512939453
v 24.965980529785156 -1.454071044921875 -27.571247100830078
v 24.965980529785156 4.313285827636719 -43.6011962890625
v 24.965980529785156 7.696098327636719 -29.471920013427734
v 24.965980529785156 -4.689399719238281 -41.08972930908203
v -24.96597671508789 -1.454071044921875 -27.571247100830078
v -24.96597671508789 4.313285827636719 -43.6011962890625
v -24.96597671508789 -4.689399719238281 -41.08972930908203
v -24.96597671508789 7.696098327636719 -29.471920013427734
v 9.305193901062012 45.053955078125 -20.371261596679688
v 6.7189154624938965 40.62931442260742 -20.371261596679688
v 6.7189154624938965 45.053955078125 -20.371261596679688
v 9.305193901062012 40.62931442260742 -20.371261596679688
v -14.168312072753906 -0.022369384765625 34.46031188964844
v -22.90267562866211 -0.6356887817382812 27.04473876953125
v -16.45392608642578 -3.421051025390625 35.43212127685547
v -14.168312072753906 -0.022369384765625 34.46031188964844
v -19.04759979248047 4.5030059814453125 25.63677978515625
v -22.90267562866211 -0.6356887817382812 27.04473876953125
v 15.678342819213867 15.012397766113281 23.799911499023438
v 15.62181282043457 11.056533813476562 27.720794677734375
v 17.40357208251953 10.593620300292969 27.840606689453125
v 11.560220718383789 17.346084594726562 22.28765869140625
v 7.911255359649658 13.059791564941406 27.20232391357422
v 12.161337852478027 15.926132202148438 23.56341552734375
v 7.911255359649658 13.059791564941406 27.20232391357422
v 9.693020820617676 12.596893310546875 27.322128295898438
v 12.161337852478027 15.926132202148438 23.56341552734375
v 11.560220718383789 17.346084594726562 22.28765869140625
v 15.678342819213867 15.012397766113281 23.799911499023438
v 17.081499099731445 15.911628723144531 22.658920288085938
v 12.161337852478027 15.926132202148438 23.56341552734375
v 24.965980529785156 -1.159088134765625 -26.349639892578125
v 22.81343650817871 14.406791687011719 9.984771728515625
v 22.81343650817871 6.180267333984375 12.279731750488281
v 15.678342819213867 15.012397766113281 23.799911499023438
v 17.40357208251953 10.593620300292969 27.840606689453125
v 17.081499099731445 15.911628723144531 22.658920288085938
v 24.965980529785156 -1.159088134765625 -26.349639892578125
v 24.965980529785156 7.696098327636719 -29.471920013427734
v 22.81343650817871 14.406791687011719 9.984771728515625
v -24.96597671508789 -1.159088134765625 -26.349639892578125
v -22.813724517822266 14.406791687011719 9.984771728515625
v -24.96597671508789 7.696098327636719 -29.471920013427734
v -24.96597671508789 -1.159088134765625 -26.349639892578125
v -22.813724517822266 6.180267333984375 12.279731750488281
v -22.813724517822266 14.406791687011719 9.984771728515625
v 15.312712669372559 11.049247741699219 27.30438232421875
v 12.211776733398438 15.477500915527344 23.261245727539062
v 10.002118110656738 12.428985595703125 26.947296142578125
v 15.435978889465332 14.63983154296875 23.478042602539062
v 12.161337852478027 15.926132202148438 23.56341552734375
v 9.693020820617676 12.596893310546875 27.322128295898438
v 10.002118110656738 12.428985595703125 26.947296142578125
v 33.916263580322266 4.068565368652344 13.819854736328125
v 27.291231155395508 3.4183120727539062 -42.30609130859375
v 24.938220977783203 12.464309692382812 11.64691162109375
v 33.916263580322266 4.068565368652344 13.819854736328125
v 37.116329193115234 -5.76953125 -39.92812728881836
v 27.291231155395508 3.4183120727539062 -42.30609130859375
v 38.25010681152344 -22.88135528564453 -21.617149353027344
v 24.965980529785156 -4.689399719238281 -41.08972930908203
v 24.965980529785156 -1.454071044921875 -27.571247100830078
v -27.291217803955078 3.4183197021484375 -42.30609130859375
v -33.91653823852539 4.068572998046875 13.819854736328125
v -24.938499450683594 12.464324951171875 11.64691162109375
v 38.25010681152344 -22.88135528564453 -21.617149353027344
v 38.25010681152344 -26.107383728027344 -35.09361267089844
v 24.965980529785156 -4.689399719238281 -41.08972930908203
v -27.291217803955078 3.4183197021484375 -42.30609130859375
v -37.116310119628906 -5.769523620605469 -39.92812728881836
v -33.91653823852539 4.068572998046875 13.819854736328125
v -38.25010681152344 -22.88135528564453 -21.617149353027344
v -24.96597671508789 -4.689399719238281 -41.08972930908203
v -38.25010681152344 -26.107383728027344 -35.09361267089844
v -38.25010681152344 -22.88135528564453 -21.617149353027344
v -24.96597671508789 -1.454071044921875 -27.571247100830078
v -24.96597671508789 -4.689399719238281 -41.08972930908203
v 32.88865280151367 5.8864593505859375 17.441551208496094
v 24.938220977783203 12.514656066894531 11.874320983886719
v 25.965829849243164 12.360267639160156 15.766036987304688
v 33.91626739501953 5.733314514160156 21.33892822265625
v 32.88865280151367 5.8864593505859375 17.441551208496094
v 32.88865280151367 6.69427490234375 21.0902099609375
v 33.91626739501953 4.1189117431640625 14.047271728515625
v 24.938220977783203 14.129051208496094 19.165985107421875
v 25.965829849243164 12.360267639160156 15.766036987304688
v 24.938220977783203 12.514656066894531 11.874320983886719
v 25.965829849243164 13.168106079101562 19.414688110351562
v 32.88865280151367 5.8864593505859375 17.441551208496094
v 33.91626739501953 4.1189117431640625 14.047271728515625
v 24.938220977783203 12.514656066894531 11.874320983886719
v -24.938499450683594 14.129074096679688 19.165969848632812
v -25.966106414794922 12.360275268554688 15.766029357910156
v -25.966106414794922 13.168113708496094 19.414688110351562
v -24.938499450683594 12.514663696289062 11.874313354492188
v -33.91653823852539 5.7333221435546875 21.338912963867188
v -32.8889274597168 5.8864593505859375 17.441551208496094
v -33.91653823852539 4.118934631347656 14.047256469726562
v -33.91653823852539 5.7333221435546875 21.338912963867188
v -32.8889274597168 6.6942901611328125 21.0902099609375
v -32.8889274597168 5.8864593505859375 17.441551208496094
v -25.966106414794922 12.360275268554688 15.766029357910156
v -33.91653823852539 4.118934631347656 14.047256469726562
v -32.8889274597168 5.8864593505859375 17.441551208496094
v -25.966106414794922 12.360275268554688 15.766029357910156
v -24.938499450683594 12.514663696289062 11.874313354492188
v -33.91653823852539 4.118934631347656 14.047256469726562
v 32.74910354614258 6.529884338378906 20.542579650878906
v 25.922199249267578 12.2501220703125 15.891738891601562
v 25.922199249267578 12.914009094238281 18.89026641845703
v 32.74910354614258 5.865997314453125 17.544052124023438
v -32.7493782043457 6.5299072265625 20.542579650878906
v -25.922475814819336 12.250137329101562 15.891738891601562
v -32.7493782043457 5.8660125732421875 17.544044494628906
v -32.7493782043457 6.5299072265625 20.542579650878906
v -25.922475814819336 12.914031982421875 18.89026641845703
v -25.922475814819336 12.250137329101562 15.891738891601562
v -22.22567367553711 12.083572387695312 23.512855529785156
v -23.23811912536621 11.397087097167969 23.598129272460938
v -14.167923927307129 7.0931549072265625 24.825302124023438
v -24.510011672973633 -46.60609436035156 29.979759216308594
v -21.853164672851562 -44.704795837402344 32.972557067871094
v -25.922487258911133 -48.33628845214844 34.74278259277344
v -24.246496200561523 -0.779327392578125 26.74956512451172
v -14.167923927307129 7.0931549072265625 24.825302124023438
v -23.23811912536621 11.397087097167969 23.598129272460938
v 25.92221450805664 -48.33628845214844 34.74278259277344
v 21.852888107299805 -44.704795837402344 32.972557067871094
v 24.509733200073242 -46.60609436035156 29.979751586914062
v -21.557939529418945 7.3296661376953125 24.905181884765625
v -26.16908073425293 -0.3034210205078125 26.966339111328125
v -22.90267562866211 -0.6356887817382812 27.04473876953125
v 24.938220977783203 14.129051208496094 19.165985107421875
v 13.845918655395508 5.8951873779296875 34.39305114746094
v 23.237844467163086 11.397079467773438 23.598129272460938
v -21.557939529418945 7.3296661376953125 24.905181884765625
v -0.03367450088262558 10.94122314453125 23.81610107421875
v -0.00014250259846448898 14.633590698242188 22.860458374023438
v -0.00014250259846448898 14.633590698242188 22.860458374023438
v 5.753103733062744 8.960739135742188 24.319564819335938
v 8.791333198547363 11.5413818359375 23.650390625
v -21.557939529418945 7.3296661376953125 24.905181884765625
v -19.04759979248047 4.5030059814453125 25.63677978515625
v -0.03367450088262558 10.94122314453125 23.81610107421875
v -0.00014250259846448898 14.633590698242188 22.860458374023438
v -0.03367450088262558 10.94122314453125 23.81610107421875
v 5.753103733062744 8.960739135742188 24.319564819335938
v -21.557939529418945 7.3296661376953125 24.905181884765625
v -22.90267562866211 -0.6356887817382812 27.04473876953125
v -19.04759979248047 4.5030059814453125 25.63677978515625
v -24.246496200561523 -0.779327392578125 26.74956512451172
v -23.23811912536621 11.397087097167969 23.598129272460938
v -30.160940170288086 4.92327880859375 25.273651123046875
v -24.246496200561523 -0.779327392578125 26.74956512451172
v -30.160940170288086 4.92327880859375 25.273651123046875
v -29.66666603088379 0.9387435913085938 26.34417724609375
v 9.305187225341797 14.797271728515625 -37.590850830078125
v 5.596534729003906 13.245857238769531 -45.14554977416992
v 5.06770133972168 14.74725341796875 -38.888954162597656
v -5.745201587677002 13.245857238769531 -45.14554977416992
v -9.487092971801758 14.797271728515625 -37.590850830078125
v -5.218296527862549 14.74725341796875 -38.888954162597656
v 5.06770133972168 14.74725341796875 -38.888954162597656
v -5.745201587677002 13.245857238769531 -45.14554977416992
v -5.218296527862549 14.74725341796875 -38.888954162597656
v 5.06770133972168 14.74725341796875 -38.888954162597656
v 5.596534729003906 13.245857238769531 -45.14554977416992
v -5.745201587677002 13.245857238769531 -45.14554977416992
v 34.952293395996094 -13.391197204589844 17.758895874023438
v 24.965980529785156 -1.159088134765625 -26.349639892578125
v 22.81343650817871 6.180267333984375 12.279731750488281
v 34.952293395996094 -13.391197204589844 17.758895874023438
v 38.25010681152344 -22.586380004882812 -20.395545959472656
v 24.965980529785156 -1.159088134765625 -26.349639892578125
v -24.96597671508789 -1.159088134765625 -26.349639892578125
v -34.952579498291016 -13.391197204589844 17.758895874023438
v -22.813724517822266 6.180267333984375 12.279731750488281
v -24.96597671508789 -1.159088134765625 -26.349639892578125
v -38.25010681152344 -22.586380004882812 -20.395545959472656
v -34.952579498291016 -13.391197204589844 17.758895874023438
v 32.74910354614258 6.529884338378906 20.542579650878906
v 28.679784774780273 2.550628662109375 20.74212646484375
v 29.932586669921875 4.305412292480469 16.80309295654297
v -29.932863235473633 4.305419921875 16.8031005859375
v -28.680057525634766 2.5506362915039062 20.74212646484375
v -32.7493782043457 6.5299072265625 20.542579650878906
v 25.2102108001709 11.151885986328125 13.682647705078125
v 30.61985206604004 3.5105667114257812 16.842376708984375
v 32.13303756713867 4.6780853271484375 15.358154296875
v 23.69702911376953 9.984382629394531 15.166854858398438
v -32.133304595947266 4.6780853271484375 15.358154296875
v -23.697307586669922 9.984390258789062 15.166847229003906
v -25.210493087768555 11.15191650390625 13.682640075683594
v -30.62012481689453 3.5105743408203125 16.842369079589844
v 29.416791915893555 -30.37628936767578 30.684616088867188
v 20.997913360595703 -27.79314422607422 43.112091064453125
v 33.91626739501953 -40.90843200683594 33.41050720214844
v -4.839948654174805 62.78758239746094 -37.70077896118164
v -3.1683974266052246 56.92182922363281 -35.05296325683594
v -5.218297481536865 56.92182922363281 -37.69293212890625
v 24.50972557067871 9.376541137695312 15.490608215332031
v 29.932586669921875 3.6678619384765625 13.923561096191406
v 24.509727478027344 8.739006042480469 12.611068725585938
v 24.50972557067871 9.376541137695312 15.490608215332031
v 29.932586669921875 4.305412292480469 16.80309295654297
v 29.932586669921875 3.6678619384765625 13.923561096191406
v -29.932863235473633 3.667877197265625 13.923561096191406
v -24.509998321533203 9.376548767089844 15.4906005859375
v -24.510000228881836 8.739013671875 12.611068725585938
v -29.932863235473633 3.667877197265625 13.923561096191406
v -29.932863235473633 4.305419921875 16.8031005859375
v -24.509998321533203 9.376548767089844 15.4906005859375
v 22.324493408203125 5.313446044921875 12.536575317382812
v 34.20318603515625 -11.861473083496094 26.153961181640625
v 34.20318603515625 -13.838577270507812 17.898193359375
v 22.324493408203125 5.313446044921875 12.536575317382812
v 22.324493408203125 7.7572479248046875 22.900169372558594
v 34.20318603515625 -11.861473083496094 26.153961181640625
v -6.19744873046875 21.140518188476562 -7.000099182128906
v -9.487098693847656 17.35204315185547 -25.400535583496094
v -9.487098693847656 21.140518188476562 -7.000099182128906
v -6.19744873046875 17.35204315185547 -25.400535583496094
v -34.203468322753906 -13.838577270507812 17.898193359375
v -27.742347717285156 -0.9775161743164062 25.345474243164062
v -22.324779510498047 7.7572479248046875 22.900169372558594
v -22.324779510498047 5.313446044921875 12.536575317382812
v -34.203468322753906 -13.838577270507812 17.898193359375
v -34.203468322753906 -11.861473083496094 26.153961181640625
v -27.742347717285156 -0.9775161743164062 25.345474243164062
v -29.417076110839844 -30.376312255859375 30.68463134765625
v -33.91655349731445 -40.90845489501953 33.41051483154297
v -22.178951263427734 -27.79315948486328 43.112091064453125
v -4.839948654174805 62.78758239746094 -37.70077896118164
v -3.231445550918579 62.78758239746094 -35.04758071899414
v -3.1683974266052246 56.92182922363281 -35.05296325683594
v -23.997390747070312 -0.3939971923828125 -44.81571578979492
v -16.96355628967285 -3.0543060302734375 -40.63087463378906
v -16.498689651489258 -7.4063568115234375 -43.00082015991211
v 33.82251739501953 -54.46376037597656 -30.821651458740234
v 26.32380485534668 -47.45143127441406 -32.63656234741211
v 30.19477653503418 -47.15397644042969 -29.217208862304688
v 23.997413635253906 -0.394012451171875 -44.81571578979492
v 16.49870491027832 -7.4063568115234375 -43.00082015991211
v 16.96357536315918 -3.0543136596679688 -40.63088607788086
v -33.82250213623047 -54.463775634765625 -30.82164764404297
v -30.194765090942383 -47.15400695800781 -29.21719741821289
v -26.32379722595215 -47.45143127441406 -32.636558532714844
v 17.40357208251953 9.582000732421875 23.271453857421875
v 17.081499099731445 15.911628723144531 22.658920288085938
v 17.40357208251953 10.593620300292969 27.840606689453125
v 17.081499099731445 15.323211669921875 20.001258850097656
v -7.1535186767578125 64.86712646484375 -15.514633178710938
v -4.839948654174805 62.78758239746094 -15.514633178710938
v -7.141929626464844 60.56120300292969 -15.329643249511719
v -10.452136039733887 19.34073257446289 5.9140167236328125
v -7.153510570526123 23.69989776611328 7.1250152587890625
v -9.487086296081543 19.586097717285156 -5.271018981933594
v 16.93313980102539 3.936492919921875 33.435699462890625
v 8.791333198547363 11.5413818359375 23.650390625
v 6.82028341293335 7.36279296875 32.47650146484375
v 9.305181503295898 19.586097717285156 -5.271018981933594
v 6.97160530090332 23.69989776611328 7.1250152587890625
v 10.268945693969727 19.34073257446289 5.9140167236328125
v 16.93313980102539 3.936492919921875 33.435699462890625
v 22.324493408203125 7.7572479248046875 22.900169372558594
v 8.791333198547363 11.5413818359375 23.650390625
v 12.161337852478027 15.926132202148438 23.56341552734375
v 10.002118110656738 12.428985595703125 26.947296142578125
v 12.211776733398438 15.477500915527344 23.261245727539062
v -7.1535186767578125 64.86712646484375 -15.514633178710938
v -7.141929626464844 60.56120300292969 -15.329643249511719
v -9.487098693847656 62.78758239746094 -15.514633178710938
v 17.40357208251953 9.582000732421875 23.271453857421875
v 16.74819564819336 8.387680053710938 28.411544799804688
v 16.74819564819336 7.376045227050781 23.842391967773438
v 17.40357208251953 10.593620300292969 27.840606689453125
v 24.965980529785156 7.696098327636719 -29.471920013427734
v 0.0000014971010386943817 9.826698303222656 -45.14472198486328
v 0.0000014971010386943817 13.211898803710938 -31.00463104248047
v 0.0000014971010386943817 9.826698303222656 -45.14472198486328
v -24.96597671508789 7.696098327636719 -29.471920013427734
v 0.0000014971010386943817 13.211898803710938 -31.00463104248047
v 24.965980529785156 7.696098327636719 -29.471920013427734
v 24.965980529785156 4.313285827636719 -43.6011962890625
v 0.0000014971010386943817 9.826698303222656 -45.14472198486328
v 0.0000014971010386943817 9.826698303222656 -45.14472198486328
v -24.96597671508789 4.313285827636719 -43.6011962890625
v -24.96597671508789 7.696098327636719 -29.471920013427734
v -7.144676685333252 65.0788345336914 -12.123687744140625
v -5.296411514282227 62.736671447753906 -12.123687744140625
v -7.1392502784729 64.4781494140625 -12.123687744140625
v -8.950352668762207 62.706153869628906 -12.123687744140625
v -4.671720504760742 62.74188995361328 -12.123687744140625
v -9.575042724609375 62.70093536376953 -12.123687744140625
v -7.107512474060059 60.96466827392578 -12.123687744140625
v -7.102087497711182 60.363990783691406 -12.123687744140625
v 28.68857765197754 1.1522140502929688 14.815093994140625
v 21.765756607055664 8.929580688476562 19.027236938476562
v 28.68857765197754 2.4557647705078125 20.7027587890625
v 21.765756607055664 7.62603759765625 13.139572143554688
v -0.03367450088262558 10.94122314453125 23.81610107421875
v -14.168312072753906 -0.022369384765625 34.46031188964844
v 0.7668045163154602 5.0347442626953125 33.03020477294922
v -19.04759979248047 4.5030059814453125 25.63677978515625
v -21.766029357910156 7.626045227050781 13.139564514160156
v -28.688854217529297 2.455780029296875 20.7027587890625
v -21.766029357910156 8.929588317871094 19.02722930908203
v -28.688854217529297 1.1522216796875 14.815086364746094
v 0.7668045163154602 5.0347442626953125 33.03020477294922
v 4.40149450302124 3.4679336547851562 33.47161102294922
v 5.753103733062744 8.960739135742188 24.319564819335938
v 25.996402740478516 10.50335693359375 13.940902709960938
v 32.74910354614258 5.865997314453125 17.544052124023438
v 31.41927146911621 5.4322052001953125 15.253395080566406
v 25.922199249267578 12.2501220703125 15.891738891601562
v -10.452136039733887 19.34073257446289 5.9140167236328125
v -9.487086296081543 19.586097717285156 -5.271018981933594
v -10.452136039733887 17.780540466308594 -4.261100769042969
v 10.268945693969727 19.34073257446289 5.9140167236328125
v 10.268945693969727 17.780540466308594 -4.261100769042969
v 9.305181503295898 19.586097717285156 -5.271018981933594
v -31.419544219970703 5.432220458984375 15.253387451171875
v -25.922475814819336 12.250137329101562 15.891738891601562
v -25.996679306030273 10.503372192382812 13.940902709960938
v -32.7493782043457 5.8660125732421875 17.544044494628906
v 9.305187225341797 14.797271728515625 -37.590850830078125
v 9.305181503295898 19.586097717285156 -5.271018981933594
v 10.268945693969727 17.780540466308594 -4.261100769042969
v 8.791333198547363 11.5413818359375 23.650390625
v 22.324493408203125 7.7572479248046875 22.900169372558594
v -0.00014250259846448898 15.320968627929688 20.78271484375
v 32.74910354614258 6.529884338378906 20.542579650878906
v 29.932586669921875 4.305412292480469 16.80309295654297
v 32.74910354614258 5.865997314453125 17.544052124023438
v -29.932863235473633 4.305419921875 16.8031005859375
v -32.7493782043457 6.5299072265625 20.542579650878906
v -32.7493782043457 5.8660125732421875 17.544044494628906
v 0.7668045163154602 5.0347442626953125 33.03020477294922
v 5.753103733062744 8.960739135742188 24.319564819335938
v -0.03367450088262558 10.94122314453125 23.81610107421875
v 8.791333198547363 11.5413818359375 23.650390625
v -0.00014250259846448898 15.320968627929688 20.78271484375
v -0.00014250259846448898 14.633590698242188 22.860458374023438
v -0.00014250259846448898 15.320968627929688 20.78271484375
v -21.557939529418945 7.3296661376953125 24.905181884765625
v -0.00014250259846448898 14.633590698242188 22.860458374023438
v -22.324779510498047 7.7572479248046875 22.900169372558594
v -9.487092971801758 14.797271728515625 -37.590850830078125
v -10.452138900756836 10.722358703613281 -41.48277282714844
v -9.487098693847656 17.35204315185547 -25.400535583496094
v -30.62013816833496 -40.809814453125 28.31316375732422
v -32.88894271850586 -41.869407653808594 33.659217834472656
v -32.88894271850586 -42.67723846435547 30.01056671142578
v -10.452136039733887 19.34073257446289 5.9140167236328125
v -8.747852325439453 19.842479705810547 7.728485107421875
v -7.153510570526123 23.69989776611328 7.1250152587890625
v 23.69702911376953 9.984382629394531 15.166854858398438
v 25.965829849243164 13.168106079101562 19.414688110351562
v 21.765756607055664 8.929580688476562 19.027236938476562
v 25.965829849243164 12.360267639160156 15.766036987304688
v 25.2102108001709 11.151885986328125 13.682647705078125
v -32.88894271850586 -42.67723846435547 30.01056671142578
v -32.133323669433594 -42.472381591796875 27.561416625976562
v -30.62013816833496 -40.809814453125 28.31316375732422
v -30.62013816833496 -41.362152099609375 25.818450927734375
v -28.688865661621094 -39.55615234375 25.35102081298828
v -28.688865661621094 -38.25260925292969 31.23870849609375
v -32.88894271850586 -41.869407653808594 33.659217834472656
v -30.160953521728516 -38.53831481933594 36.52215576171875
v 21.765756607055664 7.62603759765625 13.139572143554688
v 23.69702911376953 9.984382629394531 15.166854858398438
v 21.765756607055664 8.929580688476562 19.027236938476562
v 23.69702911376953 9.432052612304688 12.672149658203125
v 25.965829849243164 13.168106079101562 19.414688110351562
v 23.237844467163086 11.397079467773438 23.598129272460938
v 6.97160530090332 23.69989776611328 7.1250152587890625
v 8.564661026000977 19.842479705810547 7.728485107421875
v 10.268945693969727 19.34073257446289 5.9140167236328125
v 30.619853973388672 -40.80979919433594 28.313156127929688
v 32.8886604309082 -41.869407653808594 33.659217834472656
v 28.688581466674805 -38.252586364746094 31.238693237304688
v 32.8886604309082 -42.677215576171875 30.01056671142578
v 28.688581466674805 -39.556129455566406 25.35102081298828
v -23.697307586669922 9.984390258789062 15.166847229003906
v -25.966106414794922 13.168113708496094 19.414688110351562
v -25.966106414794922 12.360275268554688 15.766029357910156
v -25.966106414794922 12.360275268554688 15.766029357910156
v -25.210493087768555 11.15191650390625 13.682640075683594
v -23.697307586669922 9.984390258789062 15.166847229003906
v -23.697307586669922 9.432060241699219 12.672149658203125
v -21.766029357910156 7.626045227050781 13.139564514160156
v -21.766029357910156 8.929588317871094 19.02722930908203
v -25.966106414794922 13.168113708496094 19.414688110351562
v -23.23811912536621 11.397087097167969 23.598129272460938
v 30.619853973388672 -40.80979919433594 28.313156127929688
v 32.13304138183594 -42.47235870361328 27.561416625976562
v 32.8886604309082 -42.677215576171875 30.01056671142578
v 28.688581466674805 -39.556129455566406 25.35102081298828
v 30.619853973388672 -41.36212921142578 25.818450927734375
v 32.8886604309082 -41.869407653808594 33.659217834472656
v 30.160673141479492 -38.538291931152344 36.52215576171875
v 28.688581466674805 -38.252586364746094 31.238693237304688
v 9.305187225341797 14.797271728515625 -37.590850830078125
v 10.268945693969727 17.780540466308594 -4.261100769042969
v 10.268948554992676 10.722358703613281 -41.48277282714844
v -10.452138900756836 10.722358703613281 -41.48277282714844
v -10.452136039733887 17.780540466308594 -4.261100769042969
v -9.487098693847656 17.35204315185547 -25.400535583496094
v 9.470556259155273 -32.290626525878906 42.52422332763672
v 20.997913360595703 -27.79314422607422 43.112091064453125
v 18.263038635253906 -24.068405151367188 40.39619445800781
v 13.845924377441406 -34.48126983642578 44.84309387207031
v -22.813724517822266 14.406791687011719 9.984771728515625
v 0.0000014971010386943817 13.211898803710938 -31.00463104248047
v -24.96597671508789 7.696098327636719 -29.471920013427734
v -0.00014250259846448898 19.444862365722656 8.574325561523438
v 22.81343650817871 14.406791687011719 9.984771728515625
v 0.0000014971010386943817 13.211898803710938 -31.00463104248047
v -0.00014250259846448898 19.444862365722656 8.574325561523438
v 24.965980529785156 7.696098327636719 -29.471920013427734
v -9.487098693847656 17.35204315185547 -25.400535583496094
v -10.452136039733887 17.780540466308594 -4.261100769042969
v -9.487098693847656 21.140518188476562 -7.000099182128906
v -10.651594161987305 -32.290626525878906 42.52422332763672
v -22.178951263427734 -27.79315948486328 43.112091064453125
v -15.026961326599121 -34.48127746582031 44.84309387207031
v -10.651594161987305 -32.290626525878906 42.52422332763672
v -19.444076538085938 -24.06841278076172 40.39619445800781
v -22.178951263427734 -27.79315948486328 43.112091064453125
v 29.932586669921875 4.305412292480469 16.80309295654297
v 31.41927146911621 5.4322052001953125 15.253395080566406
v 32.74910354614258 5.865997314453125 17.544052124023438
v -31.419544219970703 5.432220458984375 15.253387451171875
v -29.932863235473633 4.305419921875 16.8031005859375
v -32.7493782043457 5.8660125732421875 17.544044494628906
v -21.8531494140625 8.93475341796875 19.089828491210938
v -32.7493782043457 6.5299072265625 20.542579650878906
v -28.680057525634766 2.5506362915039062 20.74212646484375
v -25.922475814819336 12.914031982421875 18.89026641845703
v 32.74910354614258 6.529884338378906 20.542579650878906
v 21.85287857055664 8.934745788574219 19.089828491210938
v 28.679784774780273 2.550628662109375 20.74212646484375
v 25.922199249267578 12.914009094238281 18.89026641845703
v -13.284112930297852 -63.15144348144531 -10.427085876464844
v 12.979938507080078 -62.22569274902344 -10.032554626464844
v -12.979937553405762 -62.22569274902344 -10.032554626464844
v 13.284116744995117 -63.15144348144531 -10.427085876464844
v 33.91626739501953 -40.90843200683594 33.41050720214844
v 29.416791915893555 -31.990684509277344 23.392974853515625
v 29.416791915893555 -30.37628936767578 30.684616088867188
v 33.91626739501953 -42.52283477783203 26.118850708007812
v -9.487092971801758 14.797271728515625 -37.590850830078125
v -5.218296527862549 14.797271728515625 -37.590850830078125
v -5.218296527862549 14.74725341796875 -38.888954162597656
v 5.06770133972168 14.797271728515625 -37.590850830078125
v 9.305187225341797 14.797271728515625 -37.590850830078125
v 5.06770133972168 14.74725341796875 -38.888954162597656
v -29.417078018188477 -31.990707397460938 23.392974853515625
v -33.91655349731445 -40.90845489501953 33.41051483154297
v -29.417076110839844 -30.376312255859375 30.68463134765625
v -33.91655731201172 -42.522850036621094 26.118850708007812
v 30.19477653503418 -47.15397644042969 -29.217208862304688
v 37.116336822509766 -56.81181335449219 -26.717620849609375
v 33.82251739501953 -54.46376037597656 -30.821651458740234
v -37.11632537841797 -56.81181335449219 -26.71761703491211
v -30.194765090942383 -47.15400695800781 -29.21719741821289
v -33.82250213623047 -54.463775634765625 -30.82164764404297
v -8.747852325439453 19.842479705810547 7.728485107421875
v -10.452136039733887 19.34073257446289 5.9140167236328125
v -10.452136039733887 16.785369873046875 6.636756896972656
v 8.564661026000977 19.842479705810547 7.728485107421875
v 10.268945693969727 16.785369873046875 6.636756896972656
v 10.268945693969727 19.34073257446289 5.9140167236328125
v 17.081499099731445 15.911628723144531 22.658920288085938
v 11.560220718383789 16.757675170898438 19.62999725341797
v 11.560220718383789 17.346084594726562 22.28765869140625
v 17.081499099731445 15.323211669921875 20.001258850097656
v -8.747852325439453 19.842479705810547 7.728485107421875
v -10.452136039733887 16.785369873046875 6.636756896972656
v -8.747852325439453 17.0848388671875 8.421844482421875
v 8.564661026000977 19.842479705810547 7.728485107421875
v 8.564661026000977 17.0848388671875 8.421844482421875
v 10.268945693969727 16.785369873046875 6.636756896972656
v 10.665643692016602 37.673805236816406 -28.689701080322266
v 10.665643692016602 39.251556396484375 -27.36638641357422
v 10.665643692016602 37.673545837402344 -27.36638641357422
v 10.665643692016602 40.62931442260742 -28.689701080322266
v 10.665643692016602 40.62931442260742 -22.40204620361328
v 10.665643692016602 39.251556396484375 -23.725357055664062
v 10.665643692016602 37.673805236816406 -22.40204620361328
v 10.665643692016602 37.673545837402344 -23.725357055664062
v -10.452136039733887 19.34073257446289 5.9140167236328125
v -10.452136039733887 17.780540466308594 -4.261100769042969
v -10.452136039733887 16.785369873046875 6.636756896972656
v -10.452138900756836 10.722358703613281 -41.48277282714844
v -10.452138900756836 7.90869140625 -41.17707443237305
v -10.452136039733887 17.780540466308594 -4.261100769042969
v -10.452138900756836 7.90869140625 -41.17707443237305
v -10.452136039733887 16.785369873046875 6.636756896972656
v 10.26894760131836 7.90869140625 -41.17707443237305
v 10.268948554992676 10.722358703613281 -41.48277282714844
v 10.268945693969727 17.780540466308594 -4.261100769042969
v 10.268945693969727 16.785369873046875 6.636756896972656
v 10.26894760131836 7.90869140625 -41.17707443237305
v 10.268945693969727 17.780540466308594 -4.261100769042969
v 10.268945693969727 19.34073257446289 5.9140167236328125
v 10.268945693969727 16.785369873046875 6.636756896972656
v 10.268945693969727 17.780540466308594 -4.261100769042969
v -6.19744873046875 48.578060150146484 -8.367156982421875
v -9.487098693847656 21.140518188476562 -7.000099182128906
v -9.487098693847656 48.578060150146484 -8.367156982421875
v -6.19744873046875 21.140518188476562 -7.000099182128906
v -9.548822402954102 49.98455810546875 -5.7649993896484375
v -9.548822402954102 61.41952133178711 -15.668128967285156
v -9.548822402954102 49.98455810546875 -29.46676254272461
v -9.548822402954102 62.777549743652344 -29.825973510742188
v -9.548822402954102 49.98455810546875 -5.7649993896484375
v -9.548822402954102 61.41952133178711 -5.370002746582031
v -9.548822402954102 61.41952133178711 -15.668128967285156
v -9.548822402954102 61.41952133178711 -15.668128967285156
v -9.548822402954102 62.777549743652344 -15.668128967285156
v -9.548822402954102 62.777549743652344 -29.825973510742188
v -9.487098693847656 17.35204315185547 -25.400535583496094
v -9.487098693847656 48.578060150146484 -27.460956573486328
v -9.487092971801758 14.797271728515625 -37.590850830078125
v -9.487098693847656 49.75343322753906 -29.07445526123047
v -9.487098693847656 48.578060150146484 -8.367156982421875
v -9.487098693847656 62.78758239746094 -30.055015563964844
v -9.487098693847656 62.78758239746094 -37.700782775878906
v -9.487098693847656 49.75343322753906 -29.07445526123047
v -9.487098693847656 48.578060150146484 -8.367156982421875
v -9.487098693847656 49.75343322753906 -5.184654235839844
v -10.452136039733887 17.780540466308594 -4.261100769042969
v -9.487086296081543 19.586097717285156 -5.271018981933594
v -9.487098693847656 21.140518188476562 -7.000099182128906
v -9.487086296081543 19.586097717285156 -5.271018981933594
v -9.487098693847656 49.75343322753906 -5.184654235839844
v -9.487098693847656 48.578060150146484 -8.367156982421875
v -9.487098693847656 21.140518188476562 -7.000099182128906
v -9.487098693847656 49.75343322753906 -29.07445526123047
v -9.487098693847656 62.78758239746094 -37.700782775878906
v -9.487092971801758 14.797271728515625 -37.590850830078125
v 9.305187225341797 14.797271728515625 -37.590850830078125
v 9.305192947387695 62.78758239746094 -37.700782775878906
v 9.305193901062012 40.62931442260742 -30.720481872558594
v 9.305193901062012 45.053955078125 -30.720481872558594
v 9.305193901062012 45.053955078125 -20.371261596679688
v 9.305192947387695 62.78758239746094 -12.176467895507812
v 9.305188179016113 62.787574768066406 -5.271018981933594
v 9.305193901062012 40.62931442260742 -20.371261596679688
v 9.305187225341797 53.7596321105957 -5.271018981933594
v 9.305181503295898 19.586097717285156 -5.271018981933594
v 9.305193901062012 35.718284606933594 -29.146015167236328
v 9.305193901062012 40.62931442260742 -29.146015167236328
v 9.305193901062012 35.718284606933594 -21.94573211669922
v 9.305193901062012 40.62931442260742 -21.94573211669922
v 9.305193901062012 36.140499114990234 -26.858901977539062
v 9.305193901062012 36.140499114990234 -24.23284149169922
v 9.305193901062012 38.09602355957031 -24.23284149169922
v 9.305193901062012 38.09602355957031 -26.858901977539062
v 29.932598114013672 -42.17249298095703 25.787734985351562
v 24.9382381439209 -50.96893310546875 28.06438446044922
v 33.91626739501953 -42.57317352294922 25.891433715820312
v 24.509737014770508 -47.243621826171875 27.1002197265625
v 28.679784774780273 -39.687965393066406 25.144699096679688
v 21.85289192199707 -46.07207489013672 26.79700469970703
v 27.591432571411133 -33.74800109863281 23.607345581054688
v 15.500953674316406 -45.0543212890625 26.533592224121094
v -7.1535186767578125 64.86712646484375 -5.208465576171875
v -7.141929626464844 60.56120300292969 -5.208465576171875
v -9.487098693847656 62.78758239746094 -5.208465576171875
v -3.231445550918579 62.78758239746094 -5.208465576171875
v -7.141929626464844 60.56120300292969 -5.208465576171875
v -4.839948654174805 62.78758239746094 -5.208465576171875
v -7.1535186767578125 64.86712646484375 -5.208465576171875
v -7.141929626464844 60.56120300292969 -5.208465576171875
v -3.231445550918579 62.78758239746094 -5.208465576171875
v -3.231445550918579 55.303810119628906 -5.208465576171875
v -24.938508987426758 -50.96893310546875 28.06438446044922
v -29.932876586914062 -42.17250061035156 25.787734985351562
v -33.91655349731445 -42.57319641113281 25.891433715820312
v -28.680078506469727 -39.687965393066406 25.144699096679688
v -24.5100154876709 -47.24363708496094 27.1002197265625
v -27.591720581054688 -33.74800109863281 23.60735321044922
v -21.853166580200195 -46.07207489013672 26.79700469970703
v -15.501228332519531 -45.0543212890625 26.533592224121094
v -33.91653823852539 4.068572998046875 13.819854736328125
v -28.680057525634766 1.183349609375 14.56658935546875
v -29.932863235473633 3.667877197265625 13.923561096191406
v -27.59170913696289 -4.756599426269531 16.10394287109375
v -24.938499450683594 12.464324951171875 11.64691162109375
v -15.501216888427734 6.549713134765625 13.177688598632812
v -24.510000228881836 8.739013671875 12.611068725585938
v -21.853153228759766 7.567474365234375 12.914283752441406
v 24.938220977783203 12.464309692382812 11.64691162109375
v 21.852880477905273 7.5674591064453125 12.914283752441406
v 24.509727478027344 8.739006042480469 12.611068725585938
v 29.932586669921875 3.6678619384765625 13.923561096191406
v 15.500944137573242 6.5496978759765625 13.177696228027344
v 33.916263580322266 4.068565368652344 13.819854736328125
v 28.67978858947754 1.1833343505859375 14.56658935546875
v 27.591432571411133 -4.756614685058594 16.10394287109375
v -9.487098693847656 62.78758239746094 -5.208465576171875
v -7.141929626464844 60.56120300292969 -5.208465576171875
v -9.487098693847656 49.75343322753906 -5.184654235839844
v 12.979938507080078 -62.22569274902344 -10.032554626464844
v 33.63657760620117 -47.24754333496094 -14.846382141113281
v 32.86636734008789 -46.68595886230469 -14.350662231445312
v 13.284116744995117 -63.15144348144531 -10.427085876464844
v -7.141929626464844 60.56120300292969 -5.208465576171875
v -7.422020435333252 49.75343322753906 -5.184654235839844
v -9.487098693847656 49.75343322753906 -5.184654235839844
v -12.979937553405762 -62.22569274902344 -10.032554626464844
v -33.63656997680664 -47.24754333496094 -14.846382141113281
v -13.284112930297852 -63.15144348144531 -10.427085876464844
v -32.86636734008789 -46.68595886230469 -14.350662231445312
v -23.23811912536621 11.397087097167969 23.598129272460938
v -28.688854217529297 2.455780029296875 20.7027587890625
v -30.160940170288086 4.92327880859375 25.273651123046875
v -21.766029357910156 8.929588317871094 19.02722930908203
v 30.16066551208496 4.9232635498046875 25.273651123046875
v 21.765756607055664 8.929580688476562 19.027236938476562
v 23.237844467163086 11.397079467773438 23.598129272460938
v 28.68857765197754 2.4557647705078125 20.7027587890625
v -8.594579696655273 58.39350509643555 -0.744354248046875
v -8.594579696655273 56.534820556640625 -0.744354248046875
v -8.861088752746582 56.550445556640625 6.9576568603515625
v -8.861088752746582 58.53645324707031 6.9576568603515625
v -8.594579696655273 58.39350509643555 -0.744354248046875
v -8.861088752746582 56.550445556640625 6.9576568603515625
v -8.594579696655273 40.00128936767578 -0.744354248046875
v -8.594579696655273 38.142601013183594 -0.744354248046875
v -8.861088752746582 38.15822982788086 6.9576568603515625
v -8.861088752746582 40.14423370361328 6.9576568603515625
v -8.594579696655273 40.00128936767578 -0.744354248046875
v -8.861088752746582 38.15822982788086 6.9576568603515625
v 8.412675857543945 40.00128936767578 -0.744354248046875
v 8.679184913635254 38.15822982788086 6.9576568603515625
v 8.412675857543945 38.142601013183594 -0.744354248046875
v 8.412675857543945 58.39350509643555 -0.744354248046875
v 8.679184913635254 56.550445556640625 6.9576568603515625
v 8.412675857543945 56.534820556640625 -0.744354248046875
v 8.679184913635254 58.53645324707031 6.9576568603515625
v 8.679184913635254 56.550445556640625 6.9576568603515625
v 8.412675857543945 58.39350509643555 -0.744354248046875
v 8.679184913635254 40.14423370361328 6.9576568603515625
v 8.679184913635254 38.15822982788086 6.9576568603515625
v 8.412675857543945 40.00128936767578 -0.744354248046875
v -7.141929626464844 60.56120300292969 -5.208465576171875
v -7.422020435333252 49.75343322753906 -29.07445526123047
v -7.422020435333252 49.75343322753906 -5.184654235839844
v -7.422020435333252 49.75343322753906 -29.07445526123047
v -7.141929626464844 60.56120300292969 -12.326705932617188
v -7.141929626464844 60.56120300292969 -15.329643249511719
v -7.141929626464844 60.56120300292969 -15.329643249511719
v -7.141929626464844 60.56120300292969 -29.92354965209961
v -7.422020435333252 49.75343322753906 -29.07445526123047
v -7.422020435333252 49.75343322753906 -29.07445526123047
v -7.141929626464844 60.56120300292969 -5.208465576171875
v -7.141929626464844 60.56120300292969 -12.326705932617188
v 22.81343650817871 14.406791687011719 9.984771728515625
v -0.00014250259846448898 19.444862365722656 8.574325561523438
v 22.81343650817871 6.180267333984375 12.279731750488281
v 22.81343650817871 6.180267333984375 12.279731750488281
v -0.00014250259846448898 19.444862365722656 8.574325561523438
v -22.813724517822266 6.180267333984375 12.279731750488281
v -22.813724517822266 6.180267333984375 12.279731750488281
v 12.138705253601074 -50.17352294921875 28.056358337402344
v 22.81343650817871 6.180267333984375 12.279731750488281
v 34.952293395996094 -13.391197204589844 17.758895874023438
v 30.736507415771484 -35.647064208984375 23.989578247070312
v -30.736799240112305 -35.647064208984375 23.989578247070312
v -12.138991355895996 -50.17352294921875 28.056358337402344
v -34.952579498291016 -13.391197204589844 17.758895874023438
v -0.00014250259846448898 19.444862365722656 8.574325561523438
v -22.813724517822266 14.406791687011719 9.984771728515625
v -22.813724517822266 6.180267333984375 12.279731750488281
v -28.680072784423828 -38.32068634033203 31.320236206054688
v -25.922487258911133 -48.33628845214844 34.74278259277344
v -21.853164672851562 -44.704795837402344 32.972557067871094
v -32.749393463134766 -41.952178955078125 33.09046936035156
v 25.92221450805664 -48.33628845214844 34.74278259277344
v 28.67978858947754 -38.32066345214844 31.320236206054688
v 21.852888107299805 -44.704795837402344 32.972557067871094
v 32.74911117553711 -41.952178955078125 33.09046936035156
v -9.487086296081543 19.586097717285156 -5.271018981933594
v -7.153510570526123 23.69989776611328 7.1250152587890625
v -8.594579696655273 38.142601013183594 -0.744354248046875
v -7.153512477874756 41.281280517578125 7.1250152587890625
v -8.594579696655273 56.534820556640625 -0.744354248046875
v -8.594579696655273 40.00128936767578 -0.744354248046875
v -7.153512477874756 59.673500061035156 7.1250152587890625
v -7.153514385223389 64.86711883544922 7.125007629394531
v -8.594579696655273 58.39350509643555 -0.744354248046875
v -7.153510570526123 23.69989776611328 7.1250152587890625
v -7.153510570526123 37.02117919921875 7.1250152587890625
v -8.594579696655273 38.142601013183594 -0.744354248046875
v 8.412675857543945 38.142601013183594 -0.744354248046875
v 6.97160530090332 23.69989776611328 7.1250152587890625
v 9.305181503295898 19.586097717285156 -5.271018981933594
v -7.153512477874756 41.281280517578125 7.1250152587890625
v -7.153510570526123 55.41339874267578 7.1250152587890625
v -8.594579696655273 56.534820556640625 -0.744354248046875
v 8.412675857543945 38.142601013183594 -0.744354248046875
v 6.971606731414795 37.02117919921875 7.1250152587890625
v 6.97160530090332 23.69989776611328 7.1250152587890625
v -8.594579696655273 38.142601013183594 -0.744354248046875
v -8.594579696655273 40.00128936767578 -0.744354248046875
v -9.487092971801758 53.7596321105957 -5.271018981933594
v -9.487092971801758 53.7596321105957 -5.271018981933594
v -8.594579696655273 56.534820556640625 -0.744354248046875
v -8.594579696655273 58.39350509643555 -0.744354248046875
v -9.487092971801758 53.7596321105957 -5.271018981933594
v -9.487086296081543 19.586097717285156 -5.271018981933594
v -8.594579696655273 38.142601013183594 -0.744354248046875
v 6.971608638763428 41.281280517578125 7.1250152587890625
v 8.412675857543945 56.534820556640625 -0.744354248046875
v 6.971606731414795 55.41339874267578 7.1250152587890625
v -8.594579696655273 40.00128936767578 -0.744354248046875
v -8.594579696655273 56.534820556640625 -0.744354248046875
v -9.487092971801758 53.7596321105957 -5.271018981933594
v 6.971608638763428 62.787574768066406 7.125007629394531
v 6.971608638763428 59.673500061035156 7.1250152587890625
v 8.412675857543945 58.39350509643555 -0.744354248046875
v -8.594579696655273 58.39350509643555 -0.744354248046875
v -9.487093925476074 62.787574768066406 -5.271018981933594
v -9.487092971801758 53.7596321105957 -5.271018981933594
v 6.971608638763428 41.281280517578125 7.1250152587890625
v 8.412675857543945 40.00128936767578 -0.744354248046875
v 8.412675857543945 56.534820556640625 -0.744354248046875
v 8.412675857543945 58.39350509643555 -0.744354248046875
v 9.305187225341797 53.7596321105957 -5.271018981933594
v 9.305188179016113 62.787574768066406 -5.271018981933594
v 8.412675857543945 38.142601013183594 -0.744354248046875
v 9.305181503295898 19.586097717285156 -5.271018981933594
v 9.305187225341797 53.7596321105957 -5.271018981933594
v 8.412675857543945 56.534820556640625 -0.744354248046875
v 9.305187225341797 53.7596321105957 -5.271018981933594
v 8.412675857543945 58.39350509643555 -0.744354248046875
v 8.412675857543945 40.00128936767578 -0.744354248046875
v 8.412675857543945 38.142601013183594 -0.744354248046875
v 8.412675857543945 56.534820556640625 -0.744354248046875
v 8.412675857543945 40.00128936767578 -0.744354248046875
v 9.305187225341797 53.7596321105957 -5.271018981933594
v -8.747852325439453 17.0848388671875 8.421844482421875
v 8.564661026000977 19.842479705810547 7.728485107421875
v -8.747852325439453 19.842479705810547 7.728485107421875
v 8.564661026000977 17.0848388671875 8.421844482421875
v -14.167923927307129 7.0931549072265625 24.825302124023438
v -13.675858497619629 9.921424865722656 20.254974365234375
v -22.22567367553711 12.083572387695312 23.512855529785156
v -7.153514385223389 64.86711883544922 7.125007629394531
v -9.487093925476074 62.787574768066406 -5.271018981933594
v -8.594579696655273 58.39350509643555 -0.744354248046875
v 9.305188179016113 62.787574768066406 -5.271018981933594
v 6.971608638763428 62.787574768066406 7.125007629394531
v 8.412675857543945 58.39350509643555 -0.744354248046875
v 12.211776733398438 15.477500915527344 23.261245727539062
v 15.678342819213867 15.012397766113281 23.799911499023438
v 12.161337852478027 15.926132202148438 23.56341552734375
v 12.211776733398438 15.477500915527344 23.261245727539062
v 15.435978889465332 14.63983154296875 23.478042602539062
v 15.678342819213867 15.012397766113281 23.799911499023438
v -25.99669075012207 -48.25978088378906 29.149688720703125
v -24.510011672973633 -46.60609436035156 29.979759216308594
v -25.9224910736084 -49.00019836425781 31.744247436523438
v 24.509733200073242 -46.60609436035156 29.979751586914062
v 25.996417999267578 -48.25978088378906 29.149688720703125
v 25.92221450805664 -49.00019836425781 31.744247436523438
v 22.324493408203125 5.313446044921875 12.536575317382812
v -0.00014250259846448898 15.320968627929688 20.78271484375
v 22.324493408203125 7.7572479248046875 22.900169372558594
v 22.324493408203125 5.313446044921875 12.536575317382812
v -0.00014250259846448898 12.877166748046875 10.419105529785156
v -0.00014250259846448898 15.320968627929688 20.78271484375
v -22.324779510498047 5.313446044921875 12.536575317382812
v -0.00014250259846448898 15.320968627929688 20.78271484375
v -0.00014250259846448898 12.877166748046875 10.419105529785156
v -22.324779510498047 5.313446044921875 12.536575317382812
v -22.324779510498047 7.7572479248046875 22.900169372558594
v -0.00014250259846448898 15.320968627929688 20.78271484375
v -6.19744873046875 48.578060150146484 -27.460956573486328
v -6.19744873046875 21.140518188476562 -7.000099182128906
v -6.19744873046875 48.578060150146484 -8.367156982421875
v -6.19744873046875 17.35204315185547 -25.400535583496094
v 8.564661026000977 19.842479705810547 7.728485107421875
v -7.153510570526123 23.69989776611328 7.1250152587890625
v -8.747852325439453 19.842479705810547 7.728485107421875
v 8.564661026000977 19.842479705810547 7.728485107421875
v 6.97160530090332 23.69989776611328 7.1250152587890625
v -7.153510570526123 23.69989776611328 7.1250152587890625
v 15.970114707946777 11.549453735351562 30.37926483154297
v 9.693020820617676 12.596893310546875 27.322128295898438
v 7.911255359649658 13.643203735351562 29.837364196777344
v 15.62181282043457 11.056533813476562 27.720794677734375
v 17.40357208251953 10.593620300292969 27.840606689453125
v 7.911255359649658 13.059791564941406 27.20232391357422
v 1.2865015268325806 15.197982788085938 28.640403747558594
v 1.2865015268325806 13.769332885742188 22.187713623046875
v 7.911255359649658 12.048171997070312 22.63317108154297
v 15.62181282043457 11.056533813476562 27.720794677734375
v 10.002118110656738 12.428985595703125 26.947296142578125
v 9.693020820617676 12.596893310546875 27.322128295898438
v 15.312712669372559 11.049247741699219 27.30438232421875
v -5.218297481536865 56.713951110839844 -39.66114044189453
v -5.218296527862549 14.797271728515625 -37.590850830078125
v -5.218297481536865 56.92182922363281 -37.69293212890625
v -5.218296527862549 14.74725341796875 -38.888954162597656
v 13.640819549560547 -53.234619140625 -27.643455505371094
v 26.32380485534668 -47.45143127441406 -32.63656234741211
v 16.49871253967285 -56.6392822265625 -30.258594512939453
v 1.782252550125122 4.46484375 31.418296813964844
v -5.05877161026001 4.8135528564453125 24.505615234375
v 1.782252550125122 3.0362091064453125 24.965606689453125
v -5.05877161026001 6.2422027587890625 30.958297729492188
v -26.32379722595215 -47.45143127441406 -32.636558532714844
v -13.64080810546875 -53.234619140625 -27.643451690673828
v -16.498701095581055 -56.6392822265625 -30.25859832763672
v -5.365158557891846 12.875640869140625 29.241455078125
v -5.05877161026001 4.8135528564453125 24.505615234375
v -5.05877161026001 6.2422027587890625 30.958297729492188
v 13.640819549560547 -53.234619140625 -27.643455505371094
v 23.465913772583008 -44.0467529296875 -30.021419525146484
v 26.32380485534668 -47.45143127441406 -32.63656234741211
v -26.32379722595215 -47.45143127441406 -32.636558532714844
v -23.465904235839844 -44.0467529296875 -30.021419525146484
v -13.64080810546875 -53.234619140625 -27.643451690673828
v -5.365158557891846 12.875640869140625 29.241455078125
v -5.365158557891846 11.446990966796875 22.788772583007812
v -5.05877161026001 4.8135528564453125 24.505615234375
v 5.067703723907471 56.713951110839844 -39.66114044189453
v 5.06770133972168 14.797271728515625 -37.590850830078125
v 5.06770133972168 14.74725341796875 -38.888954162597656
v 5.067703723907471 56.92182922363281 -37.69293212890625
v 13.675590515136719 9.921417236328125 20.254974365234375
v 13.845918655395508 5.8951873779296875 34.39305114746094
v 24.938220977783203 14.129051208496094 19.165985107421875
v 28.679784774780273 -39.687965393066406 25.144699096679688
v 29.932598114013672 -41.534942626953125 28.667266845703125
v 29.932598114013672 -42.17249298095703 25.787734985351562
v 28.679784774780273 -39.687965393066406 25.144699096679688
v 28.67978858947754 -38.32066345214844 31.320236206054688
v 29.932598114013672 -41.534942626953125 28.667266845703125
v 1.782252550125122 4.46484375 31.418296813964844
v 6.719651699066162 9.981536865234375 23.168045043945312
v 6.719651699066162 11.576568603515625 30.372238159179688
v -28.680078506469727 -39.687965393066406 25.144699096679688
v -29.932876586914062 -41.534942626953125 28.667266845703125
v -28.680072784423828 -38.32068634033203 31.320236206054688
v -28.680078506469727 -39.687965393066406 25.144699096679688
v -29.932876586914062 -42.17250061035156 25.787734985351562
v -29.932876586914062 -41.534942626953125 28.667266845703125
v 1.782252550125122 4.46484375 31.418296813964844
v 1.782252550125122 3.0362091064453125 24.965606689453125
v 6.719651699066162 9.981536865234375 23.168045043945312
v 6.82028341293335 7.36279296875 32.47650146484375
v 8.791333198547363 11.5413818359375 23.650390625
v 5.753103733062744 8.960739135742188 24.319564819335938
v 15.678342819213867 15.012397766113281 23.799911499023438
v 15.312712669372559 11.049247741699219 27.30438232421875
v 15.62181282043457 11.056533813476562 27.720794677734375
v -13.675858497619629 9.921424865722656 20.254974365234375
v -24.938499450683594 14.129074096679688 19.165969848632812
v -22.22567367553711 12.083572387695312 23.512855529785156
v -27.291217803955078 3.4183197021484375 -42.30609130859375
v -16.96355628967285 -3.0543060302734375 -40.63087463378906
v -23.997390747070312 -0.3939971923828125 -44.81571578979492
v -5.365158557891846 12.875640869140625 29.241455078125
v 1.2865015268325806 13.769332885742188 22.187713623046875
v -5.365158557891846 11.446990966796875 22.788772583007812
v 1.2865015268325806 15.197982788085938 28.640403747558594
v 16.96357536315918 -3.0543136596679688 -40.63088607788086
v 27.291231155395508 3.4183120727539062 -42.30609130859375
v 23.997413635253906 -0.394012451171875 -44.81571578979492
v -24.510011672973633 -46.60609436035156 29.979759216308594
v -25.922487258911133 -48.33628845214844 34.74278259277344
v -25.9224910736084 -49.00019836425781 31.744247436523438
v 25.92221450805664 -48.33628845214844 34.74278259277344
v 24.509733200073242 -46.60609436035156 29.979751586914062
v 25.92221450805664 -49.00019836425781 31.744247436523438
v 6.971608638763428 59.673500061035156 7.1250152587890625
v 8.679184913635254 56.550445556640625 6.9576568603515625
v 8.679184913635254 58.53645324707031 6.9576568603515625
v 6.971606731414795 55.41339874267578 7.1250152587890625
v -7.153512477874756 59.673500061035156 7.1250152587890625
v -8.861088752746582 56.550445556640625 6.9576568603515625
v -7.153510570526123 55.41339874267578 7.1250152587890625
v -8.861088752746582 58.53645324707031 6.9576568603515625
v -7.153512477874756 41.281280517578125 7.1250152587890625
v -8.861088752746582 38.15822982788086 6.9576568603515625
v -7.153510570526123 37.02117919921875 7.1250152587890625
v -8.861088752746582 40.14423370361328 6.9576568603515625
v 6.971608638763428 41.281280517578125 7.1250152587890625
v 8.679184913635254 38.15822982788086 6.9576568603515625
v 8.679184913635254 40.14423370361328 6.9576568603515625
v 6.971606731414795 37.02117919921875 7.1250152587890625
v -4.839946269989014 62.787574768066406 7.125007629394531
v -7.153514385223389 64.86711883544922 7.125007629394531
v -7.153512477874756 59.673500061035156 7.1250152587890625
v 6.971608638763428 59.673500061035156 7.1250152587890625
v -4.839946269989014 62.787574768066406 7.125007629394531
v -7.153512477874756 59.673500061035156 7.1250152587890625
v 6.971606731414795 37.02117919921875 7.1250152587890625
v -7.153510570526123 23.69989776611328 7.1250152587890625
v 6.97160530090332 23.69989776611328 7.1250152587890625
v -7.153510570526123 37.02117919921875 7.1250152587890625
v 6.971608638763428 41.281280517578125 7.1250152587890625
v -7.153512477874756 41.281280517578125 7.1250152587890625
v -7.153512477874756 59.673500061035156 7.1250152587890625
v 6.971606731414795 55.41339874267578 7.1250152587890625
v 6.971608638763428 59.673500061035156 7.1250152587890625
v -7.153510570526123 55.41339874267578 7.1250152587890625
v 6.971606731414795 55.41339874267578 7.1250152587890625
v -7.153512477874756 41.281280517578125 7.1250152587890625
v 6.971608638763428 41.281280517578125 7.1250152587890625
v -7.153510570526123 55.41339874267578 7.1250152587890625
v 6.971608638763428 59.673500061035156 7.1250152587890625
v 6.971608638763428 62.787574768066406 7.125007629394531
v -4.839946269989014 62.787574768066406 7.125007629394531
v -16.96355628967285 -3.0543060302734375 -40.63087463378906
v -13.64079761505127 -9.34674072265625 -39.00230407714844
v -16.498689651489258 -7.4063568115234375 -43.00082015991211
v -29.417076110839844 -30.376312255859375 30.68463134765625
v -22.178951263427734 -27.79315948486328 43.112091064453125
v -19.444076538085938 -24.06841278076172 40.39619445800781
v 29.416791915893555 -30.37628936767578 30.684616088867188
v 18.263038635253906 -24.068405151367188 40.39619445800781
v 20.997913360595703 -27.79314422607422 43.112091064453125
v 16.49870491027832 -7.4063568115234375 -43.00082015991211
v 13.6408109664917 -9.34674072265625 -39.00229263305664
v 16.96357536315918 -3.0543136596679688 -40.63088607788086
v 6.82028341293335 7.36279296875 32.47650146484375
v 5.753103733062744 8.960739135742188 24.319564819335938
v 4.40149450302124 3.4679336547851562 33.47161102294922
v 13.675590515136719 9.921417236328125 20.254974365234375
v 9.470549583435059 2.9708404541015625 33.39802551269531
v 13.845918655395508 5.8951873779296875 34.39305114746094
v -7.711860656738281 49.98455810546875 -5.7649993896484375
v -9.548822402954102 61.41952133178711 -15.668128967285156
v -9.548822402954102 61.41952133178711 -5.370002746582031
v -7.711860656738281 49.98455810546875 -5.7649993896484375
v -7.711860656738281 49.98455810546875 -15.668128967285156
v -9.548822402954102 61.41952133178711 -15.668128967285156
v 33.91626739501953 -42.57317352294922 25.891433715820312
v 30.19477653503418 -47.15397644042969 -29.217208862304688
v 27.591432571411133 -33.74800109863281 23.607345581054688
v 33.91626739501953 -42.57317352294922 25.891433715820312
v 37.116336822509766 -56.81181335449219 -26.717620849609375
v 30.19477653503418 -47.15397644042969 -29.217208862304688
v 32.86636734008789 -46.68595886230469 -14.350662231445312
v 38.25010681152344 -22.88135528564453 -21.617149353027344
v 37.3742561340332 -22.877685546875 -20.966381072998047
v 33.63657760620117 -47.24754333496094 -14.846382141113281
v -32.86636734008789 -46.68595886230469 -14.350662231445312
v -38.25010681152344 -22.88135528564453 -21.617149353027344
v -33.63656997680664 -47.24754333496094 -14.846382141113281
v -37.3742561340332 -22.877685546875 -20.966381072998047
v -33.91655349731445 -42.57319641113281 25.891433715820312
v -30.194765090942383 -47.15400695800781 -29.21719741821289
v -37.11632537841797 -56.81181335449219 -26.71761703491211
v -33.91655349731445 -42.57319641113281 25.891433715820312
v -27.591720581054688 -33.74800109863281 23.60735321044922
v -30.194765090942383 -47.15400695800781 -29.21719741821289
v -3.231443405151367 62.787574768066406 5.4264678955078125
v 5.189333438873291 23.333782196044922 5.4264678955078125
v -3.231445550918579 23.333782196044922 5.4264678955078125
v 5.189332485198975 62.787574768066406 5.4264678955078125
v 24.394311904907227 -1.9410400390625 -26.784149169921875
v 24.965980529785156 -1.454071044921875 -27.571247100830078
v 24.965980529785156 7.696098327636719 -29.471920013427734
v -24.96597671508789 7.696098327636719 -29.471920013427734
v -24.96597671508789 -1.454071044921875 -27.571247100830078
v -24.394311904907227 -1.9410400390625 -26.784149169921875
v -3.231445550918579 62.78758239746094 -35.04758071899414
v -3.231445550918579 62.78758239746094 -12.326705932617188
v -3.1683974266052246 56.92182922363281 -35.05296325683594
v 6.7189154624938965 40.62931442260742 -20.371261596679688
v 5.189332485198975 62.787574768066406 5.4264678955078125
v 6.934020519256592 62.78758239746094 -12.176467895507812
v 6.719651699066162 9.981536865234375 23.168045043945312
v 16.74819564819336 8.387680053710938 28.411544799804688
v 6.719651699066162 11.576568603515625 30.372238159179688
v 15.314735412597656 9.343498229980469 30.95020294189453
v 16.74819564819336 7.376045227050781 23.842391967773438
v -3.231445550918579 55.303810119628906 -12.176467895507812
v -3.231445550918579 23.333782196044922 5.4264678955078125
v -3.231445550918579 35.887916564941406 -35.052303314208984
v -3.231445550918579 23.333782196044922 5.4264678955078125
v -3.231445550918579 11.479072570800781 -35.05702209472656
v -3.231445550918579 35.887916564941406 -35.052303314208984
v -3.231445550918579 55.303810119628906 -5.208465576171875
v -3.231443405151367 62.787574768066406 5.4264678955078125
v -3.231445550918579 23.333782196044922 5.4264678955078125
v -3.231445550918579 62.78758239746094 -5.208465576171875
v 13.675590515136719 9.921417236328125 20.254974365234375
v 24.938220977783203 12.514656066894531 11.874320983886719
v 13.67558765411377 8.307022094726562 12.96331787109375
v -13.675858497619629 9.921424865722656 20.254974365234375
v -24.938499450683594 12.514663696289062 11.874313354492188
v -24.938499450683594 14.129074096679688 19.165969848632812
v -13.675858497619629 8.307029724121094 12.96331787109375
v -3.231445550918579 55.303810119628906 -5.208465576171875
v -3.231445550918579 23.333782196044922 5.4264678955078125
v -3.231445550918579 55.303810119628906 -12.176467895507812
v -3.231445550918579 62.78758239746094 -12.326705932617188
v -3.231445550918579 55.303810119628906 -12.176467895507812
v -3.1683974266052246 56.92182922363281 -35.05296325683594
v 13.675590515136719 9.921417236328125 20.254974365234375
v 24.938220977783203 14.129051208496094 19.165985107421875
v 24.938220977783203 12.514656066894531 11.874320983886719
v -3.231445550918579 35.887916564941406 -35.052303314208984
v -3.1683974266052246 56.92182922363281 -35.05296325683594
v -3.231445550918579 55.303810119628906 -12.176467895507812
v -20.562498092651367 -1.9146652221679688 35.07372283935547
v -22.90267562866211 -0.6356887817382812 27.04473876953125
v -26.16908073425293 -0.3034210205078125 26.966339111328125
v 6.7189154624938965 40.62931442260742 -20.371261596679688
v 6.934020519256592 35.887908935546875 -35.05230712890625
v 5.189333438873291 23.333782196044922 5.4264678955078125
v 7.911255359649658 12.048171997070312 22.63317108154297
v 11.560220718383789 17.346084594726562 22.28765869140625
v 11.560220718383789 16.757675170898438 19.62999725341797
v 7.911255359649658 13.059791564941406 27.20232391357422
v 15.678342819213867 15.012397766113281 23.799911499023438
v 15.435978889465332 14.63983154296875 23.478042602539062
v 15.312712669372559 11.049247741699219 27.30438232421875
v 6.7189154624938965 40.62931442260742 -30.720481872558594
v 6.7189154624938965 45.053955078125 -30.720481872558594
v 6.934020519256592 35.887908935546875 -35.05230712890625
v 6.934020519256592 62.78758239746094 -35.047584533691406
v 5.067702293395996 62.78758239746094 -37.700782775878906
v 5.067703723907471 56.92182922363281 -37.69293212890625
v 5.067703723907471 56.92182922363281 -35.05296325683594
v 6.934020519256592 35.887908935546875 -35.05230712890625
v 6.934019565582275 11.47906494140625 -35.05702590942383
v 5.189333438873291 23.333782196044922 5.4264678955078125
v 6.7189154624938965 40.62931442260742 -20.371261596679688
v 5.189333438873291 23.333782196044922 5.4264678955078125
v 5.189332485198975 62.787574768066406 5.4264678955078125
v 6.934020519256592 62.78758239746094 -35.047584533691406
v 6.7189154624938965 45.053955078125 -20.371261596679688
v 6.934020519256592 62.78758239746094 -12.176467895507812
v 6.7189154624938965 45.053955078125 -30.720481872558594
v 6.934020519256592 62.78758239746094 -12.176467895507812
v 6.7189154624938965 45.053955078125 -20.371261596679688
v 6.7189154624938965 40.62931442260742 -20.371261596679688
v 10.665643692016602 37.673805236816406 -22.40204620361328
v 9.305193901062012 35.718284606933594 -21.94573211669922
v 9.305193901062012 36.140499114990234 -24.23284149169922
v -21.853153228759766 7.567474365234375 12.914283752441406
v -24.509998321533203 9.376548767089844 15.4906005859375
v -21.8531494140625 8.93475341796875 19.089828491210938
v -24.510000228881836 8.739013671875 12.611068725585938
v 21.852880477905273 7.5674591064453125 12.914283752441406
v 24.50972557067871 9.376541137695312 15.490608215332031
v 24.509727478027344 8.739006042480469 12.611068725585938
v 21.85287857055664 8.934745788574219 19.089828491210938
v -16.96355628967285 -3.0543060302734375 -40.63087463378906
v -24.938499450683594 12.464324951171875 11.64691162109375
v -15.501216888427734 6.549713134765625 13.177688598632812
v -16.96355628967285 -3.0543060302734375 -40.63087463378906
v -27.291217803955078 3.4183197021484375 -42.30609130859375
v -24.938499450683594 12.464324951171875 11.64691162109375
v 24.938220977783203 12.464309692382812 11.64691162109375
v 16.96357536315918 -3.0543136596679688 -40.63088607788086
v 15.500944137573242 6.5496978759765625 13.177696228027344
v 24.938220977783203 12.464309692382812 11.64691162109375
v 27.291231155395508 3.4183120727539062 -42.30609130859375
v 16.96357536315918 -3.0543136596679688 -40.63088607788086
v -0.00014250259846448898 12.877166748046875 10.419105529785156
v -30.078044891357422 -35.61749267578125 23.99517822265625
v -22.324779510498047 5.313446044921875 12.536575317382812
v -34.203468322753906 -13.838577270507812 17.898193359375
v -11.878828048706055 -49.83262634277344 27.974716186523438
v 11.878543853759766 -49.83262634277344 27.974716186523438
v 30.077756881713867 -35.61749267578125 23.99517822265625
v 34.20318603515625 -13.838577270507812 17.898193359375
v 22.324493408203125 5.313446044921875 12.536575317382812
v 6.7189154624938965 40.62931442260742 -20.371261596679688
v 6.7189154624938965 40.62931442260742 -30.720481872558594
v 6.934020519256592 35.887908935546875 -35.05230712890625
v -30.194765090942383 -47.15400695800781 -29.21719741821289
v -23.465904235839844 -44.0467529296875 -30.021419525146484
v -26.32379722595215 -47.45143127441406 -32.636558532714844
v 26.32380485534668 -47.45143127441406 -32.63656234741211
v 23.465913772583008 -44.0467529296875 -30.021419525146484
v 30.19477653503418 -47.15397644042969 -29.217208862304688
v -9.487086296081543 19.586097717285156 -5.271018981933594
v -9.487092971801758 53.7596321105957 -5.271018981933594
v -9.487098693847656 49.75343322753906 -5.184654235839844
v -9.487093925476074 62.787574768066406 -5.271018981933594
v -9.487098693847656 62.78758239746094 -5.208465576171875
v -9.487098693847656 62.78758239746094 -5.208465576171875
v -9.487098693847656 49.75343322753906 -5.184654235839844
v -9.487092971801758 53.7596321105957 -5.271018981933594
v -23.697307586669922 9.432060241699219 12.672149658203125
v -33.91653823852539 4.118934631347656 14.047256469726562
v -24.938499450683594 12.514663696289062 11.874313354492188
v -21.766029357910156 7.626045227050781 13.139564514160156
v -29.417078018188477 -31.990707397460938 23.392974853515625
v -21.76603889465332 -46.02996826171875 27.02655029296875
v -28.688865661621094 -39.55615234375 25.35102081298828
v -33.91655731201172 -42.522850036621094 26.118850708007812
v -23.697315216064453 -47.835968017578125 27.493972778320312
v -30.62013816833496 -41.362152099609375 25.818450927734375
v -24.938508987426758 -50.91856384277344 28.29180145263672
v -21.76603889465332 -46.02996826171875 27.02655029296875
v -13.675871849060059 -46.71095275878906 27.202804565429688
v -29.417078018188477 -31.990707397460938 23.392974853515625
v -28.688865661621094 -39.55615234375 25.35102081298828
v -30.62013816833496 -41.362152099609375 25.818450927734375
v -33.91655731201172 -42.522850036621094 26.118850708007812
v -23.697315216064453 -47.835968017578125 27.493972778320312
v -24.938508987426758 -50.91856384277344 28.29180145263672
v -21.76603889465332 -46.02996826171875 27.02655029296875
v 23.697044372558594 -47.83595275878906 27.493972778320312
v 33.91626739501953 -42.52283477783203 26.118850708007812
v 24.938236236572266 -50.91856384277344 28.29180145263672
v 21.765769958496094 -46.02996826171875 27.02655029296875
v 30.619853973388672 -41.36212921142578 25.818450927734375
v 28.688581466674805 -39.556129455566406 25.35102081298828
v 29.416791915893555 -6.413238525390625 16.773147583007812
v 21.765756607055664 7.62603759765625 13.139572143554688
v 28.68857765197754 1.1522140502929688 14.815093994140625
v 33.91626739501953 4.1189117431640625 14.047271728515625
v 23.69702911376953 9.432052612304688 12.672149658203125
v 30.619853973388672 2.958221435546875 14.347671508789062
v 24.938220977783203 12.514656066894531 11.874320983886719
v 21.765756607055664 7.62603759765625 13.139572143554688
v 13.67558765411377 8.307022094726562 12.96331787109375
v 29.416791915893555 -6.413238525390625 16.773147583007812
v 28.68857765197754 1.1522140502929688 14.815093994140625
v 30.619853973388672 2.958221435546875 14.347671508789062
v 33.91626739501953 4.1189117431640625 14.047271728515625
v 23.69702911376953 9.432052612304688 12.672149658203125
v 24.938220977783203 12.514656066894531 11.874320983886719
v 21.765756607055664 7.62603759765625 13.139572143554688
v -13.675858497619629 8.307029724121094 12.96331787109375
v -28.688854217529297 1.1522216796875 14.815086364746094
v -21.766029357910156 7.626045227050781 13.139564514160156
v -24.938499450683594 12.514663696289062 11.874313354492188
v -33.91653823852539 4.118934631347656 14.047256469726562
v -28.688854217529297 1.1522216796875 14.815086364746094
v -29.417064666748047 -6.4132232666015625 16.773147583007812
v -13.675858497619629 8.307029724121094 12.96331787109375
v -23.697307586669922 9.432060241699219 12.672149658203125
v -30.62012481689453 2.9582366943359375 14.347671508789062
v -33.91653823852539 4.118934631347656 14.047256469726562
v -30.62012481689453 2.9582366943359375 14.347671508789062
v -28.688854217529297 1.1522216796875 14.815086364746094
v 13.675597190856934 -46.71095275878906 27.202804565429688
v 28.688581466674805 -39.556129455566406 25.35102081298828
v 21.765769958496094 -46.02996826171875 27.02655029296875
v 24.938236236572266 -50.91856384277344 28.29180145263672
v 33.91626739501953 -42.52283477783203 26.118850708007812
v 28.688581466674805 -39.556129455566406 25.35102081298828
v 29.416791915893555 -31.990684509277344 23.392974853515625
v 13.675597190856934 -46.71095275878906 27.202804565429688
v 23.697044372558594 -47.83595275878906 27.493972778320312
v 30.619853973388672 -41.36212921142578 25.818450927734375
v -7.102087497711182 60.363990783691406 -5.474998474121094
v -8.950352668762207 62.706153869628906 -5.474998474121094
v -9.575042724609375 62.70093536376953 -5.474998474121094
v -7.144676685333252 65.0788345336914 -5.474998474121094
v -7.107512474060059 60.96466827392578 -5.474998474121094
v -7.1392502784729 64.4781494140625 -5.474998474121094
v -4.671720504760742 62.74188995361328 -5.474998474121094
v -5.296411514282227 62.736671447753906 -5.474998474121094
v -29.417064666748047 -4.798820495605469 24.064804077148438
v -13.675858497619629 8.307029724121094 12.96331787109375
v -13.675858497619629 9.921424865722656 20.254974365234375
v -29.417064666748047 -6.4132232666015625 16.773147583007812
v 29.41678810119629 -4.798828125 24.064804077148438
v 13.67558765411377 8.307022094726562 12.96331787109375
v 29.416791915893555 -6.413238525390625 16.773147583007812
v 29.41678810119629 -4.798828125 24.064804077148438
v 13.675590515136719 9.921417236328125 20.254974365234375
v 13.67558765411377 8.307022094726562 12.96331787109375
v -20.562498092651367 -1.9146652221679688 35.07372283935547
v -16.45392608642578 -3.421051025390625 35.43212127685547
v -22.90267562866211 -0.6356887817382812 27.04473876953125
v -9.548822402954102 49.98455810546875 -5.7649993896484375
v -7.711860656738281 49.98455810546875 -5.7649993896484375
v -9.548822402954102 61.41952133178711 -5.370002746582031
v 37.3742561340332 -22.877685546875 -20.966381072998047
v 24.965980529785156 -1.454071044921875 -27.571247100830078
v 24.394311904907227 -1.9410400390625 -26.784149169921875
v 37.3742561340332 -22.877685546875 -20.966381072998047
v 38.25010681152344 -22.88135528564453 -21.617149353027344
v 24.965980529785156 -1.454071044921875 -27.571247100830078
v -37.3742561340332 -22.877685546875 -20.966381072998047
v -24.96597671508789 -1.454071044921875 -27.571247100830078
v -38.25010681152344 -22.88135528564453 -21.617149353027344
v -24.394311904907227 -1.9410400390625 -26.784149169921875
v -29.66666603088379 0.9387435913085938 26.34417724609375
v -21.569786071777344 -1.5930023193359375 35.94023132324219
v -24.246496200561523 -0.779327392578125 26.74956512451172
v 5.067702293395996 62.78758239746094 -37.700782775878906
v 5.067703723907471 56.92182922363281 -35.05296325683594
v 6.934020519256592 62.78758239746094 -35.047584533691406
v 10.665643692016602 37.673805236816406 -22.40204620361328
v 9.305193901062012 36.140499114990234 -24.23284149169922
v 10.665643692016602 37.673545837402344 -23.725357055664062
v 9.305193901062012 36.140499114990234 -26.858901977539062
v 10.665643692016602 37.673805236816406 -28.689701080322266
v 10.665643692016602 37.673545837402344 -27.36638641357422
v 9.305193901062012 36.140499114990234 -26.858901977539062
v 9.305193901062012 35.718284606933594 -29.146015167236328
v 10.665643692016602 37.673805236816406 -28.689701080322266
v -32.8889274597168 5.8864593505859375 17.441551208496094
v -25.210493087768555 11.15191650390625 13.682640075683594
v -25.966106414794922 12.360275268554688 15.766029357910156
v -32.133304595947266 4.6780853271484375 15.358154296875
v 32.88865280151367 5.8864593505859375 17.441551208496094
v 25.2102108001709 11.151885986328125 13.682647705078125
v 32.13303756713867 4.6780853271484375 15.358154296875
v 25.965829849243164 12.360267639160156 15.766036987304688
v -3.231445550918579 55.303810119628906 -12.176467895507812
v -3.231445550918579 62.78758239746094 -12.326705932617188
v -7.141929626464844 60.56120300292969 -12.326705932617188
v 5.067702293395996 62.78758239746094 -37.700782775878906
v 6.934020519256592 62.78758239746094 -35.047584533691406
v 5.773034572601318 65.59661102294922 -37.70078659057617
v -21.8531494140625 8.93475341796875 19.089828491210938
v -28.680057525634766 1.183349609375 14.56658935546875
v -21.853153228759766 7.567474365234375 12.914283752441406
v -21.8531494140625 8.93475341796875 19.089828491210938
v -28.680057525634766 2.5506362915039062 20.74212646484375
v -28.680057525634766 1.183349609375 14.56658935546875
v -32.749393463134766 -41.952178955078125 33.09046936035156
v -28.680072784423828 -38.32068634033203 31.320236206054688
v -29.932876586914062 -41.534942626953125 28.667266845703125
v 29.932598114013672 -41.534942626953125 28.667266845703125
v 28.67978858947754 -38.32066345214844 31.320236206054688
v 32.74911117553711 -41.952178955078125 33.09046936035156
v 21.852880477905273 7.5674591064453125 12.914283752441406
v 28.679784774780273 2.550628662109375 20.74212646484375
v 21.85287857055664 8.934745788574219 19.089828491210938
v 28.67978858947754 1.1833343505859375 14.56658935546875
v -7.141929626464844 60.56120300292969 -12.326705932617188
v -7.1535186767578125 64.86712646484375 -12.326705932617188
v -9.487098693847656 62.78758239746094 -12.326705932617188
v -4.839948654174805 62.78758239746094 -12.326705932617188
v -4.839948654174805 62.78758239746094 -12.326705932617188
v -7.141929626464844 60.56120300292969 -12.326705932617188
v -3.231445550918579 62.78758239746094 -12.326705932617188
v -4.906627655029297 62.81460952758789 -15.668128967285156
v -7.711860656738281 49.98455810546875 -29.46676254272461
v -4.9066267013549805 62.81460952758789 -29.825973510742188
v -4.906627655029297 62.81460952758789 -15.668128967285156
v -7.711860656738281 49.98455810546875 -15.668128967285156
v -7.711860656738281 49.98455810546875 -29.46676254272461
v -25.922475814819336 12.914031982421875 18.89026641845703
v -21.8531494140625 8.93475341796875 19.089828491210938
v -24.509998321533203 9.376548767089844 15.4906005859375
v 24.50972557067871 9.376541137695312 15.490608215332031
v 21.85287857055664 8.934745788574219 19.089828491210938
v 25.922199249267578 12.914009094238281 18.89026641845703
v -30.62012481689453 3.5105743408203125 16.842369079589844
v -23.697307586669922 9.432060241699219 12.672149658203125
v -23.697307586669922 9.984390258789062 15.166847229003906
v -30.62012481689453 3.5105743408203125 16.842369079589844
v -30.62012481689453 2.9582366943359375 14.347671508789062
v -23.697307586669922 9.432060241699219 12.672149658203125
v 30.61985206604004 3.5105667114257812 16.842376708984375
v 23.69702911376953 9.432052612304688 12.672149658203125
v 30.619853973388672 2.958221435546875 14.347671508789062
v 30.61985206604004 3.5105667114257812 16.842376708984375
v 23.69702911376953 9.984382629394531 15.166854858398438
v 23.69702911376953 9.432052612304688 12.672149658203125
v 13.675590515136719 9.921417236328125 20.254974365234375
v 18.263029098510742 -5.251365661621094 35.52606201171875
v 9.470549583435059 2.9708404541015625 33.39802551269531
v 29.41678810119629 -4.798828125 24.064804077148438
v 9.305193901062012 38.09602355957031 -26.858901977539062
v 10.665643692016602 39.251556396484375 -23.725357055664062
v 9.305193901062012 38.09602355957031 -24.23284149169922
v 10.665643692016602 39.251556396484375 -27.36638641357422
v -9.548822402954102 62.777549743652344 -15.668128967285156
v -4.906627655029297 62.81460952758789 -15.668128967285156
v -7.247884273529053 64.92948913574219 -15.668128967285156
v -9.548822402954102 61.41952133178711 -15.668128967285156
v -7.711860656738281 49.98455810546875 -15.668128967285156
v -4.906627655029297 62.81460952758789 -15.668128967285156
v -9.548822402954102 62.777549743652344 -15.668128967285156
v -9.548822402954102 61.41952133178711 -15.668128967285156
v -4.906627655029297 62.81460952758789 -15.668128967285156
v 1.2865015268325806 13.769332885742188 22.187713623046875
v 1.782252550125122 3.0362091064453125 24.965606689453125
v -5.05877161026001 4.8135528564453125 24.505615234375
v -5.365158557891846 11.446990966796875 22.788772583007812
v 7.911255359649658 12.048171997070312 22.63317108154297
v 16.74819564819336 7.376045227050781 23.842391967773438
v 6.719651699066162 9.981536865234375 23.168045043945312
v 17.40357208251953 9.582000732421875 23.271453857421875
v 1.2865015268325806 13.769332885742188 22.187713623046875
v 29.932586669921875 4.305412292480469 16.80309295654297
v 25.996402740478516 10.50335693359375 13.940902709960938
v 31.41927146911621 5.4322052001953125 15.253395080566406
v 24.50972557067871 9.376541137695312 15.490608215332031
v -29.932863235473633 4.305419921875 16.8031005859375
v -25.996679306030273 10.503372192382812 13.940902709960938
v -24.509998321533203 9.376548767089844 15.4906005859375
v -31.419544219970703 5.432220458984375 15.253387451171875
v 1.2865015268325806 13.769332885742188 22.187713623046875
v 6.719651699066162 9.981536865234375 23.168045043945312
v 1.782252550125122 3.0362091064453125 24.965606689453125
v 11.560220718383789 16.757675170898438 19.62999725341797
v 17.40357208251953 9.582000732421875 23.271453857421875
v 7.911255359649658 12.048171997070312 22.63317108154297
v 17.081499099731445 15.323211669921875 20.001258850097656
v -25.922475814819336 12.914031982421875 18.89026641845703
v -24.509998321533203 9.376548767089844 15.4906005859375
v -25.922475814819336 12.250137329101562 15.891738891601562
v 24.50972557067871 9.376541137695312 15.490608215332031
v 25.922199249267578 12.914009094238281 18.89026641845703
v 25.922199249267578 12.2501220703125 15.891738891601562
v 9.305193901062012 40.62931442260742 -21.94573211669922
v 9.305193901062012 35.718284606933594 -21.94573211669922
v 10.665643692016602 37.673805236816406 -22.40204620361328
v 10.665643692016602 40.62931442260742 -22.40204620361328
v -24.509998321533203 9.376548767089844 15.4906005859375
v -25.996679306030273 10.503372192382812 13.940902709960938
v -25.922475814819336 12.250137329101562 15.891738891601562
v 25.996402740478516 10.50335693359375 13.940902709960938
v 24.50972557067871 9.376541137695312 15.490608215332031
v 25.922199249267578 12.2501220703125 15.891738891601562
v -7.153510570526123 37.02117919921875 7.1250152587890625
v -8.861088752746582 38.15822982788086 6.9576568603515625
v -8.594579696655273 38.142601013183594 -0.744354248046875
v 8.412675857543945 38.142601013183594 -0.744354248046875
v 8.679184913635254 38.15822982788086 6.9576568603515625
v 6.971606731414795 37.02117919921875 7.1250152587890625
v -30.62012481689453 3.5105743408203125 16.842369079589844
v -32.8889274597168 6.6942901611328125 21.0902099609375
v -28.688854217529297 2.455780029296875 20.7027587890625
v -32.8889274597168 5.8864593505859375 17.441551208496094
v -32.133304595947266 4.6780853271484375 15.358154296875
v -28.688854217529297 1.1522216796875 14.815086364746094
v -30.62012481689453 3.5105743408203125 16.842369079589844
v -28.688854217529297 2.455780029296875 20.7027587890625
v -30.62012481689453 2.9582366943359375 14.347671508789062
v -32.8889274597168 6.6942901611328125 21.0902099609375
v -30.160940170288086 4.92327880859375 25.273651123046875
v 23.697044372558594 -47.28363037109375 29.988677978515625
v 25.965845108032227 -48.343231201171875 35.334747314453125
v 25.965845108032227 -49.15104675292969 31.686080932617188
v 25.210227966308594 -48.94618225097656 29.23693084716797
v 21.765769958496094 -44.726402282714844 32.914207458496094
v 23.237857818603516 -45.01213073730469 38.19768524169922
v 21.765769958496094 -46.02996826171875 27.02655029296875
v 23.697044372558594 -47.83595275878906 27.493972778320312
v 23.697044372558594 -47.28363037109375 29.988677978515625
v 21.765769958496094 -44.726402282714844 32.914207458496094
v 25.965845108032227 -48.343231201171875 35.334747314453125
v -23.697317123413086 -47.28363037109375 29.988677978515625
v -25.210498809814453 -48.94621276855469 29.23693084716797
v -25.966114044189453 -49.15104675292969 31.686080932617188
v -21.76603889465332 -46.02996826171875 27.02655029296875
v -23.697315216064453 -47.835968017578125 27.493972778320312
v -21.76603889465332 -44.72642517089844 32.914215087890625
v -25.96611785888672 -48.343231201171875 35.334747314453125
v -23.23813247680664 -45.01213836669922 38.19768524169922
v 32.88865280151367 5.8864593505859375 17.441551208496094
v 32.13303756713867 4.6780853271484375 15.358154296875
v 30.61985206604004 3.5105667114257812 16.842376708984375
v 32.88865280151367 6.69427490234375 21.0902099609375
v 28.68857765197754 2.4557647705078125 20.7027587890625
v 30.619853973388672 2.958221435546875 14.347671508789062
v 28.68857765197754 1.1522140502929688 14.815093994140625
v 30.61985206604004 3.5105667114257812 16.842376708984375
v 28.68857765197754 1.1522140502929688 14.815093994140625
v 28.68857765197754 2.4557647705078125 20.7027587890625
v 30.16066551208496 4.9232635498046875 25.273651123046875
v 32.88865280151367 6.69427490234375 21.0902099609375
v -23.697317123413086 -47.28363037109375 29.988677978515625
v -25.966114044189453 -49.15104675292969 31.686080932617188
v -25.96611785888672 -48.343231201171875 35.334747314453125
v 9.305193901062012 38.09602355957031 -26.858901977539062
v 9.305193901062012 36.140499114990234 -26.858901977539062
v 10.665643692016602 37.673545837402344 -27.36638641357422
v 10.665643692016602 39.251556396484375 -27.36638641357422
v 6.934020519256592 62.78758239746094 -35.047584533691406
v 6.934020519256592 62.78758239746094 -12.176467895507812
v 5.928898334503174 65.59661102294922 -15.643844604492188
v -6.19744873046875 17.35204315185547 -25.400535583496094
v -9.487098693847656 48.578060150146484 -27.460956573486328
v -9.487098693847656 17.35204315185547 -25.400535583496094
v -6.19744873046875 48.578060150146484 -27.460956573486328
v 6.934020519256592 62.78758239746094 -35.047584533691406
v 5.928898334503174 65.59661102294922 -15.643844604492188
v 5.773034572601318 65.59661102294922 -37.70078659057617
v 31.419279098510742 -43.18864440917969 27.837203979492188
v 29.932598114013672 -41.534942626953125 28.667266845703125
v 32.74911117553711 -42.61607360839844 30.09192657470703
v -29.932876586914062 -41.534942626953125 28.667266845703125
v -31.4195613861084 -43.18866729736328 27.837203979492188
v -32.749393463134766 -42.61608123779297 30.091934204101562
v -9.487098693847656 49.75343322753906 -29.07445526123047
v -7.422020435333252 49.75343322753906 -29.07445526123047
v -9.487098693847656 62.78758239746094 -30.055015563964844
v -7.141929626464844 60.56120300292969 -29.92354965209961
v -9.487098693847656 62.78758239746094 -30.055015563964844
v -7.422020435333252 49.75343322753906 -29.07445526123047
v -4.839948654174805 62.78758239746094 -29.95120620727539
v -9.487098693847656 62.78758239746094 -30.055015563964844
v -7.141929626464844 60.56120300292969 -29.92354965209961
v -32.749393463134766 -41.952178955078125 33.09046936035156
v -29.932876586914062 -41.534942626953125 28.667266845703125
v -32.749393463134766 -42.61608123779297 30.091934204101562
v 29.932598114013672 -41.534942626953125 28.667266845703125
v 32.74911117553711 -41.952178955078125 33.09046936035156
v 32.74911117553711 -42.61607360839844 30.09192657470703
v -4.839948654174805 62.78758239746094 -29.95120620727539
v -7.1535186767578125 65.95901489257812 -30.096332550048828
v -9.487098693847656 62.78758239746094 -30.055015563964844
v 9.305193901062012 40.62931442260742 -30.720481872558594
v 6.7189154624938965 45.053955078125 -30.720481872558594
v 6.7189154624938965 40.62931442260742 -30.720481872558594
v 9.305193901062012 45.053955078125 -30.720481872558594
v -9.487098693847656 62.78758239746094 -12.326705932617188
v -7.141929626464844 60.56120300292969 -15.329643249511719
v -7.141929626464844 60.56120300292969 -12.326705932617188
v -9.487098693847656 62.78758239746094 -15.514633178710938
v -9.575042724609375 62.70093536376953 -12.123687744140625
v -7.102087497711182 60.363990783691406 -5.474998474121094
v -9.575042724609375 62.70093536376953 -5.474998474121094
v -7.102087497711182 60.363990783691406 -12.123687744140625
v 8.412675857543945 56.534820556640625 -0.744354248046875
v 8.679184913635254 56.550445556640625 6.9576568603515625
v 6.971606731414795 55.41339874267578 7.1250152587890625
v -7.153510570526123 55.41339874267578 7.1250152587890625
v -8.861088752746582 56.550445556640625 6.9576568603515625
v -8.594579696655273 56.534820556640625 -0.744354248046875
v 6.934020519256592 62.78758239746094 -35.047584533691406
v 5.067703723907471 56.92182922363281 -35.05296325683594
v 6.934020519256592 35.887908935546875 -35.05230712890625
v -3.231445550918579 35.887916564941406 -35.052303314208984
v 5.067703723907471 56.92182922363281 -35.05296325683594
v -3.1683974266052246 56.92182922363281 -35.05296325683594
v 6.934020519256592 35.887908935546875 -35.05230712890625
v 6.934019565582275 11.47906494140625 -35.05702590942383
v -3.231445550918579 35.887916564941406 -35.052303314208984
v -3.231445550918579 11.479072570800781 -35.05702209472656
v 6.934020519256592 35.887908935546875 -35.05230712890625
v -29.932876586914062 -41.534942626953125 28.667266845703125
v -25.99669075012207 -48.25978088378906 29.149688720703125
v -31.4195613861084 -43.18866729736328 27.837203979492188
v -24.510011672973633 -46.60609436035156 29.979759216308594
v 29.932598114013672 -41.534942626953125 28.667266845703125
v 25.996417999267578 -48.25978088378906 29.149688720703125
v 24.509733200073242 -46.60609436035156 29.979751586914062
v 31.419279098510742 -43.18864440917969 27.837203979492188
v 9.305193901062012 45.053955078125 -30.720481872558594
v 6.7189154624938965 45.053955078125 -20.371261596679688
v 6.7189154624938965 45.053955078125 -30.720481872558594
v 9.305193901062012 45.053955078125 -20.371261596679688
v -6.19744873046875 48.578060150146484 -27.460956573486328
v -9.487098693847656 48.578060150146484 -8.367156982421875
v -9.487098693847656 48.578060150146484 -27.460956573486328
v -6.19744873046875 48.578060150146484 -8.367156982421875
v -4.671720504760742 62.74188995361328 -5.474998474121094
v -7.102087497711182 60.363990783691406 -12.123687744140625
v -4.671720504760742 62.74188995361328 -12.123687744140625
v -7.102087497711182 60.363990783691406 -5.474998474121094
v -9.548822402954102 49.98455810546875 -29.46676254272461
v -7.711860656738281 49.98455810546875 -29.46676254272461
v -7.711860656738281 49.98455810546875 -15.668128967285156
v -7.711860656738281 49.98455810546875 -5.7649993896484375
v -9.548822402954102 49.98455810546875 -5.7649993896484375
v -9.548822402954102 49.98455810546875 -5.7649993896484375
v -9.548822402954102 49.98455810546875 -29.46676254272461
v -7.711860656738281 49.98455810546875 -15.668128967285156
v 29.416791915893555 -30.37628936767578 30.684616088867188
v 9.470556259155273 -32.290626525878906 42.52422332763672
v 18.263038635253906 -24.068405151367188 40.39619445800781
v 13.675597190856934 -45.09654235839844 34.49446105957031
v -29.417076110839844 -30.376312255859375 30.68463134765625
v -10.651594161987305 -32.290626525878906 42.52422332763672
v -13.675873756408691 -45.09654235839844 34.49446105957031
v -19.444076538085938 -24.06841278076172 40.39619445800781
v -25.966114044189453 -49.15104675292969 31.686080932617188
v -32.133323669433594 -42.472381591796875 27.561416625976562
v -32.88894271850586 -42.67723846435547 30.01056671142578
v -25.210498809814453 -48.94621276855469 29.23693084716797
v 32.8886604309082 -42.677215576171875 30.01056671142578
v 25.210227966308594 -48.94618225097656 29.23693084716797
v 25.965845108032227 -49.15104675292969 31.686080932617188
v 32.13304138183594 -42.47235870361328 27.561416625976562
v -13.675873756408691 -45.09654235839844 34.49446105957031
v -29.417078018188477 -31.990707397460938 23.392974853515625
v -29.417076110839844 -30.376312255859375 30.68463134765625
v -13.675873756408691 -45.09654235839844 34.49446105957031
v -13.675871849060059 -46.71095275878906 27.202804565429688
v -29.417078018188477 -31.990707397460938 23.392974853515625
v 13.675597190856934 -45.09654235839844 34.49446105957031
v 29.416791915893555 -31.990684509277344 23.392974853515625
v 13.675597190856934 -46.71095275878906 27.202804565429688
v 13.675597190856934 -45.09654235839844 34.49446105957031
v 29.416791915893555 -30.37628936767578 30.684616088867188
v 29.416791915893555 -31.990684509277344 23.392974853515625
v -7.1535186767578125 64.86712646484375 -5.208465576171875
v -9.487098693847656 62.78758239746094 -5.208465576171875
v -9.487093925476074 62.787574768066406 -5.271018981933594
v -28.680072784423828 -38.32068634033203 31.320236206054688
v -21.853166580200195 -46.07207489013672 26.79700469970703
v -28.680078506469727 -39.687965393066406 25.144699096679688
v -21.853164672851562 -44.704795837402344 32.972557067871094
v 28.679784774780273 -39.687965393066406 25.144699096679688
v 21.852888107299805 -44.704795837402344 32.972557067871094
v 28.67978858947754 -38.32066345214844 31.320236206054688
v 28.679784774780273 -39.687965393066406 25.144699096679688
v 21.85289192199707 -46.07207489013672 26.79700469970703
v 21.852888107299805 -44.704795837402344 32.972557067871094
v -23.697317123413086 -47.28363037109375 29.988677978515625
v -30.62013816833496 -41.362152099609375 25.818450927734375
v -30.62013816833496 -40.809814453125 28.31316375732422
v -23.697317123413086 -47.28363037109375 29.988677978515625
v -23.697315216064453 -47.835968017578125 27.493972778320312
v -30.62013816833496 -41.362152099609375 25.818450927734375
v 30.619853973388672 -40.80979919433594 28.313156127929688
v 23.697044372558594 -47.83595275878906 27.493972778320312
v 23.697044372558594 -47.28363037109375 29.988677978515625
v 30.619853973388672 -41.36212921142578 25.818450927734375

vn 0.40791401267051697 -0.6121152639389038 -0.6775769591331482
vn 0.40791401267051697 -0.6121152639389038 -0.6775769591331482
vn 0.40791401267051697 -0.6121152639389038 -0.6775769591331482
vn 0.40791401267051697 -0.6121152639389038 -0.6775769591331482
vn -0.40791401267051697 -0.6121152639389038 -0.6775769591331482
vn -0.40791401267051697 -0.6121152639389038 -0.6775769591331482
vn -0.40791401267051697 -0.6121152639389038 -0.6775769591331482
vn -0.40791401267051697 -0.6121152639389038 -0.6775769591331482
vn 0.0004885197849944234 -0.9726428985595703 0.23302394151687622
vn 0.0004885197849944234 -0.9726428985595703 0.23302394151687622
vn 0.0004885197849944234 -0.9726428985595703 0.23302394151687622
vn 0.0004885197849944234 -0.9726428985595703 0.23302394151687622
vn 0.0004885197849944234 -0.7948216795921326 -0.6062530279159546
vn 0.0004885197849944234 -0.7948216795921326 -0.6062530279159546
vn 0.0004885197849944234 -0.7948216795921326 -0.6062530279159546
vn 0.0004885197849944234 -0.7948216795921326 -0.6062530279159546
vn 0.6941866278648376 -0.6834391951560974 0.227161705493927
vn 0.6941866278648376 -0.6834391951560974 0.227161705493927
vn 0.6941866278648376 -0.6834391951560974 0.227161705493927
vn 0.6941866278648376 -0.6834391951560974 0.227161705493927
vn 0.6941866278648376 -0.6834391951560974 0.227161705493927
vn 0.6941866278648376 -0.6834391951560974 0.227161705493927
vn -0.6941866278648376 -0.6834391951560974 0.227161705493927
vn -0.6941866278648376 -0.6834391951560974 0.227161705493927
vn -0.6941866278648376 -0.6834391951560974 0.227161705493927
vn -0.6941866278648376 -0.6834391951560974 0.227161705493927
vn -0.6941866278648376 -0.6834391951560974 0.227161705493927
vn -0.6941866278648376 -0.6834391951560974 0.227161705493927
vn 0.6941866278648376 -0.7029799818992615 0.1558378040790558
vn 0.6941866278648376 -0.7029799818992615 0.1558378040790558
vn 0.6941866278648376 -0.7029799818992615 0.1558378040790558
vn 0.6941866278648376 -0.7029799818992615 0.1558378040790558
vn 0.6941866278648376 -0.7029799818992615 0.1558378040790558
vn 0.6941866278648376 -0.7029799818992615 0.1558378040790558
vn 0.6941866278648376 -0.7029799818992615 0.1558378040790558
vn 0.6941866278648376 -0.7029799818992615 0.1558378040790558
vn 0.6941866278648376 -0.7029799818992615 0.1558378040790558
vn 0.6941866278648376 -0.7029799818992615 0.1558378040790558
vn 0.6941866278648376 -0.7020029425621033 0.1558378040790558
vn 0.6941866278648376 -0.7020029425621033 0.1558378040790558
vn 0.6941866278648376 -0.7020029425621033 0.1558378040790558
vn 0.6941866278648376 -0.7029799818992615 0.1558378040790558
vn 0.6941866278648376 -0.7029799818992615 0.1558378040790558
vn 0.6941866278648376 -0.7029799818992615 0.1558378040790558
vn -0.6941866278648376 -0.7029799818992615 0.1558378040790558
vn -0.6941866278648376 -0.7029799818992615 0.1558378040790558
vn -0.6941866278648376 -0.7029799818992615 0.1558378040790558
vn -0.6941866278648376 -0.7029799818992615 0.1558378040790558
vn -0.6941866278648376 -0.7029799818992615 0.1558378040790558
vn -0.6941866278648376 -0.7029799818992615 0.1558378040790558
vn -0.6941866278648376 -0.7029799818992615 0.1558378040790558
vn -0.6941866278648376 -0.7029799818992615 0.1558378040790558
vn -0.6941866278648376 -0.7029799818992615 0.1558378040790558
vn -0.6941866278648376 -0.7029799818992615 0.1558378040790558
vn -0.6941866278648376 -0.7029799818992615 0.1558378040790558
vn -0.6941866278648376 -0.7029799818992615 0.1558378040790558
vn -0.6941866278648376 -0.7020029425621033 0.1558378040790558
vn -0.6941866278648376 -0.7020029425621033 0.1558378040790558
vn -0.6941866278648376 -0.7020029425621033 0.1558378040790558
vn -0.6941866278648376 -0.7029799818992615 0.1558378040790558
vn -0.6941866278648376 -0.7029799818992615 0.1558378040790558
vn -0.6941866278648376 -0.7029799818992615 0.1558378040790558
vn 0.6941866278648376 -0.7029799818992615 0.1558378040790558
vn 0.6941866278648376 -0.7029799818992615 0.1558378040790558
vn 0.6941866278648376 -0.7029799818992615 0.1558378040790558
vn 0.6941866278648376 -0.7020029425621033 0.1558378040790558
vn 0.6941866278648376 -0.7020029425621033 0.1558378040790558
vn 0.6941866278648376 -0.7020029425621033 0.1558378040790558
vn -0.6941866278648376 -0.7029799818992615 0.1558378040790558
vn -0.6941866278648376 -0.7029799818992615 0.1558378040790558
vn -0.6941866278648376 -0.7029799818992615 0.1558378040790558
vn -0.6941866278648376 -0.7020029425621033 0.1558378040790558
vn -0.6941866278648376 -0.7020029425621033 0.1558378040790558
vn -0.6941866278648376 -0.7020029425621033 0.1558378040790558
vn 0.0004885197849944234 -0.9462628364562988 0.3219345510005951
vn 0.0004885197849944234 -0.9462628364562988 0.3219345510005951
vn 0.0004885197849944234 -0.9462628364562988 0.3219345510005951
vn 0.0004885197849944234 -0.9462628364562988 0.3219345510005951
vn 0.0004885197849944234 -0.666829526424408 0.7449926733970642
vn 0.0004885197849944234 -0.666829526424408 0.7449926733970642
vn 0.0004885197849944234 -0.666829526424408 0.7449926733970642
vn 0.0004885197849944234 -0.666829526424408 0.7449926733970642
vn 0.0004885197849944234 1 0.0004885197849944234
vn 0.0004885197849944234 1 0.0004885197849944234
vn 0.0004885197849944234 1 0.0004885197849944234
vn 0.0004885197849944234 1 0.0004885197849944234
vn 0.0004885197849944234 1 0.0004885197849944234
vn 0.0004885197849944234 1 0.0004885197849944234
vn 0.0004885197849944234 1 0.0004885197849944234
vn 0.0004885197849944234 1 0.0004885197849944234
vn 0.0004885197849944234 1 0.0004885197849944234
vn 0.0004885197849944234 1 0.0004885197849944234
vn 0.0004885197849944234 1 0.0004885197849944234
vn 0.0004885197849944234 1 0.0004885197849944234
vn 0.0004885197849944234 1 0.0004885197849944234
vn 0.0004885197849944234 1 0.0004885197849944234
vn 0.0004885197849944234 1 0.0004885197849944234
vn 0.0004885197849944234 1 0.0004885197849944234
vn 0.0004885197849944234 -0.9726428985595703 0.23302394151687622
vn 0.0004885197849944234 -0.9726428985595703 0.23302394151687622
vn 0.0004885197849944234 -0.9726428985595703 0.23302394151687622
vn 0.0004885197849944234 -0.9726428985595703 0.23302394151687622
vn 0.0004885197849944234 1 0.0004885197849944234
vn 0.0004885197849944234 1 0.0004885197849944234
vn 0.0004885197849944234 1 0.0004885197849944234
vn 0.0004885197849944234 1 0.0004885197849944234
vn 0.0004885197849944234 1 0.0004885197849944234
vn 0.0004885197849944234 1 0.0004885197849944234
vn 0.0004885197849944234 1 0.0004885197849944234
vn 0.0004885197849944234 1 0.0004885197849944234
vn 0.0004885197849944234 1 0.0004885197849944234
vn 0.0004885197849944234 1 0.0004885197849944234
vn 0.0004885197849944234 1 0.0004885197849944234
vn 0.0004885197849944234 1 0.0004885197849944234
vn 0.0004885197849944234 1 0.0004885197849944234
vn 0.3786028325557709 -0.6638984084129333 -0.6453346610069275
vn 0.3786028325557709 -0.6638984084129333 -0.6453346610069275
vn 0.3786028325557709 -0.6638984084129333 -0.6453346610069275
vn 0.3786028325557709 -0.6638984084129333 -0.6453346610069275
vn -0.3786028325557709 -0.6638984084129333 -0.6453346610069275
vn -0.3786028325557709 -0.6638984084129333 -0.6453346610069275
vn -0.3786028325557709 -0.6638984084129333 -0.6453346610069275
vn -0.3786028325557709 -0.6638984084129333 -0.6453346610069275
vn 0.6941866278648376 -0.7029799818992615 0.1558378040790558
vn 0.6941866278648376 -0.7029799818992615 0.1558378040790558
vn 0.6941866278648376 -0.7029799818992615 0.1558378040790558
vn 0.6941866278648376 -0.7029799818992615 0.1558378040790558
vn 0.6941866278648376 -0.7029799818992615 0.1558378040790558
vn 0.6941866278648376 -0.7029799818992615 0.1558378040790558
vn -0.6941866278648376 -0.7029799818992615 0.1558378040790558
vn -0.6941866278648376 -0.7029799818992615 0.1558378040790558
vn -0.6941866278648376 -0.7029799818992615 0.1558378040790558
vn 0.6297020316123962 -0.7557401061058044 0.18124084174633026
vn 0.6297020316123962 -0.7557401061058044 0.18124084174633026
vn 0.6297020316123962 -0.7557401061058044 0.18124084174633026
vn 0.6297020316123962 -0.7557401061058044 0.18124084174633026
vn -0.6941866278648376 -0.7020029425621033 0.1558378040790558
vn -0.6941866278648376 -0.7020029425621033 0.1558378040790558
vn -0.6941866278648376 -0.7020029425621033 0.1558378040790558
vn -0.6297020316123962 -0.7557401061058044 0.18124084174633026
vn -0.6297020316123962 -0.7557401061058044 0.18124084174633026
vn -0.6297020316123962 -0.7557401061058044 0.18124084174633026
vn -0.6297020316123962 -0.7557401061058044 0.18124084174633026
vn 0.0004885197849944234 0.9941377639770508 -0.10503175109624863
vn 0.0004885197849944234 0.9941377639770508 -0.10503175109624863
vn 0.0004885197849944234 0.9941377639770508 -0.10503175109624863
vn 0.0004885197849944234 0.9941377639770508 -0.10503175109624863
vn -0.04934049770236015 -0.5056179761886597 0.8612603545188904
vn -0.04934049770236015 -0.5056179761886597 0.8612603545188904
vn -0.04934049770236015 -0.5056179761886597 0.8612603545188904
vn 0.03761602193117142 -0.5085490942001343 0.8602833151817322
vn 0.03761602193117142 -0.5085490942001343 0.8602833151817322
vn 0.03761602193117142 -0.5085490942001343 0.8602833151817322
vn -0.4851001501083374 -0.30630189180374146 0.8192476630210876
vn -0.4851001501083374 -0.30630189180374146 0.8192476630210876
vn -0.4851001501083374 -0.30630189180374146 0.8192476630210876
vn -0.4851001501083374 -0.30630189180374146 0.8192476630210876
vn -0.4851001501083374 -0.30630189180374146 0.8192476630210876
vn -0.4851001501083374 -0.30630189180374146 0.8192476630210876
vn 0.4851001501083374 -0.30630189180374146 0.8192476630210876
vn 0.4851001501083374 -0.30630189180374146 0.8192476630210876
vn 0.4851001501083374 -0.30630189180374146 0.8192476630210876
vn 0.4851001501083374 -0.30630189180374146 0.8192476630210876
vn 0.4851001501083374 -0.30630189180374146 0.8192476630210876
vn 0.4851001501083374 -0.30630189180374146 0.8192476630210876
vn 0.6941866278648376 -0.7029799818992615 0.1558378040790558
vn 0.6941866278648376 -0.7029799818992615 0.1558378040790558
vn 0.6941866278648376 -0.7029799818992615 0.1558378040790558
vn -0.6941866278648376 -0.7029799818992615 0.1558378040790558
vn -0.6941866278648376 -0.7029799818992615 0.1558378040790558
vn -0.6941866278648376 -0.7029799818992615 0.1558378040790558
vn -0.6941866278648376 -0.7029799818992615 0.1558378040790558
vn 0.6941866278648376 -0.7020029425621033 0.1558378040790558
vn 0.6941866278648376 -0.7020029425621033 0.1558378040790558
vn 0.6941866278648376 -0.7020029425621033 0.1558378040790558
vn -0.628724992275238 -0.7303370833396912 0.26819735765457153
vn -0.628724992275238 -0.7303370833396912 0.26819735765457153
vn -0.628724992275238 -0.7303370833396912 0.26819735765457153
vn 0.628724992275238 -0.7303370833396912 0.26819735765457153
vn 0.628724992275238 -0.7303370833396912 0.26819735765457153
vn 0.628724992275238 -0.7303370833396912 0.26819735765457153
vn -0.628724992275238 -0.7303370833396912 0.26819735765457153
vn -0.628724992275238 -0.7303370833396912 0.26819735765457153
vn -0.628724992275238 -0.7303370833396912 0.26819735765457153
vn 0.628724992275238 -0.7303370833396912 0.26819735765457153
vn 0.628724992275238 -0.7303370833396912 0.26819735765457153
vn 0.628724992275238 -0.7303370833396912 0.26819735765457153
vn -0.3903273046016693 0.9208598136901855 0.0024425990413874388
vn -0.3903273046016693 0.9208598136901855 0.0024425990413874388
vn -0.3903273046016693 0.9208598136901855 0.0024425990413874388
vn 0.5271128416061401 -0.4772838354110718 0.7029799818992615
vn 0.5271128416061401 -0.4772838354110718 0.7029799818992615
vn 0.5271128416061401 -0.4772838354110718 0.7029799818992615
vn 0.5271128416061401 -0.4772838354110718 0.7029799818992615
vn -0.5271128416061401 -0.4772838354110718 0.7029799818992615
vn -0.5271128416061401 -0.4772838354110718 0.7029799818992615
vn -0.5271128416061401 -0.4772838354110718 0.7029799818992615
vn -0.5271128416061401 -0.4772838354110718 0.7029799818992615
vn -0.4215925633907318 0.9071812629699707 0.0004885197849944234
vn -0.4215925633907318 0.9071812629699707 0.0004885197849944234
vn -0.4215925633907318 0.9071812629699707 0.0004885197849944234
vn 0.6297020316123962 -0.7557401061058044 0.18124084174633026
vn 0.6297020316123962 -0.7557401061058044 0.18124084174633026
vn 0.6297020316123962 -0.7557401061058044 0.18124084174633026
vn 0.6297020316123962 -0.7557401061058044 0.18124084174633026
vn -0.6297020316123962 -0.7557401061058044 0.18124084174633026
vn -0.6297020316123962 -0.7557401061058044 0.18124084174633026
vn -0.6297020316123962 -0.7557401061058044 0.18124084174633026
vn -0.6297020316123962 -0.7557401061058044 0.18124084174633026
vn 0.0004885197849944234 1 0.0004885197849944234
vn 0.0004885197849944234 1 0.0004885197849944234
vn 0.0004885197849944234 1 0.0004885197849944234
vn 0.0004885197849944234 1 0.0004885197849944234
vn 0.0004885197849944234 1 0.0004885197849944234
vn 0.0004885197849944234 1 0.0004885197849944234
vn 0.4186614453792572 0.21934539079666138 -0.8817782402038574
vn 0.4186614453792572 0.21934539079666138 -0.8817782402038574
vn 0.4186614453792572 0.21934539079666138 -0.8817782402038574
vn 0.4186614453792572 0.21934539079666138 -0.8817782402038574
vn -0.4186614453792572 0.21934539079666138 -0.8817782402038574
vn -0.4186614453792572 0.21934539079666138 -0.8817782402038574
vn -0.4186614453792572 0.21934539079666138 -0.8817782402038574
vn -0.4186614453792572 0.21934539079666138 -0.8817782402038574
vn 0.0004885197849944234 0.16658525168895721 -0.9863214492797852
vn 0.0004885197849944234 0.16658525168895721 -0.9863214492797852
vn 0.0004885197849944234 0.16658525168895721 -0.9863214492797852
vn 0.6453346610069275 -0.739130437374115 -0.1929653137922287
vn 0.6453346610069275 -0.739130437374115 -0.1929653137922287
vn 0.6453346610069275 -0.739130437374115 -0.1929653137922287
vn 0.6453346610069275 -0.739130437374115 -0.1929653137922287
vn -0.6453346610069275 -0.739130437374115 -0.1929653137922287
vn -0.6453346610069275 -0.739130437374115 -0.1929653137922287
vn -0.6453346610069275 -0.739130437374115 -0.1929653137922287
vn -0.6453346610069275 -0.739130437374115 -0.1929653137922287
vn -0.6453346610069275 -0.739130437374115 -0.1929653137922287
vn -0.6453346610069275 -0.739130437374115 -0.1929653137922287
vn -0.42256960272789 -0.2242305874824524 0.8778700828552246
vn -0.42256960272789 -0.2242305874824524 0.8778700828552246
vn -0.42256960272789 -0.2242305874824524 0.8778700828552246
vn -0.42256960272789 -0.2242305874824524 0.8778700828552246
vn -0.6648754477500916 0.7469467520713806 0.0004885197849944234
vn -0.6648754477500916 0.7469467520713806 0.0004885197849944234
vn -0.6648754477500916 0.7469467520713806 0.0004885197849944234
vn 0.5515388250350952 0.8329262137413025 -0.03468490391969681
vn 0.5515388250350952 0.8329262137413025 -0.03468490391969681
vn 0.5515388250350952 0.8329262137413025 -0.03468490391969681
vn -0.5515388250350952 0.8329262137413025 -0.03468490391969681
vn -0.5515388250350952 0.8329262137413025 -0.03468490391969681
vn -0.5515388250350952 0.8329262137413025 -0.03468490391969681
vn 0.40498289465904236 -0.20175866782665253 0.8915486335754395
vn 0.40498289465904236 -0.20175866782665253 0.8915486335754395
vn 0.40498289465904236 -0.20175866782665253 0.8915486335754395
vn 0.40498289465904236 -0.20175866782665253 0.8915486335754395
vn -0.6648754477500916 0.7469467520713806 0.0004885197849944234
vn -0.6648754477500916 0.7469467520713806 0.0004885197849944234
vn -0.6648754477500916 0.7469467520713806 0.0004885197849944234
vn -0.6648754477500916 0.7469467520713806 0.0004885197849944234
vn -0.6648754477500916 0.7469467520713806 0.0004885197849944234
vn -0.6648754477500916 0.7469467520713806 0.0004885197849944234
vn 0.5896433591842651 -0.3180263936519623 -0.7420615553855896
vn 0.5896433591842651 -0.3180263936519623 -0.7420615553855896
vn 0.5896433591842651 -0.3180263936519623 -0.7420615553855896
vn 0.5896433591842651 -0.3180263936519623 -0.7420615553855896
vn 0.5896433591842651 -0.3180263936519623 -0.7420615553855896
vn 0.5896433591842651 -0.3180263936519623 -0.7420615553855896
vn -0.5896433591842651 -0.3180263936519623 -0.7420615553855896
vn -0.5896433591842651 -0.3180263936519623 -0.7420615553855896
vn -0.5896433591842651 -0.3180263936519623 -0.7420615553855896
vn -0.5896433591842651 -0.3180263936519623 -0.7420615553855896
vn -0.5896433591842651 -0.3180263936519623 -0.7420615553855896
vn -0.5896433591842651 -0.3180263936519623 -0.7420615553855896
vn -0.31314119696617126 -0.6609672904014587 0.6824621558189392
vn -0.31314119696617126 -0.6609672904014587 0.6824621558189392
vn -0.31314119696617126 -0.6609672904014587 0.6824621558189392
vn -0.6834391951560974 0.7303370833396912 0.0004885197849944234
vn -0.6834391951560974 0.7303370833396912 0.0004885197849944234
vn -0.6834391951560974 0.7303370833396912 0.0004885197849944234
vn -0.6834391951560974 0.7303370833396912 0.0004885197849944234
vn 0.30825597047805786 -0.6433805823326111 0.7000488638877869
vn 0.30825597047805786 -0.6433805823326111 0.7000488638877869
vn 0.30825597047805786 -0.6433805823326111 0.7000488638877869
vn 0.5622862577438354 -0.7107962965965271 -0.42256960272789
vn 0.5622862577438354 -0.7107962965965271 -0.42256960272789
vn 0.5622862577438354 -0.7107962965965271 -0.42256960272789
vn 0.5622862577438354 -0.7107962965965271 -0.42256960272789
vn 0.5622862577438354 -0.7107962965965271 -0.42256960272789
vn 0.5622862577438354 -0.7107962965965271 -0.42256960272789
vn 0.0004885197849944234 -0.2506106495857239 -0.9677577018737793
vn 0.0004885197849944234 -0.2506106495857239 -0.9677577018737793
vn 0.0004885197849944234 -0.2506106495857239 -0.9677577018737793
vn 0.0004885197849944234 -0.2506106495857239 -0.9677577018737793
vn 0.0004885197849944234 -0.2506106495857239 -0.9677577018737793
vn 0.0004885197849944234 -0.2506106495857239 -0.9677577018737793
vn 0.0004885197849944234 -0.2506106495857239 -0.9677577018737793
vn 0.0004885197849944234 -0.2506106495857239 -0.9677577018737793
vn 0.0004885197849944234 -0.2506106495857239 -0.9677577018737793
vn 0.0004885197849944234 -0.2506106495857239 -0.9677577018737793
vn 0.0004885197849944234 -0.2506106495857239 -0.9677577018737793
vn 0.0004885197849944234 -0.2506106495857239 -0.9677577018737793
vn -0.5622862577438354 -0.7107962965965271 -0.42256960272789
vn -0.5622862577438354 -0.7107962965965271 -0.42256960272789
vn -0.5622862577438354 -0.7107962965965271 -0.42256960272789
vn 0.0004885197849944234 -0.2506106495857239 -0.9677577018737793
vn 0.0004885197849944234 -0.2506106495857239 -0.9677577018737793
vn 0.0004885197849944234 -0.2506106495857239 -0.9677577018737793
vn 0.0004885197849944234 -0.2506106495857239 -0.9677577018737793
vn -0.5622862577438354 -0.7107962965965271 -0.42256960272789
vn -0.5622862577438354 -0.7107962965965271 -0.42256960272789
vn -0.5622862577438354 -0.7107962965965271 -0.42256960272789
vn -0.6990718245506287 0.7147044539451599 0.0004885197849944234
vn -0.6990718245506287 0.7147044539451599 0.0004885197849944234
vn -0.6990718245506287 0.7147044539451599 0.0004885197849944234
vn -0.6990718245506287 0.7147044539451599 0.0004885197849944234
vn 0.5222276449203491 -0.8505129218101501 -0.06790424883365631
vn 0.5222276449203491 -0.8505129218101501 -0.06790424883365631
vn 0.5222276449203491 -0.8505129218101501 -0.06790424883365631
vn -0.5222276449203491 -0.8505129218101501 -0.06790424883365631
vn -0.5222276449203491 -0.8505129218101501 -0.06790424883365631
vn -0.5222276449203491 -0.8505129218101501 -0.06790424883365631
vn 0.360039085149765 -0.9110894203186035 0.20175866782665253
vn 0.360039085149765 -0.9110894203186035 0.20175866782665253
vn 0.360039085149765 -0.9110894203186035 0.20175866782665253
vn 0.360039085149765 -0.9110894203186035 0.20175866782665253
vn 0.360039085149765 -0.9110894203186035 0.20175866782665253
vn 0.360039085149765 -0.9110894203186035 0.20175866782665253
vn -0.360039085149765 -0.9110894203186035 0.20175866782665253
vn -0.360039085149765 -0.9110894203186035 0.20175866782665253
vn -0.360039085149765 -0.9110894203186035 0.20175866782665253
vn -0.360039085149765 -0.9110894203186035 0.20175866782665253
vn 0.0004885197849944234 -0.26917439699172974 -0.9628725051879883
vn 0.0004885197849944234 -0.26917439699172974 -0.9628725051879883
vn 0.0004885197849944234 -0.26917439699172974 -0.9628725051879883
vn 0.0004885197849944234 -0.26917439699172974 -0.9628725051879883
vn 0.0004885197849944234 -0.26917439699172974 -0.9628725051879883
vn 0.0004885197849944234 -0.26917439699172974 -0.9628725051879883
vn 0.0004885197849944234 -0.26917439699172974 -0.9628725051879883
vn 0.0004885197849944234 -0.26917439699172974 -0.9628725051879883
vn 0.0004885197849944234 -0.26917439699172974 -0.9628725051879883
vn -0.0004885197849944234 -0.26819735765457153 -0.9628725051879883
vn -0.0004885197849944234 -0.26819735765457153 -0.9628725051879883
vn -0.0004885197849944234 -0.26819735765457153 -0.9628725051879883
vn 0.0004885197849944234 -0.26917439699172974 -0.9628725051879883
vn 0.0004885197849944234 -0.26917439699172974 -0.9628725051879883
vn 0.0004885197849944234 -0.26917439699172974 -0.9628725051879883
vn -0.0004885197849944234 -0.26917439699172974 -0.9628725051879883
vn -0.0004885197849944234 -0.26917439699172974 -0.9628725051879883
vn -0.0004885197849944234 -0.26917439699172974 -0.9628725051879883
vn 0.0004885197849944234 -0.26819735765457153 -0.9628725051879883
vn 0.0004885197849944234 -0.26819735765457153 -0.9628725051879883
vn 0.0004885197849944234 -0.26819735765457153 -0.9628725051879883
vn 0.0004885197849944234 -0.2574499249458313 -0.9658036231994629
vn 0.0004885197849944234 -0.2574499249458313 -0.9658036231994629
vn 0.0004885197849944234 -0.2574499249458313 -0.9658036231994629
vn 0.0004885197849944234 1 0.0004885197849944234
vn 0.0004885197849944234 1 0.0004885197849944234
vn 0.0004885197849944234 1 0.0004885197849944234
vn 0.0004885197849944234 1 0.0004885197849944234
vn -0.6951636672019958 0.7186126112937927 0.0004885197849944234
vn -0.6951636672019958 0.7186126112937927 0.0004885197849944234
vn -0.6951636672019958 0.7186126112937927 0.0004885197849944234
vn 0.0004885197849944234 -0.2574499249458313 -0.9658036231994629
vn 0.0004885197849944234 -0.2574499249458313 -0.9658036231994629
vn 0.0004885197849944234 -0.2574499249458313 -0.9658036231994629
vn -0.6951636672019958 0.7186126112937927 0.0004885197849944234
vn -0.6951636672019958 0.7186126112937927 0.0004885197849944234
vn -0.6951636672019958 0.7186126112937927 0.0004885197849944234
vn -0.47142159938812256 -0.0952613577246666 -0.8768930435180664
vn -0.47142159938812256 -0.0952613577246666 -0.8768930435180664
vn -0.47142159938812256 -0.0952613577246666 -0.8768930435180664
vn 0.47337567806243896 -0.0952613577246666 -0.8759160041809082
vn 0.47337567806243896 -0.0952613577246666 -0.8759160041809082
vn 0.47337567806243896 -0.0952613577246666 -0.8759160041809082
vn -0.6394724249839783 0.0034196386113762856 0.7694186568260193
vn -0.6394724249839783 0.0034196386113762856 0.7694186568260193
vn -0.6394724249839783 0.0034196386113762856 0.7694186568260193
vn 0.6384953856468201 -0.7381533980369568 -0.21739129722118378
vn 0.6384953856468201 -0.7381533980369568 -0.21739129722118378
vn 0.6384953856468201 -0.7381533980369568 -0.21739129722118378
vn 0.6384953856468201 -0.7381533980369568 -0.21739129722118378
vn -0.6384953856468201 -0.7381533980369568 -0.21739129722118378
vn -0.6384953856468201 -0.7381533980369568 -0.21739129722118378
vn -0.6384953856468201 -0.7381533980369568 -0.21739129722118378
vn -0.6384953856468201 -0.7381533980369568 -0.21739129722118378
vn 0.0004885197849944234 -0.018075231462717056 -1
vn 0.0004885197849944234 -0.018075231462717056 -1
vn 0.0004885197849944234 -0.018075231462717056 -1
vn 0.0004885197849944234 -0.018075231462717056 -1
vn -0.8055691123008728 0.5925744771957397 0.0004885197849944234
vn -0.8055691123008728 0.5925744771957397 0.0004885197849944234
vn -0.8055691123008728 0.5925744771957397 0.0004885197849944234
vn -0.8055691123008728 0.5925744771957397 0.0004885197849944234
vn -0.8055691123008728 0.5925744771957397 0.0004885197849944234
vn -0.8055691123008728 0.5925744771957397 0.0004885197849944234
vn 0.0004885197849944234 0.0004885197849944234 -1
vn 0.0004885197849944234 0.0004885197849944234 -1
vn 0.0004885197849944234 0.0004885197849944234 -1
vn 0.0004885197849944234 0.0004885197849944234 -1
vn 0.0004885197849944234 0.0004885197849944234 -1
vn 0.0004885197849944234 0.0004885197849944234 -1
vn 0.0004885197849944234 -0.0014655593549832702 -1
vn 0.0004885197849944234 -0.0014655593549832702 -1
vn 0.0004885197849944234 -0.0014655593549832702 -1
vn 0.0004885197849944234 -0.0024425990413874388 -1
vn 0.0004885197849944234 -0.0024425990413874388 -1
vn 0.0004885197849944234 -0.0024425990413874388 -1
vn 0.0004885197849944234 -0.0024425990413874388 -1
vn 0.0004885197849944234 -0.0024425990413874388 -1
vn 0.0004885197849944234 -0.0024425990413874388 -1
vn -0.0014655593549832702 -0.0024425990413874388 -1
vn -0.0014655593549832702 -0.0024425990413874388 -1
vn -0.0014655593549832702 -0.0024425990413874388 -1
vn 0.0004885197849944234 -0.0014655593549832702 -1
vn 0.0004885197849944234 -0.0014655593549832702 -1
vn 0.0004885197849944234 -0.0014655593549832702 -1
vn 0.0014655593549832702 -0.0024425990413874388 -1
vn 0.0014655593549832702 -0.0024425990413874388 -1
vn 0.0014655593549832702 -0.0024425990413874388 -1
vn -0.5232046842575073 -0.21934539079666138 -0.8231558203697205
vn -0.5232046842575073 -0.21934539079666138 -0.8231558203697205
vn -0.5232046842575073 -0.21934539079666138 -0.8231558203697205
vn 0.5261358022689819 -0.21934539079666138 -0.8221787810325623
vn 0.5261358022689819 -0.21934539079666138 -0.8221787810325623
vn 0.5261358022689819 -0.21934539079666138 -0.8221787810325623
vn 0.9833903312683105 -0.17440156638622284 0.04152418300509453
vn 0.9833903312683105 -0.17440156638622284 0.04152418300509453
vn 0.9833903312683105 -0.17440156638622284 0.04152418300509453
vn 0.9833903312683105 -0.17440156638622284 0.04152418300509453
vn -0.9833903312683105 -0.17440156638622284 0.04152418300509453
vn -0.9833903312683105 -0.17440156638622284 0.04152418300509453
vn -0.9833903312683105 -0.17440156638622284 0.04152418300509453
vn -0.9833903312683105 -0.17440156638622284 0.04152418300509453
vn 0.7899364829063416 -0.5994137525558472 -0.1265266239643097
vn 0.7899364829063416 -0.5994137525558472 -0.1265266239643097
vn 0.7899364829063416 -0.5994137525558472 -0.1265266239643097
vn -0.7899364829063416 -0.5994137525558472 -0.1265266239643097
vn -0.7899364829063416 -0.5994137525558472 -0.1265266239643097
vn -0.7899364829063416 -0.5994137525558472 -0.1265266239643097
vn 0.8094772696495056 0.01123595517128706 0.5876892805099487
vn 0.8094772696495056 0.01123595517128706 0.5876892805099487
vn 0.8094772696495056 0.01123595517128706 0.5876892805099487
vn 0.8094772696495056 0.01123595517128706 0.5876892805099487
vn -0.8094772696495056 0.01123595517128706 0.5876892805099487
vn -0.8094772696495056 0.01123595517128706 0.5876892805099487
vn -0.8094772696495056 0.01123595517128706 0.5876892805099487
vn -0.8094772696495056 0.01123595517128706 0.5876892805099487
vn 0.4147532880306244 -0.8886175155639648 0.1968734711408615
vn 0.4147532880306244 -0.8886175155639648 0.1968734711408615
vn 0.4147532880306244 -0.8886175155639648 0.1968734711408615
vn 0.4147532880306244 -0.8886175155639648 0.1968734711408615
vn -0.4147532880306244 -0.8886175155639648 0.1968734711408615
vn -0.4147532880306244 -0.8886175155639648 0.1968734711408615
vn -0.4147532880306244 -0.8886175155639648 0.1968734711408615
vn -0.4147532880306244 -0.8886175155639648 0.1968734711408615
vn 0.6687836050987244 0.744015634059906 0.0004885197849944234
vn 0.6687836050987244 0.744015634059906 0.0004885197849944234
vn 0.6687836050987244 0.744015634059906 0.0004885197849944234
vn 0.6687836050987244 0.744015634059906 0.0004885197849944234
vn 0.6687836050987244 0.744015634059906 0.0004885197849944234
vn 0.6687836050987244 0.744015634059906 0.0004885197849944234
vn 0.6687836050987244 0.744015634059906 0.0004885197849944234
vn 0.6687836050987244 0.744015634059906 0.0004885197849944234
vn 0.6687836050987244 0.744015634059906 0.0004885197849944234
vn 0.6687836050987244 0.744015634059906 0.0004885197849944234
vn 0.6707376837730408 0.7420615553855896 0.0004885197849944234
vn 0.6707376837730408 0.7420615553855896 0.0004885197849944234
vn 0.6707376837730408 0.7420615553855896 0.0004885197849944234
vn 0.6707376837730408 0.7420615553855896 0.0004885197849944234
vn 0.686370313167572 0.7264289259910583 0.0004885197849944234
vn 0.686370313167572 0.7264289259910583 0.0004885197849944234
vn 0.686370313167572 0.7264289259910583 0.0004885197849944234
vn 0.686370313167572 0.7264289259910583 0.0004885197849944234
vn 0.7606253027915955 -0.21543721854686737 -0.6121152639389038
vn 0.7606253027915955 -0.21543721854686737 -0.6121152639389038
vn 0.7606253027915955 -0.21543721854686737 -0.6121152639389038
vn -0.7606253027915955 -0.21543721854686737 -0.6121152639389038
vn -0.7606253027915955 -0.21543721854686737 -0.6121152639389038
vn -0.7606253027915955 -0.21543721854686737 -0.6121152639389038
vn 0.9804592132568359 -0.15192964673042297 0.12164142727851868
vn 0.9804592132568359 -0.15192964673042297 0.12164142727851868
vn 0.9804592132568359 -0.15192964673042297 0.12164142727851868
vn 0.9804592132568359 -0.15192964673042297 0.12164142727851868
vn 0.9804592132568359 -0.15192964673042297 0.12164142727851868
vn 0.9804592132568359 -0.15192964673042297 0.12164142727851868
vn -0.9804592132568359 -0.15192964673042297 0.12164142727851868
vn -0.9804592132568359 -0.15192964673042297 0.12164142727851868
vn -0.9804592132568359 -0.15192964673042297 0.12164142727851868
vn -0.9804592132568359 -0.15192964673042297 0.12164142727851868
vn -0.9804592132568359 -0.15192964673042297 0.12164142727851868
vn -0.9804592132568359 -0.15192964673042297 0.12164142727851868
vn 0.5232046842575073 0.08842208236455917 -0.8475818037986755
vn 0.5232046842575073 0.08842208236455917 -0.8475818037986755
vn 0.5232046842575073 0.08842208236455917 -0.8475818037986755
vn 0.5232046842575073 0.08842208236455917 -0.8475818037986755
vn -0.5232046842575073 0.08842208236455917 -0.8475818037986755
vn -0.5232046842575073 0.08842208236455917 -0.8475818037986755
vn -0.5232046842575073 0.08842208236455917 -0.8475818037986755
vn -0.5232046842575073 0.08842208236455917 -0.8475818037986755
vn 0.33561310172080994 -0.11675623059272766 0.9345383644104004
vn 0.33561310172080994 -0.11675623059272766 0.9345383644104004
vn 0.33561310172080994 -0.11675623059272766 0.9345383644104004
vn 0.33561310172080994 -0.11675623059272766 0.9345383644104004
vn -0.33561310172080994 -0.11675623059272766 0.9345383644104004
vn -0.33561310172080994 -0.11675623059272766 0.9345383644104004
vn -0.33561310172080994 -0.11675623059272766 0.9345383644104004
vn -0.33561310172080994 -0.11675623059272766 0.9345383644104004
vn 0.6834391951560974 0.14411333203315735 0.7156814932823181
vn 0.6834391951560974 0.14411333203315735 0.7156814932823181
vn 0.6834391951560974 0.14411333203315735 0.7156814932823181
vn 0.9833903312683105 -0.17440156638622284 0.04152418300509453
vn 0.9833903312683105 -0.17440156638622284 0.04152418300509453
vn 0.9833903312683105 -0.17440156638622284 0.04152418300509453
vn 0.9833903312683105 -0.17440156638622284 0.04152418300509453
vn -0.9833903312683105 -0.17440156638622284 0.04152418300509453
vn -0.9833903312683105 -0.17440156638622284 0.04152418300509453
vn -0.9833903312683105 -0.17440156638622284 0.04152418300509453
vn -0.9833903312683105 -0.17440156638622284 0.04152418300509453
vn -0.5886663198471069 -0.5593551397323608 0.5837811231613159
vn -0.5886663198471069 -0.5593551397323608 0.5837811231613159
vn -0.5886663198471069 -0.5593551397323608 0.5837811231613159
vn 0.5886663198471069 -0.5251587629318237 0.6150463819503784
vn 0.5886663198471069 -0.5251587629318237 0.6150463819503784
vn 0.5886663198471069 -0.5251587629318237 0.6150463819503784
vn -0.7703956961631775 -0.2642892003059387 0.5798729658126831
vn -0.7703956961631775 -0.2642892003059387 0.5798729658126831
vn -0.7703956961631775 -0.2642892003059387 0.5798729658126831
vn -0.7674645781517029 -0.27210551500320435 0.5808500051498413
vn -0.7674645781517029 -0.27210551500320435 0.5808500051498413
vn -0.7674645781517029 -0.27210551500320435 0.5808500051498413
vn 0.7782120108604431 -0.17635564506053925 0.6023448705673218
vn 0.7782120108604431 -0.17635564506053925 0.6023448705673218
vn 0.7782120108604431 -0.17635564506053925 0.6023448705673218
vn -0.8397654891014099 -0.23204690217971802 0.4909623861312866
vn -0.8397654891014099 -0.23204690217971802 0.4909623861312866
vn -0.8397654891014099 -0.23204690217971802 0.4909623861312866
vn 0.5437225103378296 -0.8133854269981384 0.20859794318675995
vn 0.5437225103378296 -0.8133854269981384 0.20859794318675995
vn 0.5437225103378296 -0.8133854269981384 0.20859794318675995
vn 0.5437225103378296 -0.8133854269981384 0.20859794318675995
vn 0.5437225103378296 -0.8133854269981384 0.20859794318675995
vn 0.5437225103378296 -0.8133854269981384 0.20859794318675995
vn -0.5437225103378296 -0.8133854269981384 0.20859794318675995
vn -0.5437225103378296 -0.8133854269981384 0.20859794318675995
vn -0.5437225103378296 -0.8133854269981384 0.20859794318675995
vn -0.5437225103378296 -0.8133854269981384 0.20859794318675995
vn -0.5437225103378296 -0.8133854269981384 0.20859794318675995
vn -0.5437225103378296 -0.8133854269981384 0.20859794318675995
vn -0.39912065863609314 -0.9042501449584961 -0.15388372540473938
vn -0.39912065863609314 -0.9042501449584961 -0.15388372540473938
vn -0.39912065863609314 -0.9042501449584961 -0.15388372540473938
vn 0.39912065863609314 -0.9042501449584961 -0.15388372540473938
vn 0.39912065863609314 -0.9042501449584961 -0.15388372540473938
vn 0.39912065863609314 -0.9042501449584961 -0.15388372540473938
vn 0.0004885197849944234 1 0.0004885197849944234
vn 0.0004885197849944234 1 0.0004885197849944234
vn 0.0004885197849944234 1 0.0004885197849944234
vn 0.0004885197849944234 1 0.0004885197849944234
vn 0.0004885197849944234 1 0.0004885197849944234
vn 0.0004885197849944234 1 0.0004885197849944234
vn 0.0004885197849944234 1 0.0004885197849944234
vn 0.0004885197849944234 1 0.0004885197849944234
vn -0.7098192572593689 0.09916951507329941 0.6980947852134705
vn -0.7098192572593689 0.09916951507329941 0.6980947852134705
vn -0.7098192572593689 0.09916951507329941 0.6980947852134705
vn 0.6795310378074646 0.23302394151687622 0.696140706539154
vn 0.6795310378074646 0.23302394151687622 0.696140706539154
vn 0.6795310378074646 0.23302394151687622 0.696140706539154
vn 0.6404494643211365 -0.47435271739959717 0.6042989492416382
vn 0.6404494643211365 -0.47435271739959717 0.6042989492416382
vn 0.6404494643211365 -0.47435271739959717 0.6042989492416382
vn -0.5515388250350952 0.8329262137413025 -0.03468490391969681
vn -0.5515388250350952 0.8329262137413025 -0.03468490391969681
vn -0.5515388250350952 0.8329262137413025 -0.03468490391969681
vn 0.3180263936519623 0.0004885197849944234 -0.9482169151306152
vn 0.3180263936519623 0.0004885197849944234 -0.9482169151306152
vn 0.3180263936519623 0.0004885197849944234 -0.9482169151306152
vn 0.3180263936519623 0.0004885197849944234 -0.9482169151306152
vn 0.5515388250350952 0.8329262137413025 -0.03468490391969681
vn 0.5515388250350952 0.8329262137413025 -0.03468490391969681
vn 0.5515388250350952 0.8329262137413025 -0.03468490391969681
vn 0.0004885197849944234 0.0004885197849944234 -1
vn 0.0004885197849944234 0.0004885197849944234 -1
vn 0.0004885197849944234 0.0004885197849944234 -1
vn 0.8993649482727051 0.43624815344810486 0.0004885197849944234
vn 0.8993649482727051 0.43624815344810486 0.0004885197849944234
vn 0.8993649482727051 0.43624815344810486 0.0004885197849944234
vn 0.8993649482727051 0.43624815344810486 0.0004885197849944234
vn 0.0004885197849944234 -0.027845628559589386 -1
vn 0.0004885197849944234 -0.027845628559589386 -1
vn 0.0004885197849944234 -0.027845628559589386 -1
vn 0.9237909317016602 -0.37371763586997986 0.08255984634160995
vn 0.9237909317016602 -0.37371763586997986 0.08255984634160995
vn 0.9237909317016602 -0.37371763586997986 0.08255984634160995
vn 0.0004885197849944234 -0.027845628559589386 -1
vn 0.0004885197849944234 -0.027845628559589386 -1
vn 0.0004885197849944234 -0.027845628559589386 -1
vn 0.9237909317016602 -0.37371763586997986 0.08255984634160995
vn 0.9237909317016602 -0.37371763586997986 0.08255984634160995
vn 0.9237909317016602 -0.37371763586997986 0.08255984634160995
vn -0.9237909317016602 -0.37371763586997986 0.08255984634160995
vn -0.9237909317016602 -0.37371763586997986 0.08255984634160995
vn -0.9237909317016602 -0.37371763586997986 0.08255984634160995
vn -0.9237909317016602 -0.37371763586997986 0.08255984634160995
vn -0.6687836050987244 0.5906203985214233 -0.4518808126449585
vn -0.6687836050987244 0.5906203985214233 -0.4518808126449585
vn -0.6687836050987244 0.5906203985214233 -0.4518808126449585
vn 0.6707376837730408 0.5886663198471069 -0.4499267339706421
vn 0.6707376837730408 0.5886663198471069 -0.4499267339706421
vn 0.6707376837730408 0.5886663198471069 -0.4499267339706421
vn 0.8075231909751892 0.5896433591842651 0.0004885197849944234
vn 0.8075231909751892 0.5896433591842651 0.0004885197849944234
vn 0.8075231909751892 0.5896433591842651 0.0004885197849944234
vn 0.8075231909751892 0.5896433591842651 0.0004885197849944234
vn 0.8075231909751892 0.5896433591842651 0.0004885197849944234
vn 0.8075231909751892 0.5896433591842651 0.0004885197849944234
vn 0.3492916524410248 0.0004885197849944234 -0.9364924430847168
vn 0.3492916524410248 0.0004885197849944234 -0.9364924430847168
vn 0.3492916524410248 0.0004885197849944234 -0.9364924430847168
vn 0.3492916524410248 0.0004885197849944234 -0.9364924430847168
vn 0.4450415372848511 -0.6384953856468201 -0.6277479529380798
vn 0.4450415372848511 -0.6384953856468201 -0.6277479529380798
vn 0.4450415372848511 -0.6384953856468201 -0.6277479529380798
vn 0.4450415372848511 -0.6384953856468201 -0.6277479529380798
vn 0.4450415372848511 -0.6384953856468201 -0.6277479529380798
vn 0.4450415372848511 -0.6384953856468201 -0.6277479529380798
vn -0.4450415372848511 -0.6384953856468201 -0.6277479529380798
vn -0.4450415372848511 -0.6384953856468201 -0.6277479529380798
vn -0.4450415372848511 -0.6384953856468201 -0.6277479529380798
vn -0.4450415372848511 -0.6384953856468201 -0.6277479529380798
vn 0.821201741695404 -0.550561785697937 0.14997556805610657
vn 0.821201741695404 -0.550561785697937 0.14997556805610657
vn 0.821201741695404 -0.550561785697937 0.14997556805610657
vn 0.821201741695404 -0.550561785697937 0.14997556805610657
vn 0.821201741695404 -0.550561785697937 0.14997556805610657
vn 0.821201741695404 -0.550561785697937 0.14997556805610657
vn -0.821201741695404 -0.550561785697937 0.14997556805610657
vn -0.821201741695404 -0.550561785697937 0.14997556805610657
vn -0.821201741695404 -0.550561785697937 0.14997556805610657
vn -0.821201741695404 -0.550561785697937 0.14997556805610657
vn -0.821201741695404 -0.550561785697937 0.14997556805610657
vn -0.821201741695404 -0.550561785697937 0.14997556805610657
vn 0.0004885197849944234 0.696140706539154 0.7176355719566345
vn 0.0004885197849944234 0.696140706539154 0.7176355719566345
vn 0.0004885197849944234 0.696140706539154 0.7176355719566345
vn 0.13434293866157532 0.060087934136390686 0.9892525672912598
vn 0.13434293866157532 0.060087934136390686 0.9892525672912598
vn 0.13434293866157532 0.060087934136390686 0.9892525672912598
vn -0.7234978079795837 0.46751344203948975 0.5075720548629761
vn -0.7234978079795837 0.46751344203948975 0.5075720548629761
vn -0.7234978079795837 0.46751344203948975 0.5075720548629761
vn 0.8983879089355469 -0.42843183875083923 0.0952613577246666
vn 0.8983879089355469 -0.42843183875083923 0.0952613577246666
vn 0.8983879089355469 -0.42843183875083923 0.0952613577246666
vn 0.8983879089355469 -0.42843183875083923 0.0952613577246666
vn 0.8983879089355469 -0.42843183875083923 0.0952613577246666
vn 0.8983879089355469 -0.42843183875083923 0.0952613577246666
vn -0.006350757088512182 0.2515876889228821 0.9677577018737793
vn -0.006350757088512182 0.2515876889228821 0.9677577018737793
vn -0.006350757088512182 0.2515876889228821 0.9677577018737793
vn -0.8983879089355469 -0.42843183875083923 0.0952613577246666
vn -0.8983879089355469 -0.42843183875083923 0.0952613577246666
vn -0.8983879089355469 -0.42843183875083923 0.0952613577246666
vn -0.8983879089355469 -0.42843183875083923 0.0952613577246666
vn 0.0004885197849944234 0.27112847566604614 0.9628725051879883
vn 0.0004885197849944234 0.27112847566604614 0.9628725051879883
vn 0.0004885197849944234 0.27112847566604614 0.9628725051879883
vn -0.007327796891331673 0.2652662396430969 0.9638495445251465
vn -0.007327796891331673 0.2652662396430969 0.9638495445251465
vn -0.007327796891331673 0.2652662396430969 0.9638495445251465
vn -0.7352222800254822 0.4772838354110718 0.4811919927597046
vn -0.7352222800254822 0.4772838354110718 0.4811919927597046
vn -0.7352222800254822 0.4772838354110718 0.4811919927597046
vn -0.0004885197849944234 0.27503663301467896 0.9609184265136719
vn -0.0004885197849944234 0.27503663301467896 0.9609184265136719
vn -0.0004885197849944234 0.27503663301467896 0.9609184265136719
vn 0.0004885197849944234 0.27112847566604614 0.9628725051879883
vn 0.0004885197849944234 0.27112847566604614 0.9628725051879883
vn 0.0004885197849944234 0.27112847566604614 0.9628725051879883
vn 0.012212994508445263 0.2623351216316223 0.9648265838623047
vn 0.012212994508445263 0.2623351216316223 0.9648265838623047
vn 0.012212994508445263 0.2623351216316223 0.9648265838623047
vn 0.0014655593549832702 0.27112847566604614 0.9628725051879883
vn 0.0014655593549832702 0.27112847566604614 0.9628725051879883
vn 0.0014655593549832702 0.27112847566604614 0.9628725051879883
vn -0.0014655593549832702 0.27112847566604614 0.9628725051879883
vn -0.0014655593549832702 0.27112847566604614 0.9628725051879883
vn -0.0014655593549832702 0.27112847566604614 0.9628725051879883
vn -0.0034196386113762856 0.27015143632888794 0.9628725051879883
vn -0.0034196386113762856 0.27015143632888794 0.9628725051879883
vn -0.0034196386113762856 0.27015143632888794 0.9628725051879883
vn 0.0004885197849944234 0.27210551500320435 0.9618954658508301
vn 0.0004885197849944234 0.27210551500320435 0.9618954658508301
vn 0.0004885197849944234 0.27210551500320435 0.9618954658508301
vn 0.005373717751353979 0.27015143632888794 0.9628725051879883
vn 0.005373717751353979 0.27015143632888794 0.9628725051879883
vn 0.005373717751353979 0.27015143632888794 0.9628725051879883
vn 0.8026379942893982 0.5964826345443726 0.0004885197849944234
vn 0.8026379942893982 0.5964826345443726 0.0004885197849944234
vn 0.8026379942893982 0.5964826345443726 0.0004885197849944234
vn 0.8026379942893982 0.5964826345443726 0.0004885197849944234
vn 0.8026379942893982 0.5964826345443726 0.0004885197849944234
vn 0.8026379942893982 0.5964826345443726 0.0004885197849944234
vn -0.3199804723262787 0.6883243918418884 0.6502198576927185
vn -0.3199804723262787 0.6883243918418884 0.6502198576927185
vn -0.3199804723262787 0.6883243918418884 0.6502198576927185
vn 0.0004885197849944234 0.2506106495857239 0.9677577018737793
vn 0.0004885197849944234 0.2506106495857239 0.9677577018737793
vn 0.0004885197849944234 0.2506106495857239 0.9677577018737793
vn 0.0004885197849944234 0.2506106495857239 0.9677577018737793
vn 0.0004885197849944234 0.2506106495857239 0.9677577018737793
vn 0.0004885197849944234 0.2506106495857239 0.9677577018737793
vn 0.0004885197849944234 0.2506106495857239 0.9677577018737793
vn 0.0004885197849944234 0.2506106495857239 0.9677577018737793
vn 0.0004885197849944234 0.2506106495857239 0.9677577018737793
vn 0.0004885197849944234 0.2506106495857239 0.9677577018737793
vn 0.020029311999678612 0.1314118206501007 0.9912066459655762
vn 0.020029311999678612 0.1314118206501007 0.9912066459655762
vn 0.020029311999678612 0.1314118206501007 0.9912066459655762
vn 0.0004885197849944234 0.2506106495857239 0.9677577018737793
vn 0.0004885197849944234 0.2506106495857239 0.9677577018737793
vn 0.0004885197849944234 0.2506106495857239 0.9677577018737793
vn 0.47239863872528076 0.6570591330528259 0.5867122411727905
vn 0.47239863872528076 0.6570591330528259 0.5867122411727905
vn 0.47239863872528076 0.6570591330528259 0.5867122411727905
vn 0.47239863872528076 0.6570591330528259 0.5867122411727905
vn 0.47239863872528076 0.6570591330528259 0.5867122411727905
vn 0.47239863872528076 0.6570591330528259 0.5867122411727905
vn -0.07767464220523834 -0.03957010433077812 0.9960918426513672
vn -0.07767464220523834 -0.03957010433077812 0.9960918426513672
vn -0.07767464220523834 -0.03957010433077812 0.9960918426513672
vn -0.07767464220523834 -0.03957010433077812 0.9960918426513672
vn -0.07767464220523834 -0.03957010433077812 0.9960918426513672
vn -0.07767464220523834 -0.03957010433077812 0.9960918426513672
vn 0.412799209356308 0.6150463819503784 0.671714723110199
vn 0.412799209356308 0.6150463819503784 0.671714723110199
vn 0.412799209356308 0.6150463819503784 0.671714723110199
vn -0.47239863872528076 0.6570591330528259 0.5867122411727905
vn -0.47239863872528076 0.6570591330528259 0.5867122411727905
vn -0.47239863872528076 0.6570591330528259 0.5867122411727905
vn -0.47239863872528076 0.6570591330528259 0.5867122411727905
vn -0.47239863872528076 0.6570591330528259 0.5867122411727905
vn -0.47239863872528076 0.6570591330528259 0.5867122411727905
vn 0.412799209356308 0.6150463819503784 0.671714723110199
vn 0.412799209356308 0.6150463819503784 0.671714723110199
vn 0.412799209356308 0.6150463819503784 0.671714723110199
vn 0.24084025621414185 0.0639960914850235 0.9687347412109375
vn 0.24084025621414185 0.0639960914850235 0.9687347412109375
vn 0.24084025621414185 0.0639960914850235 0.9687347412109375
vn -0.2926233410835266 0.227161705493927 0.9286761283874512
vn -0.2926233410835266 0.227161705493927 0.9286761283874512
vn -0.2926233410835266 0.227161705493927 0.9286761283874512
vn -0.2926233410835266 0.227161705493927 0.9286761283874512
vn -0.2926233410835266 0.227161705493927 0.9286761283874512
vn -0.2926233410835266 0.227161705493927 0.9286761283874512
vn -0.0639960914850235 0.350268691778183 0.9345383644104004
vn -0.0639960914850235 0.350268691778183 0.9345383644104004
vn -0.0639960914850235 0.350268691778183 0.9345383644104004
vn 0.7205666899681091 0.5134342908859253 0.46653640270233154
vn 0.7205666899681091 0.5134342908859253 0.46653640270233154
vn 0.7205666899681091 0.5134342908859253 0.46653640270233154
vn -0.6345872282981873 0.5466536283493042 0.5466536283493042
vn -0.6345872282981873 0.5466536283493042 0.5466536283493042
vn -0.6345872282981873 0.5466536283493042 0.5466536283493042
vn 0.8456277251243591 -0.11675623059272766 0.5212506055831909
vn 0.8456277251243591 -0.11675623059272766 0.5212506055831909
vn 0.8456277251243591 -0.11675623059272766 0.5212506055831909
vn 0.8456277251243591 -0.11675623059272766 0.5212506055831909
vn -0.10014655441045761 0.30337077379226685 0.947239875793457
vn -0.10014655441045761 0.30337077379226685 0.947239875793457
vn -0.10014655441045761 0.30337077379226685 0.947239875793457
vn 0.21348313987255096 0.4518808126449585 0.8661455512046814
vn 0.21348313987255096 0.4518808126449585 0.8661455512046814
vn 0.21348313987255096 0.4518808126449585 0.8661455512046814
vn -0.227161705493927 0.009281875565648079 0.9736199378967285
vn -0.227161705493927 0.009281875565648079 0.9736199378967285
vn -0.227161705493927 0.009281875565648079 0.9736199378967285
vn -0.227161705493927 0.009281875565648079 0.9736199378967285
vn 0.6463117003440857 0.5495847463607788 0.5300439596176147
vn 0.6463117003440857 0.5495847463607788 0.5300439596176147
vn 0.6463117003440857 0.5495847463607788 0.5300439596176147
vn -0.10893990844488144 0.531020998954773 0.8407425284385681
vn -0.10893990844488144 0.531020998954773 0.8407425284385681
vn -0.10893990844488144 0.531020998954773 0.8407425284385681
vn -0.10893990844488144 0.531020998954773 0.8407425284385681
vn -0.4196384847164154 0.6922325491905212 0.5876892805099487
vn -0.4196384847164154 0.6922325491905212 0.5876892805099487
vn -0.4196384847164154 0.6922325491905212 0.5876892805099487
vn -0.6990718245506287 0.5583781003952026 0.4460185766220093
vn -0.6990718245506287 0.5583781003952026 0.4460185766220093
vn -0.6990718245506287 0.5583781003952026 0.4460185766220093
vn 0.8280410170555115 -0.5017098188400269 -0.2506106495857239
vn 0.8280410170555115 -0.5017098188400269 -0.2506106495857239
vn 0.8280410170555115 -0.5017098188400269 -0.2506106495857239
vn -0.7332682013511658 0.550561785697937 0.39814361929893494
vn -0.7332682013511658 0.550561785697937 0.39814361929893494
vn -0.7332682013511658 0.550561785697937 0.39814361929893494
vn -0.8280410170555115 -0.5017098188400269 -0.2506106495857239
vn -0.8280410170555115 -0.5017098188400269 -0.2506106495857239
vn -0.8280410170555115 -0.5017098188400269 -0.2506106495857239
vn 1 0.0004885197849944234 0.0004885197849944234
vn 1 0.0004885197849944234 0.0004885197849944234
vn 1 0.0004885197849944234 0.0004885197849944234
vn 1 0.0004885197849944234 0.0004885197849944234
vn -1 0.0004885197849944234 0.0004885197849944234
vn -1 0.0004885197849944234 0.0004885197849944234
vn -1 0.0004885197849944234 0.0004885197849944234
vn -1 0.0004885197849944234 0.0004885197849944234
vn 0.0004885197849944234 0.0004885197849944234 -1
vn 0.0004885197849944234 0.0004885197849944234 -1
vn 0.0004885197849944234 0.0004885197849944234 -1
vn 0.0004885197849944234 0.0004885197849944234 -1
vn -0.5613092184066772 0.5534929037094116 0.6150463819503784
vn -0.5613092184066772 0.5534929037094116 0.6150463819503784
vn -0.5613092184066772 0.5534929037094116 0.6150463819503784
vn -0.5515388250350952 0.5779188871383667 0.6013678312301636
vn -0.5515388250350952 0.5779188871383667 0.6013678312301636
vn -0.5515388250350952 0.5779188871383667 0.6013678312301636
vn 0.13336589932441711 0.6971177458763123 0.7049340605735779
vn 0.13336589932441711 0.6971177458763123 0.7049340605735779
vn 0.13336589932441711 0.6971177458763123 0.7049340605735779
vn 0.13727405667304993 0.6932095885276794 0.7068881392478943
vn 0.13727405667304993 0.6932095885276794 0.7068881392478943
vn 0.13727405667304993 0.6932095885276794 0.7068881392478943
vn 0.13336589932441711 0.6971177458763123 0.7049340605735779
vn 0.13336589932441711 0.6971177458763123 0.7049340605735779
vn 0.13336589932441711 0.6971177458763123 0.7049340605735779
vn 0.1323888599872589 0.6932095885276794 0.7088422179222107
vn 0.1323888599872589 0.6932095885276794 0.7088422179222107
vn 0.1323888599872589 0.6932095885276794 0.7088422179222107
vn 0.1323888599872589 0.6932095885276794 0.7088422179222107
vn 0.9980459213256836 0.015144113451242447 0.053248655050992966
vn 0.9980459213256836 0.015144113451242447 0.053248655050992966
vn 0.9980459213256836 0.015144113451242447 0.053248655050992966
vn 0.1284807026386261 0.696140706539154 0.7059110999107361
vn 0.1284807026386261 0.696140706539154 0.7059110999107361
vn 0.1284807026386261 0.696140706539154 0.7059110999107361
vn 0.9980459213256836 0.018075231462717056 0.05129457637667656
vn 0.9980459213256836 0.018075231462717056 0.05129457637667656
vn 0.9980459213256836 0.018075231462717056 0.05129457637667656
vn -0.9980459213256836 0.018075231462717056 0.05129457637667656
vn -0.9980459213256836 0.018075231462717056 0.05129457637667656
vn -0.9980459213256836 0.018075231462717056 0.05129457637667656
vn -0.9980459213256836 0.015144113451242447 0.053248655050992966
vn -0.9980459213256836 0.015144113451242447 0.053248655050992966
vn -0.9980459213256836 0.015144113451242447 0.053248655050992966
vn 0.14118221402168274 0.7195896506309509 0.6795310378074646
vn 0.14118221402168274 0.7195896506309509 0.6795310378074646
vn 0.14118221402168274 0.7195896506309509 0.6795310378074646
vn 0.14118221402168274 0.7195896506309509 0.6795310378074646
vn 0.7889594435691833 0.09916951507329941 0.6062530279159546
vn 0.7889594435691833 0.09916951507329941 0.6062530279159546
vn 0.7889594435691833 0.09916951507329941 0.6062530279159546
vn 0.6922325491905212 0.7166585326194763 -0.09037616103887558
vn 0.6922325491905212 0.7166585326194763 -0.09037616103887558
vn 0.6922325491905212 0.7166585326194763 -0.09037616103887558
vn 0.6922325491905212 0.7166585326194763 -0.09037616103887558
vn 0.6922325491905212 0.7166585326194763 -0.09037616103887558
vn 0.6922325491905212 0.7166585326194763 -0.09037616103887558
vn 0.8583292365074158 0.49877870082855225 -0.11968734860420227
vn 0.8583292365074158 0.49877870082855225 -0.11968734860420227
vn 0.8583292365074158 0.49877870082855225 -0.11968734860420227
vn -0.6922325491905212 0.7166585326194763 -0.09037616103887558
vn -0.6922325491905212 0.7166585326194763 -0.09037616103887558
vn -0.6922325491905212 0.7166585326194763 -0.09037616103887558
vn 0.8583292365074158 0.49877870082855225 -0.11968734860420227
vn 0.8583292365074158 0.49877870082855225 -0.11968734860420227
vn 0.8583292365074158 0.49877870082855225 -0.11968734860420227
vn -0.6922325491905212 0.7166585326194763 -0.09037616103887558
vn -0.6922325491905212 0.7166585326194763 -0.09037616103887558
vn -0.6922325491905212 0.7166585326194763 -0.09037616103887558
vn -0.8583292365074158 0.49877870082855225 -0.11968734860420227
vn -0.8583292365074158 0.49877870082855225 -0.11968734860420227
vn -0.8583292365074158 0.49877870082855225 -0.11968734860420227
vn -0.8583292365074158 0.49877870082855225 -0.11968734860420227
vn -0.8583292365074158 0.49877870082855225 -0.11968734860420227
vn -0.8583292365074158 0.49877870082855225 -0.11968734860420227
vn 0.6941866278648376 0.7029799818992615 -0.1558378040790558
vn 0.6941866278648376 0.7029799818992615 -0.1558378040790558
vn 0.6941866278648376 0.7029799818992615 -0.1558378040790558
vn 0.6941866278648376 0.7029799818992615 -0.1558378040790558
vn 0.6941866278648376 0.7029799818992615 -0.1558378040790558
vn 0.6941866278648376 0.7029799818992615 -0.1558378040790558
vn 0.6941866278648376 0.7029799818992615 -0.1558378040790558
vn 0.6941866278648376 0.7029799818992615 -0.1558378040790558
vn 0.6941866278648376 0.7029799818992615 -0.1558378040790558
vn 0.6941866278648376 0.7029799818992615 -0.1558378040790558
vn 0.6941866278648376 0.7029799818992615 -0.1558378040790558
vn 0.6941866278648376 0.7029799818992615 -0.1558378040790558
vn 0.6941866278648376 0.7029799818992615 -0.1558378040790558
vn 0.6941866278648376 0.7029799818992615 -0.1558378040790558
vn -0.6941866278648376 0.7020029425621033 -0.1558378040790558
vn -0.6941866278648376 0.7020029425621033 -0.1558378040790558
vn -0.6941866278648376 0.7020029425621033 -0.1558378040790558
vn -0.6941866278648376 0.7020029425621033 -0.1558378040790558
vn -0.6941866278648376 0.7029799818992615 -0.1558378040790558
vn -0.6941866278648376 0.7029799818992615 -0.1558378040790558
vn -0.6941866278648376 0.7029799818992615 -0.1558378040790558
vn -0.6941866278648376 0.7020029425621033 -0.1558378040790558
vn -0.6941866278648376 0.7020029425621033 -0.1558378040790558
vn -0.6941866278648376 0.7020029425621033 -0.1558378040790558
vn -0.6941866278648376 0.7020029425621033 -0.1558378040790558
vn -0.6941866278648376 0.7020029425621033 -0.1558378040790558
vn -0.6941866278648376 0.7020029425621033 -0.1558378040790558
vn -0.6941866278648376 0.7029799818992615 -0.1558378040790558
vn -0.6941866278648376 0.7029799818992615 -0.1558378040790558
vn -0.6941866278648376 0.7029799818992615 -0.1558378040790558
vn 0.6941866278648376 0.7029799818992615 -0.1558378040790558
vn 0.6941866278648376 0.7029799818992615 -0.1558378040790558
vn 0.6941866278648376 0.7029799818992615 -0.1558378040790558
vn 0.6941866278648376 0.7029799818992615 -0.1558378040790558
vn -0.6941866278648376 0.7020029425621033 -0.1558378040790558
vn -0.6941866278648376 0.7020029425621033 -0.1558378040790558
vn -0.6941866278648376 0.7020029425621033 -0.1558378040790558
vn -0.6941866278648376 0.7029799818992615 -0.1558378040790558
vn -0.6941866278648376 0.7029799818992615 -0.1558378040790558
vn -0.6941866278648376 0.7029799818992615 -0.1558378040790558
vn -0.04445530101656914 0.18710307776927948 0.9814362525939941
vn -0.04445530101656914 0.18710307776927948 0.9814362525939941
vn -0.04445530101656914 0.18710307776927948 0.9814362525939941
vn 0.6424035429954529 -0.7616023421287537 -0.08646800369024277
vn 0.6424035429954529 -0.7616023421287537 -0.08646800369024277
vn 0.6424035429954529 -0.7616023421287537 -0.08646800369024277
vn -0.01123595517128706 0.2515876889228821 0.9677577018737793
vn -0.01123595517128706 0.2515876889228821 0.9677577018737793
vn -0.01123595517128706 0.2515876889228821 0.9677577018737793
vn -0.6424035429954529 -0.7616023421287537 -0.08646800369024277
vn -0.6424035429954529 -0.7616023421287537 -0.08646800369024277
vn -0.6424035429954529 -0.7616023421287537 -0.08646800369024277
vn 0.0034196386113762856 0.2584269642829895 0.9658036231994629
vn 0.0034196386113762856 0.2584269642829895 0.9658036231994629
vn 0.0034196386113762856 0.2584269642829895 0.9658036231994629
vn 0.17733268439769745 0.806546151638031 0.5642403364181519
vn 0.17733268439769745 0.806546151638031 0.5642403364181519
vn 0.17733268439769745 0.806546151638031 0.5642403364181519
vn 0.007327796891331673 0.2506106495857239 0.9677577018737793
vn 0.007327796891331673 0.2506106495857239 0.9677577018737793
vn 0.007327796891331673 0.2506106495857239 0.9677577018737793
vn 0.0004885197849944234 0.24963361024856567 0.9687347412109375
vn 0.0004885197849944234 0.24963361024856567 0.9687347412109375
vn 0.0004885197849944234 0.24963361024856567 0.9687347412109375
vn 0.006350757088512182 0.2554958462715149 0.9667806625366211
vn 0.006350757088512182 0.2554958462715149 0.9667806625366211
vn 0.006350757088512182 0.2554958462715149 0.9667806625366211
vn 0.0014655593549832702 0.2506106495857239 0.9677577018737793
vn 0.0014655593549832702 0.2506106495857239 0.9677577018737793
vn 0.0014655593549832702 0.2506106495857239 0.9677577018737793
vn 0.009281875565648079 0.2584269642829895 0.9658036231994629
vn 0.009281875565648079 0.2584269642829895 0.9658036231994629
vn 0.009281875565648079 0.2584269642829895 0.9658036231994629
vn 0.0004885197849944234 0.2506106495857239 0.9677577018737793
vn 0.0004885197849944234 0.2506106495857239 0.9677577018737793
vn 0.0004885197849944234 0.2506106495857239 0.9677577018737793
vn 0.010258915834128857 0.2603810429573059 0.9658036231994629
vn 0.010258915834128857 0.2603810429573059 0.9658036231994629
vn 0.010258915834128857 0.2603810429573059 0.9658036231994629
vn 0.05813385546207428 0.9716658592224121 -0.2281387448310852
vn 0.05813385546207428 0.9716658592224121 -0.2281387448310852
vn 0.05813385546207428 0.9716658592224121 -0.2281387448310852
vn -0.05813385546207428 0.9716658592224121 -0.2281387448310852
vn -0.05813385546207428 0.9716658592224121 -0.2281387448310852
vn -0.05813385546207428 0.9716658592224121 -0.2281387448310852
vn 0.0004885197849944234 0.9726428985595703 -0.23302394151687622
vn 0.0004885197849944234 0.9726428985595703 -0.23302394151687622
vn 0.0004885197849944234 0.9726428985595703 -0.23302394151687622
vn 0.0004885197849944234 0.9726428985595703 -0.23302394151687622
vn 0.0004885197849944234 0.9726428985595703 -0.23302394151687622
vn 0.0004885197849944234 0.9726428985595703 -0.23302394151687622
vn 0.8553981184959412 0.5163654088973999 -0.050317537039518356
vn 0.8553981184959412 0.5163654088973999 -0.050317537039518356
vn 0.8553981184959412 0.5163654088973999 -0.050317537039518356
vn 0.8553981184959412 0.5163654088973999 -0.050317537039518356
vn 0.8553981184959412 0.5163654088973999 -0.050317537039518356
vn 0.8553981184959412 0.5163654088973999 -0.050317537039518356
vn -0.8553981184959412 0.5163654088973999 -0.050317537039518356
vn -0.8553981184959412 0.5163654088973999 -0.050317537039518356
vn -0.8553981184959412 0.5163654088973999 -0.050317537039518356
vn -0.8553981184959412 0.5163654088973999 -0.050317537039518356
vn -0.8553981184959412 0.5163654088973999 -0.050317537039518356
vn -0.8553981184959412 0.5163654088973999 -0.050317537039518356
vn 0.6932095885276794 -0.7137274146080017 -0.097215436398983
vn 0.6932095885276794 -0.7137274146080017 -0.097215436398983
vn 0.6932095885276794 -0.7137274146080017 -0.097215436398983
vn -0.6932095885276794 -0.7137274146080017 -0.097215436398983
vn -0.6932095885276794 -0.7137274146080017 -0.097215436398983
vn -0.6932095885276794 -0.7137274146080017 -0.097215436398983
vn 0.3287738263607025 0.550561785697937 0.7674645781517029
vn 0.3287738263607025 0.550561785697937 0.7674645781517029
vn 0.3287738263607025 0.550561785697937 0.7674645781517029
vn 0.3287738263607025 0.550561785697937 0.7674645781517029
vn -0.3287738263607025 0.550561785697937 0.7674645781517029
vn -0.3287738263607025 0.550561785697937 0.7674645781517029
vn -0.3287738263607025 0.550561785697937 0.7674645781517029
vn -0.3287738263607025 0.550561785697937 0.7674645781517029
vn 0.7811431288719177 0.4469956159591675 0.43624815344810486
vn 0.7811431288719177 0.4469956159591675 0.43624815344810486
vn 0.7811431288719177 0.4469956159591675 0.43624815344810486
vn 0.7889594435691833 -0.05129457637667656 -0.6121152639389038
vn 0.7889594435691833 -0.05129457637667656 -0.6121152639389038
vn 0.7889594435691833 -0.05129457637667656 -0.6121152639389038
vn 0.6941866278648376 0.7029799818992615 -0.1558378040790558
vn 0.6941866278648376 0.7029799818992615 -0.1558378040790558
vn 0.6941866278648376 0.7029799818992615 -0.1558378040790558
vn 0.6941866278648376 0.7029799818992615 -0.1558378040790558
vn 0.6941866278648376 0.7029799818992615 -0.1558378040790558
vn 0.6941866278648376 0.7029799818992615 -0.1558378040790558
vn -0.6941866278648376 0.7029799818992615 -0.1558378040790558
vn -0.6941866278648376 0.7029799818992615 -0.1558378040790558
vn -0.6941866278648376 0.7029799818992615 -0.1558378040790558
vn -0.6941866278648376 0.7029799818992615 -0.1558378040790558
vn -0.6941866278648376 0.7029799818992615 -0.1558378040790558
vn -0.6941866278648376 0.7029799818992615 -0.1558378040790558
vn 0.8583292365074158 0.49877870082855225 -0.11968734860420227
vn 0.8583292365074158 0.49877870082855225 -0.11968734860420227
vn 0.8583292365074158 0.49877870082855225 -0.11968734860420227
vn 0.8583292365074158 0.49975574016571045 -0.11773326992988586
vn 0.8583292365074158 0.49975574016571045 -0.11773326992988586
vn 0.8583292365074158 0.49975574016571045 -0.11773326992988586
vn 0.0004885197849944234 0.9794821739196777 -0.20175866782665253
vn 0.0004885197849944234 0.9794821739196777 -0.20175866782665253
vn 0.0004885197849944234 0.9794821739196777 -0.20175866782665253
vn 0.0004885197849944234 0.9794821739196777 -0.20175866782665253
vn -0.8583292365074158 0.49975574016571045 -0.11773326992988586
vn -0.8583292365074158 0.49975574016571045 -0.11773326992988586
vn -0.8583292365074158 0.49975574016571045 -0.11773326992988586
vn -0.8583292365074158 0.49975574016571045 -0.11773326992988586
vn -0.8573521971702576 0.49975574016571045 -0.11968734860420227
vn -0.8573521971702576 0.49975574016571045 -0.11968734860420227
vn -0.8573521971702576 0.49975574016571045 -0.11968734860420227
vn -0.811431348323822 0.4450415372848511 0.3795798718929291
vn -0.811431348323822 0.4450415372848511 0.3795798718929291
vn -0.811431348323822 0.4450415372848511 0.3795798718929291
vn 0.8553981184959412 0.009281875565648079 -0.5183194875717163
vn 0.8553981184959412 0.009281875565648079 -0.5183194875717163
vn 0.8553981184959412 0.009281875565648079 -0.5183194875717163
vn 0.5759648084640503 0.43722519278526306 -0.6902784705162048
vn 0.5759648084640503 0.43722519278526306 -0.6902784705162048
vn 0.5759648084640503 0.43722519278526306 -0.6902784705162048
vn 0.5759648084640503 0.43722519278526306 -0.6902784705162048
vn 0.5759648084640503 0.43722519278526306 -0.6902784705162048
vn 0.5759648084640503 0.43722519278526306 -0.6902784705162048
vn -0.5759648084640503 0.43722519278526306 -0.6902784705162048
vn -0.5759648084640503 0.43722519278526306 -0.6902784705162048
vn -0.5759648084640503 0.43722519278526306 -0.6902784705162048
vn -0.5759648084640503 0.43722519278526306 -0.6902784705162048
vn -0.5759648084640503 0.43722519278526306 -0.6902784705162048
vn -0.5759648084640503 0.43722519278526306 -0.6902784705162048
vn 0.9990229606628418 0.04934049770236015 -0.01123595517128706
vn 0.9990229606628418 0.04934049770236015 -0.01123595517128706
vn 0.9990229606628418 0.04934049770236015 -0.01123595517128706
vn 0.9990229606628418 0.04934049770236015 -0.01123595517128706
vn -0.03859306126832962 -0.043478261679410934 -0.9980459213256836
vn -0.03859306126832962 -0.043478261679410934 -0.9980459213256836
vn -0.03859306126832962 -0.043478261679410934 -0.9980459213256836
vn -0.7889594435691833 0.6121152639389038 -0.05422569438815117
vn -0.7889594435691833 0.6121152639389038 -0.05422569438815117
vn -0.7889594435691833 0.6121152639389038 -0.05422569438815117
vn 0.24572545289993286 0.8534440398216248 0.4587200880050659
vn 0.24572545289993286 0.8534440398216248 0.4587200880050659
vn 0.24572545289993286 0.8534440398216248 0.4587200880050659
vn 0.7889594435691833 0.6121152639389038 -0.05422569438815117
vn 0.7889594435691833 0.6121152639389038 -0.05422569438815117
vn 0.7889594435691833 0.6121152639389038 -0.05422569438815117
vn 0.2642892003059387 0.8553981184959412 0.4450415372848511
vn 0.2642892003059387 0.8553981184959412 0.4450415372848511
vn 0.2642892003059387 0.8553981184959412 0.4450415372848511
vn 0.9003419876098633 -0.16853933036327362 0.40009769797325134
vn 0.9003419876098633 -0.16853933036327362 0.40009769797325134
vn 0.9003419876098633 -0.16853933036327362 0.40009769797325134
vn 0.03761602193117142 -0.04250122234225273 -0.9980459213256836
vn 0.03761602193117142 -0.04250122234225273 -0.9980459213256836
vn 0.03761602193117142 -0.04250122234225273 -0.9980459213256836
vn 0.9609184265136719 -0.27015143632888794 0.060087934136390686
vn 0.9609184265136719 -0.27015143632888794 0.060087934136390686
vn 0.9609184265136719 -0.27015143632888794 0.060087934136390686
vn 0.9609184265136719 -0.27015143632888794 0.060087934136390686
vn 0.2232535481452942 0.9482169151306152 -0.227161705493927
vn 0.2232535481452942 0.9482169151306152 -0.227161705493927
vn 0.2232535481452942 0.9482169151306152 -0.227161705493927
vn -0.2232535481452942 0.9482169151306152 -0.227161705493927
vn -0.2232535481452942 0.9482169151306152 -0.227161705493927
vn -0.2232535481452942 0.9482169151306152 -0.227161705493927
vn 0.2232535481452942 0.9482169151306152 -0.227161705493927
vn 0.2232535481452942 0.9482169151306152 -0.227161705493927
vn 0.2232535481452942 0.9482169151306152 -0.227161705493927
vn -0.2232535481452942 0.9482169151306152 -0.227161705493927
vn -0.2232535481452942 0.9482169151306152 -0.227161705493927
vn -0.2232535481452942 0.9482169151306152 -0.227161705493927
vn 0.0004885197849944234 0.0004885197849944234 -1
vn 0.0004885197849944234 0.0004885197849944234 -1
vn 0.0004885197849944234 0.0004885197849944234 -1
vn 0.0004885197849944234 0.0004885197849944234 -1
vn 0.0004885197849944234 0.0004885197849944234 -1
vn 0.0004885197849944234 0.0004885197849944234 -1
vn 0.0004885197849944234 0.0004885197849944234 -1
vn 0.0004885197849944234 0.0004885197849944234 -1
vn 0.6941866278648376 0.7029799818992615 -0.1558378040790558
vn 0.6941866278648376 0.7029799818992615 -0.1558378040790558
vn 0.6941866278648376 0.7029799818992615 -0.1558378040790558
vn 0.6941866278648376 0.7029799818992615 -0.1558378040790558
vn -0.2232535481452942 0.811431348323822 0.5398143529891968
vn -0.2232535481452942 0.811431348323822 0.5398143529891968
vn -0.2232535481452942 0.811431348323822 0.5398143529891968
vn -0.2232535481452942 0.811431348323822 0.5398143529891968
vn -0.6941866278648376 0.7029799818992615 -0.1558378040790558
vn -0.6941866278648376 0.7029799818992615 -0.1558378040790558
vn -0.6941866278648376 0.7029799818992615 -0.1558378040790558
vn -0.6941866278648376 0.7029799818992615 -0.1558378040790558
vn 0.2828529477119446 0.8036150336265564 0.5241817235946655
vn 0.2828529477119446 0.8036150336265564 0.5241817235946655
vn 0.2828529477119446 0.8036150336265564 0.5241817235946655
vn 0.6560820937156677 0.5749877691268921 -0.4899853467941284
vn 0.6560820937156677 0.5749877691268921 -0.4899853467941284
vn 0.6560820937156677 0.5749877691268921 -0.4899853467941284
vn 0.6560820937156677 0.5749877691268921 -0.4899853467941284
vn -0.8954567909240723 0.44015634059906006 -0.06790424883365631
vn -0.8954567909240723 0.44015634059906006 -0.06790424883365631
vn -0.8954567909240723 0.44015634059906006 -0.06790424883365631
vn 0.8954567909240723 0.44015634059906006 -0.06790424883365631
vn 0.8954567909240723 0.44015634059906006 -0.06790424883365631
vn 0.8954567909240723 0.44015634059906006 -0.06790424883365631
vn -0.6560820937156677 0.5749877691268921 -0.4899853467941284
vn -0.6560820937156677 0.5749877691268921 -0.4899853467941284
vn -0.6560820937156677 0.5749877691268921 -0.4899853467941284
vn -0.6560820937156677 0.5749877691268921 -0.4899853467941284
vn 0.8954567909240723 0.44113337993621826 -0.0649731308221817
vn 0.8954567909240723 0.44113337993621826 -0.0649731308221817
vn 0.8954567909240723 0.44113337993621826 -0.0649731308221817
vn 0.27015143632888794 0.8954567909240723 0.3531998097896576
vn 0.27015143632888794 0.8954567909240723 0.3531998097896576
vn 0.27015143632888794 0.8954567909240723 0.3531998097896576
vn 0.43527111411094666 -0.8788471221923828 0.1949193924665451
vn 0.43527111411094666 -0.8788471221923828 0.1949193924665451
vn 0.43527111411094666 -0.8788471221923828 0.1949193924665451
vn -0.43527111411094666 -0.8788471221923828 0.1949193924665451
vn -0.43527111411094666 -0.8788471221923828 0.1949193924665451
vn -0.43527111411094666 -0.8788471221923828 0.1949193924665451
vn 0.23888617753982544 0.8270639777183533 0.5095261335372925
vn 0.23888617753982544 0.8270639777183533 0.5095261335372925
vn 0.23888617753982544 0.8270639777183533 0.5095261335372925
vn 0.2926233410835266 0.9081583023071289 0.30043965578079224
vn 0.2926233410835266 0.9081583023071289 0.30043965578079224
vn 0.2926233410835266 0.9081583023071289 0.30043965578079224
vn -0.27992182970046997 0.9110894203186035 0.30141669511795044
vn -0.27992182970046997 0.9110894203186035 0.30141669511795044
vn -0.27992182970046997 0.9110894203186035 0.30141669511795044
vn -0.27992182970046997 0.9110894203186035 0.30141669511795044
vn -0.9570102691650391 0.2838299870491028 -0.05911089479923248
vn -0.9570102691650391 0.2838299870491028 -0.05911089479923248
vn -0.9570102691650391 0.2838299870491028 -0.05911089479923248
vn 0.6941866278648376 -0.7020029425621033 0.1558378040790558
vn 0.6941866278648376 -0.7020029425621033 0.1558378040790558
vn 0.6941866278648376 -0.7020029425621033 0.1558378040790558
vn -0.7225207686424255 0.3883732259273529 0.5720566511154175
vn -0.7225207686424255 0.3883732259273529 0.5720566511154175
vn -0.7225207686424255 0.3883732259273529 0.5720566511154175
vn 0.6941866278648376 -0.7020029425621033 0.1558378040790558
vn 0.6941866278648376 -0.7020029425621033 0.1558378040790558
vn 0.6941866278648376 -0.7020029425621033 0.1558378040790558
vn 0.6941866278648376 -0.7020029425621033 0.1558378040790558
vn 0.6941866278648376 -0.7020029425621033 0.1558378040790558
vn 0.6941866278648376 -0.7029799818992615 0.1558378040790558
vn 0.6941866278648376 -0.7029799818992615 0.1558378040790558
vn 0.6941866278648376 -0.7029799818992615 0.1558378040790558
vn 0.6941866278648376 -0.7029799818992615 0.1558378040790558
vn 0.6941866278648376 -0.7029799818992615 0.1558378040790558
vn 0.6941866278648376 -0.7029799818992615 0.1558378040790558
vn 0.6941866278648376 -0.7029799818992615 0.1558378040790558
vn 0.6941866278648376 -0.7029799818992615 0.1558378040790558
vn 0.6941866278648376 -0.7029799818992615 0.1558378040790558
vn 0.6941866278648376 -0.7029799818992615 0.1558378040790558
vn 0.6941866278648376 -0.7029799818992615 0.1558378040790558
vn 0.6941866278648376 -0.7029799818992615 0.1558378040790558
vn 0.6941866278648376 -0.7029799818992615 0.1558378040790558
vn 0.6941866278648376 -0.7029799818992615 0.1558378040790558
vn 0.7225207686424255 0.3883732259273529 0.5720566511154175
vn 0.7225207686424255 0.3883732259273529 0.5720566511154175
vn 0.7225207686424255 0.3883732259273529 0.5720566511154175
vn -0.6941866278648376 -0.7029799818992615 0.1558378040790558
vn -0.6941866278648376 -0.7029799818992615 0.1558378040790558
vn -0.6941866278648376 -0.7029799818992615 0.1558378040790558
vn -0.6941866278648376 -0.7029799818992615 0.1558378040790558
vn -0.6941866278648376 -0.7029799818992615 0.1558378040790558
vn -0.6941866278648376 -0.7020029425621033 0.1558378040790558
vn -0.6941866278648376 -0.7020029425621033 0.1558378040790558
vn -0.6941866278648376 -0.7020029425621033 0.1558378040790558
vn -0.6941866278648376 -0.7029799818992615 0.1558378040790558
vn -0.6941866278648376 -0.7029799818992615 0.1558378040790558
vn -0.6941866278648376 -0.7029799818992615 0.1558378040790558
vn -0.6941866278648376 -0.7029799818992615 0.1558378040790558
vn -0.6941866278648376 -0.7029799818992615 0.1558378040790558
vn -0.6941866278648376 -0.7029799818992615 0.1558378040790558
vn -0.6941866278648376 -0.7029799818992615 0.1558378040790558
vn -0.6941866278648376 -0.7029799818992615 0.1558378040790558
vn -0.6941866278648376 -0.7020029425621033 0.1558378040790558
vn -0.6941866278648376 -0.7020029425621033 0.1558378040790558
vn -0.6941866278648376 -0.7020029425621033 0.1558378040790558
vn -0.6941866278648376 -0.7020029425621033 0.1558378040790558
vn -0.6941866278648376 -0.7020029425621033 0.1558378040790558
vn -0.6941866278648376 -0.7020029425621033 0.1558378040790558
vn -0.6941866278648376 -0.7020029425621033 0.1558378040790558
vn -0.6941866278648376 -0.7020029425621033 0.1558378040790558
vn 0.9589643478393555 0.27699071168899536 -0.05227161571383476
vn 0.9589643478393555 0.27699071168899536 -0.05227161571383476
vn 0.9589643478393555 0.27699071168899536 -0.05227161571383476
vn -0.9648265838623047 0.2603810429573059 -0.04934049770236015
vn -0.9648265838623047 0.2603810429573059 -0.04934049770236015
vn -0.9648265838623047 0.2603810429573059 -0.04934049770236015
vn -0.2242305874824524 0.4616512060165405 0.8583292365074158
vn -0.2242305874824524 0.4616512060165405 0.8583292365074158
vn -0.2242305874824524 0.4616512060165405 0.8583292365074158
vn -0.2242305874824524 0.4616512060165405 0.8583292365074158
vn -0.222276508808136 0.9628725051879883 -0.15192964673042297
vn -0.222276508808136 0.9628725051879883 -0.15192964673042297
vn -0.222276508808136 0.9628725051879883 -0.15192964673042297
vn -0.222276508808136 0.9628725051879883 -0.15192964673042297
vn 0.222276508808136 0.9628725051879883 -0.15192964673042297
vn 0.222276508808136 0.9628725051879883 -0.15192964673042297
vn 0.222276508808136 0.9628725051879883 -0.15192964673042297
vn 0.222276508808136 0.9628725051879883 -0.15192964673042297
vn -0.9697117805480957 0.23888617753982544 -0.04934049770236015
vn -0.9697117805480957 0.23888617753982544 -0.04934049770236015
vn -0.9697117805480957 0.23888617753982544 -0.04934049770236015
vn 0.2242305874824524 0.4616512060165405 0.8583292365074158
vn 0.2242305874824524 0.4616512060165405 0.8583292365074158
vn 0.2242305874824524 0.4616512060165405 0.8583292365074158
vn 0.2242305874824524 0.4616512060165405 0.8583292365074158
vn 0.2242305874824524 0.4616512060165405 0.8583292365074158
vn 0.2242305874824524 0.4616512060165405 0.8583292365074158
vn 0.5065950155258179 -0.8514899611473083 -0.13336589932441711
vn 0.5065950155258179 -0.8514899611473083 -0.13336589932441711
vn 0.5065950155258179 -0.8514899611473083 -0.13336589932441711
vn -0.5065950155258179 -0.8514899611473083 -0.13336589932441711
vn -0.5065950155258179 -0.8514899611473083 -0.13336589932441711
vn -0.5065950155258179 -0.8514899611473083 -0.13336589932441711
vn 0.0981924757361412 0.14997556805610657 0.9833903312683105
vn 0.0981924757361412 0.14997556805610657 0.9833903312683105
vn 0.0981924757361412 0.14997556805610657 0.9833903312683105
vn 0.0981924757361412 0.14997556805610657 0.9833903312683105
vn -0.0981924757361412 0.14997556805610657 0.9833903312683105
vn -0.0981924757361412 0.14997556805610657 0.9833903312683105
vn -0.0981924757361412 0.14997556805610657 0.9833903312683105
vn -0.0981924757361412 0.14997556805610657 0.9833903312683105
vn 0.0004885197849944234 -0.3922813832759857 0.9198827743530273
vn 0.0004885197849944234 -0.3922813832759857 0.9198827743530273
vn 0.0004885197849944234 -0.3922813832759857 0.9198827743530273
vn 0.0004885197849944234 -0.3922813832759857 0.9198827743530273
vn 0.9237909317016602 0.37371763586997986 -0.08255984634160995
vn 0.9237909317016602 0.37371763586997986 -0.08255984634160995
vn 0.9237909317016602 0.37371763586997986 -0.08255984634160995
vn 0.9237909317016602 0.37371763586997986 -0.08255984634160995
vn 0.0004885197849944234 0.9990229606628418 -0.03859306126832962
vn 0.0004885197849944234 0.9990229606628418 -0.03859306126832962
vn 0.0004885197849944234 0.9990229606628418 -0.03859306126832962
vn 0.0004885197849944234 0.9990229606628418 -0.03859306126832962
vn 0.0004885197849944234 0.9990229606628418 -0.03859306126832962
vn 0.0004885197849944234 0.9990229606628418 -0.03859306126832962
vn -0.9237909317016602 0.37371763586997986 -0.08255984634160995
vn -0.9237909317016602 0.37371763586997986 -0.08255984634160995
vn -0.9237909317016602 0.37371763586997986 -0.08255984634160995
vn -0.9237909317016602 0.37371763586997986 -0.08255984634160995
vn 0.7987298369407654 0.4772838354110718 -0.36785539984703064
vn 0.7987298369407654 0.4772838354110718 -0.36785539984703064
vn 0.7987298369407654 0.4772838354110718 -0.36785539984703064
vn -0.7987298369407654 0.4772838354110718 -0.36785539984703064
vn -0.7987298369407654 0.4772838354110718 -0.36785539984703064
vn -0.7987298369407654 0.4772838354110718 -0.36785539984703064
vn -0.7410845160484314 0.18221788108348846 0.6453346610069275
vn -0.7410845160484314 0.18221788108348846 0.6453346610069275
vn -0.7410845160484314 0.18221788108348846 0.6453346610069275
vn 0.7410845160484314 0.18221788108348846 0.6453346610069275
vn 0.7410845160484314 0.18221788108348846 0.6453346610069275
vn 0.7410845160484314 0.18221788108348846 0.6453346610069275
vn 0.2594040036201477 0.9433317184448242 -0.20859794318675995
vn 0.2594040036201477 0.9433317184448242 -0.20859794318675995
vn 0.2594040036201477 0.9433317184448242 -0.20859794318675995
vn 0.2594040036201477 0.9433317184448242 -0.20859794318675995
vn -0.7274059653282166 0.16756229102611542 0.6658524870872498
vn -0.7274059653282166 0.16756229102611542 0.6658524870872498
vn -0.7274059653282166 0.16756229102611542 0.6658524870872498
vn 0.7274059653282166 0.16756229102611542 0.6658524870872498
vn 0.7274059653282166 0.16756229102611542 0.6658524870872498
vn 0.7274059653282166 0.16756229102611542 0.6658524870872498
vn 1 0.0004885197849944234 0.0004885197849944234
vn 1 0.0004885197849944234 0.0004885197849944234
vn 1 0.0004885197849944234 0.0004885197849944234
vn 1 0.0004885197849944234 0.0004885197849944234
vn 1 0.0004885197849944234 0.0004885197849944234
vn 1 0.0004885197849944234 0.0004885197849944234
vn 1 0.0004885197849944234 0.0004885197849944234
vn 1 0.0004885197849944234 0.0004885197849944234
vn -1 0.0004885197849944234 0.0004885197849944234
vn -1 0.0004885197849944234 0.0004885197849944234
vn -1 0.0004885197849944234 0.0004885197849944234
vn -1 0.0004885197849944234 0.0004885197849944234
vn -1 0.0004885197849944234 0.0004885197849944234
vn -1 0.0004885197849944234 0.0004885197849944234
vn -1 0.0004885197849944234 0.0004885197849944234
vn -1 0.0004885197849944234 0.0004885197849944234
vn 1 0.0004885197849944234 0.0004885197849944234
vn 1 0.0004885197849944234 0.0004885197849944234
vn 1 0.0004885197849944234 0.0004885197849944234
vn 1 0.0004885197849944234 0.0004885197849944234
vn 1 0.0004885197849944234 0.0004885197849944234
vn 1 0.0004885197849944234 0.0004885197849944234
vn 1 0.0004885197849944234 0.0004885197849944234
vn 1 0.0004885197849944234 0.0004885197849944234
vn 1 0.0004885197849944234 0.0004885197849944234
vn 0.0004885197849944234 -0.04934049770236015 -0.9990229606628418
vn 0.0004885197849944234 -0.04934049770236015 -0.9990229606628418
vn 0.0004885197849944234 -0.04934049770236015 -0.9990229606628418
vn 0.0004885197849944234 -0.04934049770236015 -0.9990229606628418
vn -1 0.0004885197849944234 0.0004885197849944234
vn -1 0.0004885197849944234 0.0004885197849944234
vn -1 0.0004885197849944234 0.0004885197849944234
vn -1 0.0004885197849944234 0.0004885197849944234
vn -1 0.0004885197849944234 0.0004885197849944234
vn -1 0.0004885197849944234 0.0004885197849944234
vn -1 0.0004885197849944234 0.0004885197849944234
vn -1 0.0004885197849944234 0.0004885197849944234
vn -1 0.0004885197849944234 0.0004885197849944234
vn -1 0.0004885197849944234 0.0004885197849944234
vn -1 0.0004885197849944234 0.0004885197849944234
vn -1 0.0004885197849944234 0.0004885197849944234
vn -1 0.0004885197849944234 0.0004885197849944234
vn -1 0.0004885197849944234 0.0004885197849944234
vn -1 0.0004885197849944234 0.0004885197849944234
vn -1 0.0004885197849944234 0.0004885197849944234
vn -1 0.0004885197849944234 0.0004885197849944234
vn -1 0.0004885197849944234 0.0004885197849944234
vn -1 0.0004885197849944234 0.0004885197849944234
vn -1 0.0004885197849944234 0.0004885197849944234
vn -0.5691255331039429 0.6111382246017456 0.5495847463607788
vn -0.5691255331039429 0.6111382246017456 0.5495847463607788
vn -0.5691255331039429 0.6111382246017456 0.5495847463607788
vn -1 0.0004885197849944234 0.0004885197849944234
vn -1 0.0004885197849944234 0.0004885197849944234
vn -1 0.0004885197849944234 0.0004885197849944234
vn -1 0.0004885197849944234 0.0004885197849944234
vn -1 0.0004885197849944234 0.0004885197849944234
vn -1 0.0004885197849944234 0.0004885197849944234
vn -1 0.0004885197849944234 0.0004885197849944234
vn 1 0.0004885197849944234 0.0004885197849944234
vn 1 0.0004885197849944234 0.0004885197849944234
vn 1 0.0004885197849944234 0.0004885197849944234
vn 1 0.0004885197849944234 0.0004885197849944234
vn 1 0.0004885197849944234 0.0004885197849944234
vn 1 0.0004885197849944234 0.0004885197849944234
vn 1 0.0004885197849944234 0.0004885197849944234
vn 1 0.0004885197849944234 0.0004885197849944234
vn 1 0.0004885197849944234 0.0004885197849944234
vn 1 0.0004885197849944234 0.0004885197849944234
vn 1 0.0004885197849944234 0.0004885197849944234
vn 1 0.0004885197849944234 0.0004885197849944234
vn 1 0.0004885197849944234 0.0004885197849944234
vn 1 0.0004885197849944234 0.0004885197849944234
vn 1 0.0004885197849944234 0.0004885197849944234
vn 1 0.0004885197849944234 0.0004885197849944234
vn 1 0.0004885197849944234 0.0004885197849944234
vn 1 0.0004885197849944234 0.0004885197849944234
vn 0.0004885197849944234 0.2506106495857239 0.9677577018737793
vn 0.0004885197849944234 0.2506106495857239 0.9677577018737793
vn 0.0004885197849944234 0.2506106495857239 0.9677577018737793
vn 0.0004885197849944234 0.2506106495857239 0.9677577018737793
vn 0.0004885197849944234 0.2506106495857239 0.9677577018737793
vn 0.0004885197849944234 0.2506106495857239 0.9677577018737793
vn 0.0004885197849944234 0.2506106495857239 0.9677577018737793
vn 0.0004885197849944234 0.2506106495857239 0.9677577018737793
vn 0.0004885197849944234 0.0004885197849944234 -1
vn 0.0004885197849944234 0.0004885197849944234 -1
vn 0.0004885197849944234 0.0004885197849944234 -1
vn 0.0004885197849944234 0.0004885197849944234 -1
vn 0.0004885197849944234 0.0004885197849944234 -1
vn 0.0004885197849944234 0.0004885197849944234 -1
vn 0.0004885197849944234 0.0004885197849944234 -1
vn 0.0004885197849944234 0.0004885197849944234 -1
vn 0.0004885197849944234 0.0004885197849944234 -1
vn 0.0004885197849944234 0.0004885197849944234 -1
vn 0.0004885197849944234 0.2506106495857239 0.9677577018737793
vn 0.0004885197849944234 0.2506106495857239 0.9677577018737793
vn 0.0004885197849944234 0.2506106495857239 0.9677577018737793
vn 0.0004885197849944234 0.2506106495857239 0.9677577018737793
vn 0.0004885197849944234 0.2506106495857239 0.9677577018737793
vn 0.0004885197849944234 0.2506106495857239 0.9677577018737793
vn 0.0004885197849944234 0.2506106495857239 0.9677577018737793
vn 0.0004885197849944234 0.2506106495857239 0.9677577018737793
vn 0.0004885197849944234 0.2506106495857239 0.9677577018737793
vn 0.0004885197849944234 0.2506106495857239 0.9677577018737793
vn 0.0004885197849944234 0.2506106495857239 0.9677577018737793
vn 0.0004885197849944234 0.2506106495857239 0.9677577018737793
vn 0.0004885197849944234 0.2506106495857239 0.9677577018737793
vn 0.0004885197849944234 0.2506106495857239 0.9677577018737793
vn 0.0004885197849944234 0.2506106495857239 0.9677577018737793
vn 0.0004885197849944234 0.2506106495857239 0.9677577018737793
vn 0.0004885197849944234 0.2506106495857239 0.9677577018737793
vn 0.0004885197849944234 0.2506106495857239 0.9677577018737793
vn 0.0004885197849944234 0.2506106495857239 0.9677577018737793
vn 0.0004885197849944234 0.2506106495857239 0.9677577018737793
vn 0.0004885197849944234 0.2506106495857239 0.9677577018737793
vn 0.0004885197849944234 0.2506106495857239 0.9677577018737793
vn 0.0004885197849944234 0.2506106495857239 0.9677577018737793
vn 0.0004885197849944234 0.2506106495857239 0.9677577018737793
vn -0.0014655593549832702 -0.0014655593549832702 -1
vn -0.0014655593549832702 -0.0014655593549832702 -1
vn -0.0014655593549832702 -0.0014655593549832702 -1
vn 0.3883732259273529 -0.2506106495857239 0.8866634368896484
vn 0.3883732259273529 -0.2506106495857239 0.8866634368896484
vn 0.3883732259273529 -0.2506106495857239 0.8866634368896484
vn 0.3883732259273529 -0.2506106495857239 0.8866634368896484
vn 0.0004885197849944234 -0.0024425990413874388 -1
vn 0.0004885197849944234 -0.0024425990413874388 -1
vn 0.0004885197849944234 -0.0024425990413874388 -1
vn -0.3883732259273529 -0.2506106495857239 0.8866634368896484
vn -0.3883732259273529 -0.2506106495857239 0.8866634368896484
vn -0.3883732259273529 -0.2506106495857239 0.8866634368896484
vn -0.3883732259273529 -0.2506106495857239 0.8866634368896484
vn -0.6492428183555603 0.5622862577438354 -0.5124572515487671
vn -0.6492428183555603 0.5622862577438354 -0.5124572515487671
vn -0.6492428183555603 0.5622862577438354 -0.5124572515487671
vn -0.6492428183555603 0.5622862577438354 -0.5124572515487671
vn 0.6492428183555603 0.5622862577438354 -0.5124572515487671
vn 0.6492428183555603 0.5622862577438354 -0.5124572515487671
vn 0.6492428183555603 0.5622862577438354 -0.5124572515487671
vn 0.6492428183555603 0.5622862577438354 -0.5124572515487671
vn -0.9990229606628418 0.0004885197849944234 -0.03468490391969681
vn -0.9990229606628418 0.0004885197849944234 -0.03468490391969681
vn -0.9990229606628418 0.0004885197849944234 -0.03468490391969681
vn -0.9990229606628418 0.0004885197849944234 -0.03468490391969681
vn -0.9990229606628418 0.0004885197849944234 -0.03468490391969681
vn -0.9990229606628418 0.0004885197849944234 -0.03468490391969681
vn -0.9990229606628418 0.0004885197849944234 -0.03468490391969681
vn -0.9990229606628418 0.0004885197849944234 -0.03468490391969681
vn -0.9990229606628418 0.0004885197849944234 -0.03468490391969681
vn -0.9990229606628418 0.0004885197849944234 -0.03468490391969681
vn -0.9990229606628418 0.0004885197849944234 -0.03468490391969681
vn -0.9990229606628418 0.0004885197849944234 -0.03468490391969681
vn 0.9990229606628418 0.0004885197849944234 -0.03468490391969681
vn 0.9990229606628418 0.0004885197849944234 -0.03468490391969681
vn 0.9990229606628418 0.0004885197849944234 -0.03468490391969681
vn 0.9990229606628418 0.0004885197849944234 -0.03468490391969681
vn 0.9990229606628418 0.0004885197849944234 -0.03468490391969681
vn 0.9990229606628418 0.0004885197849944234 -0.03468490391969681
vn 0.9990229606628418 0.0004885197849944234 -0.03468490391969681
vn 0.9990229606628418 0.0004885197849944234 -0.03468490391969681
vn 0.9990229606628418 0.0004885197849944234 -0.03468490391969681
vn 0.9990229606628418 0.0004885197849944234 -0.03468490391969681
vn 0.9990229606628418 0.0004885197849944234 -0.03468490391969681
vn 0.9990229606628418 0.0004885197849944234 -0.03468490391969681
vn -1 0.02589154802262783 0.0004885197849944234
vn -1 0.02589154802262783 0.0004885197849944234
vn -1 0.02589154802262783 0.0004885197849944234
vn -1 0.02589154802262783 0.0004885197849944234
vn -1 0.02589154802262783 0.0004885197849944234
vn -1 0.02589154802262783 0.0004885197849944234
vn -1 0.02589154802262783 0.0004885197849944234
vn -1 0.02589154802262783 0.0004885197849944234
vn -1 0.02589154802262783 0.0004885197849944234
vn -1 0.02589154802262783 0.0004885197849944234
vn -1 0.02589154802262783 0.0004885197849944234
vn -1 0.02589154802262783 0.0004885197849944234
vn -0.0004885197849944234 0.26917439699172974 0.9628725051879883
vn -0.0004885197849944234 0.26917439699172974 0.9628725051879883
vn -0.0004885197849944234 0.26917439699172974 0.9628725051879883
vn 0.0004885197849944234 0.26917439699172974 0.9628725051879883
vn 0.0004885197849944234 0.26917439699172974 0.9628725051879883
vn 0.0004885197849944234 0.26917439699172974 0.9628725051879883
vn 0.0004885197849944234 0.26917439699172974 0.9628725051879883
vn 0.0004885197849944234 0.26917439699172974 0.9628725051879883
vn 0.0004885197849944234 0.26917439699172974 0.9628725051879883
vn 0.0004885197849944234 0.26917439699172974 0.9628725051879883
vn 0.0004885197849944234 0.26917439699172974 0.9628725051879883
vn 0.0004885197849944234 0.26917439699172974 0.9628725051879883
vn 0.0004885197849944234 0.26917439699172974 0.9628725051879883
vn 0.0004885197849944234 0.26917439699172974 0.9628725051879883
vn 0.0004885197849944234 0.26917439699172974 0.9628725051879883
vn 0.0004885197849944234 0.26917439699172974 0.9628725051879883
vn 0.0004885197849944234 0.26917439699172974 0.9628725051879883
vn 0.097215436398983 0.34538349509239197 0.9335613250732422
vn 0.097215436398983 0.34538349509239197 0.9335613250732422
vn 0.097215436398983 0.34538349509239197 0.9335613250732422
vn 0.097215436398983 0.34538349509239197 0.9335613250732422
vn -0.097215436398983 0.34538349509239197 0.9335613250732422
vn -0.097215436398983 0.34538349509239197 0.9335613250732422
vn -0.097215436398983 0.34538349509239197 0.9335613250732422
vn -0.097215436398983 0.34538349509239197 0.9335613250732422
vn -0.9824132919311523 0.0024425990413874388 0.18417195975780487
vn -0.9824132919311523 0.0024425990413874388 0.18417195975780487
vn -0.9824132919311523 0.0024425990413874388 0.18417195975780487
vn -0.9833903312683105 0.0004885197849944234 0.18026380240917206
vn -0.9833903312683105 0.0004885197849944234 0.18026380240917206
vn -0.9833903312683105 0.0004885197849944234 0.18026380240917206
vn -0.9833903312683105 0.0004885197849944234 0.18026380240917206
vn -0.9833903312683105 0.0004885197849944234 0.18026380240917206
vn -0.9833903312683105 0.0004885197849944234 0.18026380240917206
vn -0.9833903312683105 0.0004885197849944234 0.18026380240917206
vn -0.9833903312683105 0.0004885197849944234 0.18026380240917206
vn -0.9833903312683105 0.0004885197849944234 0.18026380240917206
vn 0.9824132919311523 0.0024425990413874388 0.18417195975780487
vn 0.9824132919311523 0.0024425990413874388 0.18417195975780487
vn 0.9824132919311523 0.0024425990413874388 0.18417195975780487
vn -0.9833903312683105 0.0004885197849944234 0.18026380240917206
vn -0.9833903312683105 0.0004885197849944234 0.18026380240917206
vn -0.9833903312683105 0.0004885197849944234 0.18026380240917206
vn 0.9833903312683105 0.0004885197849944234 0.18026380240917206
vn 0.9833903312683105 0.0004885197849944234 0.18026380240917206
vn 0.9833903312683105 0.0004885197849944234 0.18026380240917206
vn -0.9814362525939941 0.0004885197849944234 0.1929653137922287
vn -0.9814362525939941 0.0004885197849944234 0.1929653137922287
vn -0.9814362525939941 0.0004885197849944234 0.1929653137922287
vn -0.9814362525939941 0.0004885197849944234 0.1929653137922287
vn -0.9814362525939941 0.0004885197849944234 0.1929653137922287
vn -0.9814362525939941 0.0004885197849944234 0.1929653137922287
vn -0.9814362525939941 0.0004885197849944234 0.1929653137922287
vn -0.9814362525939941 0.0004885197849944234 0.1929653137922287
vn -0.9814362525939941 0.0004885197849944234 0.1929653137922287
vn 0.9833903312683105 0.0004885197849944234 0.18026380240917206
vn 0.9833903312683105 0.0004885197849944234 0.18026380240917206
vn 0.9833903312683105 0.0004885197849944234 0.18026380240917206
vn -0.9814362525939941 0.0004885197849944234 0.1929653137922287
vn -0.9814362525939941 0.0004885197849944234 0.1929653137922287
vn -0.9814362525939941 0.0004885197849944234 0.1929653137922287
vn 0.9833903312683105 0.0004885197849944234 0.18026380240917206
vn 0.9833903312683105 0.0004885197849944234 0.18026380240917206
vn 0.9833903312683105 0.0004885197849944234 0.18026380240917206
vn -0.9814362525939941 0.0004885197849944234 0.1929653137922287
vn -0.9814362525939941 0.0004885197849944234 0.1929653137922287
vn -0.9814362525939941 0.0004885197849944234 0.1929653137922287
vn 0.9833903312683105 0.0004885197849944234 0.18026380240917206
vn 0.9833903312683105 0.0004885197849944234 0.18026380240917206
vn 0.9833903312683105 0.0004885197849944234 0.18026380240917206
vn 0.9814362525939941 0.0004885197849944234 0.1929653137922287
vn 0.9814362525939941 0.0004885197849944234 0.1929653137922287
vn 0.9814362525939941 0.0004885197849944234 0.1929653137922287
vn 0.9814362525939941 0.0004885197849944234 0.1929653137922287
vn 0.9814362525939941 0.0004885197849944234 0.1929653137922287
vn 0.9814362525939941 0.0004885197849944234 0.1929653137922287
vn 0.9814362525939941 0.0004885197849944234 0.1929653137922287
vn 0.9814362525939941 0.0004885197849944234 0.1929653137922287
vn 0.9814362525939941 0.0004885197849944234 0.1929653137922287
vn 0.9814362525939941 0.0004885197849944234 0.1929653137922287
vn 0.9814362525939941 0.0004885197849944234 0.1929653137922287
vn 0.9814362525939941 0.0004885197849944234 0.1929653137922287
vn 0.9814362525939941 0.0004885197849944234 0.1929653137922287
vn 0.9814362525939941 0.0004885197849944234 0.1929653137922287
vn 0.0004885197849944234 0.24377137422561646 0.9697117805480957
vn 0.0004885197849944234 0.24377137422561646 0.9697117805480957
vn 0.0004885197849944234 0.24377137422561646 0.9697117805480957
vn 0.0004885197849944234 0.24377137422561646 0.9697117805480957
vn 0.3893502652645111 0.7635564208030701 0.5144113302230835
vn 0.3893502652645111 0.7635564208030701 0.5144113302230835
vn 0.3893502652645111 0.7635564208030701 0.5144113302230835
vn -0.9824132919311523 -0.007327796891331673 0.18612603843212128
vn -0.9824132919311523 -0.007327796891331673 0.18612603843212128
vn -0.9824132919311523 -0.007327796891331673 0.18612603843212128
vn 0.9824132919311523 -0.009281875565648079 0.18514899909496307
vn 0.9824132919311523 -0.009281875565648079 0.18514899909496307
vn 0.9824132919311523 -0.009281875565648079 0.18514899909496307
vn -0.19980458915233612 -0.5622862577438354 0.80166095495224
vn -0.19980458915233612 -0.5622862577438354 0.80166095495224
vn -0.19980458915233612 -0.5622862577438354 0.80166095495224
vn -0.19980458915233612 -0.5622862577438354 0.80166095495224
vn -0.19980458915233612 -0.5622862577438354 0.80166095495224
vn -0.19980458915233612 -0.5622862577438354 0.80166095495224
vn 0.7762579321861267 -0.6003907918930054 -0.1939423531293869
vn 0.7762579321861267 -0.6003907918930054 -0.1939423531293869
vn 0.7762579321861267 -0.6003907918930054 -0.1939423531293869
vn -0.7762579321861267 -0.6003907918930054 -0.1939423531293869
vn -0.7762579321861267 -0.6003907918930054 -0.1939423531293869
vn -0.7762579321861267 -0.6003907918930054 -0.1939423531293869
vn 0.3317049443721771 0.9179286956787109 -0.21641425788402557
vn 0.3317049443721771 0.9179286956787109 -0.21641425788402557
vn 0.3317049443721771 0.9179286956787109 -0.21641425788402557
vn 0.3317049443721771 0.9179286956787109 -0.21641425788402557
vn 0.3317049443721771 0.9179286956787109 -0.21641425788402557
vn 0.3317049443721771 0.9179286956787109 -0.21641425788402557
vn -0.3317049443721771 0.9179286956787109 -0.21641425788402557
vn -0.3317049443721771 0.9179286956787109 -0.21641425788402557
vn -0.3317049443721771 0.9179286956787109 -0.21641425788402557
vn -0.3317049443721771 0.9179286956787109 -0.21641425788402557
vn -0.3317049443721771 0.9179286956787109 -0.21641425788402557
vn -0.3317049443721771 0.9179286956787109 -0.21641425788402557
vn -1 0.0004885197849944234 0.0004885197849944234
vn -1 0.0004885197849944234 0.0004885197849944234
vn -1 0.0004885197849944234 0.0004885197849944234
vn -1 0.0004885197849944234 0.0004885197849944234
vn 0.0004885197849944234 0.15486076474189758 0.9882755279541016
vn 0.0004885197849944234 0.15486076474189758 0.9882755279541016
vn 0.0004885197849944234 0.15486076474189758 0.9882755279541016
vn 0.0004885197849944234 0.15486076474189758 0.9882755279541016
vn 0.0004885197849944234 0.15486076474189758 0.9882755279541016
vn 0.0004885197849944234 0.15486076474189758 0.9882755279541016
vn 0.2594040036201477 0.9433317184448242 -0.20859794318675995
vn 0.2594040036201477 0.9433317184448242 -0.20859794318675995
vn 0.2594040036201477 0.9433317184448242 -0.20859794318675995
vn 0.2594040036201477 0.9433317184448242 -0.20859794318675995
vn 0.2594040036201477 0.9433317184448242 -0.20859794318675995
vn 0.2594040036201477 0.9433317184448242 -0.20859794318675995
vn 0.2594040036201477 0.9433317184448242 -0.20859794318675995
vn 0.2594040036201477 0.9433317184448242 -0.20859794318675995
vn 0.2594040036201477 0.9433317184448242 -0.20859794318675995
vn 0.2594040036201477 0.9433317184448242 -0.20859794318675995
vn 0.2594040036201477 0.9433317184448242 -0.20859794318675995
vn 0.2594040036201477 0.9433317184448242 -0.20859794318675995
vn 0.2594040036201477 0.9433317184448242 -0.20859794318675995
vn -1 0.0004885197849944234 0.0004885197849944234
vn -1 0.0004885197849944234 0.0004885197849944234
vn -1 0.0004885197849944234 0.0004885197849944234
vn -1 0.0004885197849944234 0.0004885197849944234
vn -0.4567660093307495 0.26819735765457153 -0.8485588431358337
vn -0.4567660093307495 0.26819735765457153 -0.8485588431358337
vn -0.4567660093307495 0.26819735765457153 -0.8485588431358337
vn -0.2594040036201477 -0.9433317184448242 0.20859794318675995
vn -0.2594040036201477 -0.9433317184448242 0.20859794318675995
vn -0.2594040036201477 -0.9433317184448242 0.20859794318675995
vn -0.2594040036201477 -0.9433317184448242 0.20859794318675995
vn 0.4567660093307495 0.26819735765457153 -0.8485588431358337
vn 0.4567660093307495 0.26819735765457153 -0.8485588431358337
vn 0.4567660093307495 0.26819735765457153 -0.8485588431358337
vn -0.9990229606628418 -0.043478261679410934 0.009281875565648079
vn -0.9990229606628418 -0.043478261679410934 0.009281875565648079
vn -0.9990229606628418 -0.043478261679410934 0.009281875565648079
vn -0.4567660093307495 0.26819735765457153 -0.8485588431358337
vn -0.4567660093307495 0.26819735765457153 -0.8485588431358337
vn -0.4567660093307495 0.26819735765457153 -0.8485588431358337
vn 0.4567660093307495 0.26819735765457153 -0.8485588431358337
vn 0.4567660093307495 0.26819735765457153 -0.8485588431358337
vn 0.4567660093307495 0.26819735765457153 -0.8485588431358337
vn -0.9990229606628418 -0.043478261679410934 0.009281875565648079
vn -0.9990229606628418 -0.043478261679410934 0.009281875565648079
vn -0.9990229606628418 -0.043478261679410934 0.009281875565648079
vn 1 0.0004885197849944234 0.0004885197849944234
vn 1 0.0004885197849944234 0.0004885197849944234
vn 1 0.0004885197849944234 0.0004885197849944234
vn 1 0.0004885197849944234 0.0004885197849944234
vn -0.31509527564048767 0.9120664596557617 0.2633121609687805
vn -0.31509527564048767 0.9120664596557617 0.2633121609687805
vn -0.31509527564048767 0.9120664596557617 0.2633121609687805
vn 0.8983879089355469 0.42843183875083923 -0.0952613577246666
vn 0.8983879089355469 0.42843183875083923 -0.0952613577246666
vn 0.8983879089355469 0.42843183875083923 -0.0952613577246666
vn 0.8983879089355469 0.42843183875083923 -0.0952613577246666
vn 0.8983879089355469 0.42843183875083923 -0.0952613577246666
vn 0.8983879089355469 0.42843183875083923 -0.0952613577246666
vn 0.8231558203697205 -0.5534929037094116 0.12261846661567688
vn 0.8231558203697205 -0.5534929037094116 0.12261846661567688
vn 0.8231558203697205 -0.5534929037094116 0.12261846661567688
vn -0.8983879089355469 0.42843183875083923 -0.0952613577246666
vn -0.8983879089355469 0.42843183875083923 -0.0952613577246666
vn -0.8983879089355469 0.42843183875083923 -0.0952613577246666
vn -0.8983879089355469 0.42843183875083923 -0.0952613577246666
vn -0.8983879089355469 0.42843183875083923 -0.0952613577246666
vn -0.8983879089355469 0.42843183875083923 -0.0952613577246666
vn 0.8231558203697205 -0.5534929037094116 0.12261846661567688
vn 0.8231558203697205 -0.5534929037094116 0.12261846661567688
vn 0.8231558203697205 -0.5534929037094116 0.12261846661567688
vn -0.6003907918930054 0.7664875388145447 0.2291157841682434
vn -0.6003907918930054 0.7664875388145447 0.2291157841682434
vn -0.6003907918930054 0.7664875388145447 0.2291157841682434
vn -0.6941866278648376 0.5114802122116089 0.5065950155258179
vn -0.6941866278648376 0.5114802122116089 0.5065950155258179
vn -0.6941866278648376 0.5114802122116089 0.5065950155258179
vn 0.3209575116634369 0.9179286956787109 0.23204690217971802
vn 0.3209575116634369 0.9179286956787109 0.23204690217971802
vn 0.3209575116634369 0.9179286956787109 0.23204690217971802
vn 0.5300439596176147 0.7352222800254822 -0.42256960272789
vn 0.5300439596176147 0.7352222800254822 -0.42256960272789
vn 0.5300439596176147 0.7352222800254822 -0.42256960272789
vn -0.33952125906944275 0.9189057350158691 -0.20371274650096893
vn -0.33952125906944275 0.9189057350158691 -0.20371274650096893
vn -0.33952125906944275 0.9189057350158691 -0.20371274650096893
vn -0.33952125906944275 0.9189057350158691 -0.20371274650096893
vn -0.5290669202804565 0.7352222800254822 -0.42256960272789
vn -0.5290669202804565 0.7352222800254822 -0.42256960272789
vn -0.5290669202804565 0.7352222800254822 -0.42256960272789
vn 0.8876404762268066 -0.4499267339706421 0.10014655441045761
vn 0.8876404762268066 -0.4499267339706421 0.10014655441045761
vn 0.8876404762268066 -0.4499267339706421 0.10014655441045761
vn -0.8876404762268066 -0.4499267339706421 0.10014655441045761
vn -0.8876404762268066 -0.4499267339706421 0.10014655441045761
vn -0.8876404762268066 -0.4499267339706421 0.10014655441045761
vn 0.097215436398983 0.0004885197849944234 0.995114803314209
vn 0.097215436398983 0.0004885197849944234 0.995114803314209
vn 0.097215436398983 0.0004885197849944234 0.995114803314209
vn 0.097215436398983 0.0004885197849944234 0.995114803314209
vn -0.097215436398983 0.0004885197849944234 0.995114803314209
vn -0.097215436398983 0.0004885197849944234 0.995114803314209
vn -0.097215436398983 0.0004885197849944234 0.995114803314209
vn -0.097215436398983 0.0004885197849944234 0.995114803314209
vn -0.097215436398983 0.0004885197849944234 0.995114803314209
vn -0.097215436398983 0.0004885197849944234 0.995114803314209
vn -0.097215436398983 0.0004885197849944234 0.995114803314209
vn -0.097215436398983 0.0004885197849944234 0.995114803314209
vn 0.097215436398983 0.0004885197849944234 0.995114803314209
vn 0.097215436398983 0.0004885197849944234 0.995114803314209
vn 0.097215436398983 0.0004885197849944234 0.995114803314209
vn 0.097215436398983 0.0004885197849944234 0.995114803314209
vn 0.0004885197849944234 0.0004885197849944234 1
vn 0.0004885197849944234 0.0004885197849944234 1
vn 0.0004885197849944234 0.0004885197849944234 1
vn 0.0004885197849944234 0.0004885197849944234 1
vn 0.0004885197849944234 0.0004885197849944234 1
vn 0.0004885197849944234 0.0004885197849944234 1
vn 0.0004885197849944234 0.0004885197849944234 1
vn 0.0004885197849944234 0.0004885197849944234 1
vn 0.0004885197849944234 0.0004885197849944234 1
vn 0.0004885197849944234 0.0004885197849944234 1
vn 0.0004885197849944234 0.0004885197849944234 1
vn 0.0004885197849944234 0.0004885197849944234 1
vn 0.0004885197849944234 0.0004885197849944234 1
vn 0.0004885197849944234 0.0004885197849944234 1
vn 0.0004885197849944234 0.0004885197849944234 1
vn 0.0004885197849944234 0.0004885197849944234 1
vn 0.0004885197849944234 0.0004885197849944234 1
vn 0.0004885197849944234 0.0004885197849944234 1
vn 0.0004885197849944234 0.0004885197849944234 1
vn 0.0004885197849944234 0.0004885197849944234 1
vn 0.0004885197849944234 0.0004885197849944234 1
vn 0.0004885197849944234 0.0004885197849944234 1
vn 0.0004885197849944234 0.0004885197849944234 1
vn 0.8368343710899353 0.3277967870235443 -0.43820226192474365
vn 0.8368343710899353 0.3277967870235443 -0.43820226192474365
vn 0.8368343710899353 0.3277967870235443 -0.43820226192474365
vn -0.681485116481781 0.686370313167572 0.2545188069343567
vn -0.681485116481781 0.686370313167572 0.2545188069343567
vn -0.681485116481781 0.686370313167572 0.2545188069343567
vn 0.6531509757041931 0.696140706539154 0.2975085377693176
vn 0.6531509757041931 0.696140706539154 0.2975085377693176
vn 0.6531509757041931 0.696140706539154 0.2975085377693176
vn -0.8368343710899353 0.3277967870235443 -0.43820226192474365
vn -0.8368343710899353 0.3277967870235443 -0.43820226192474365
vn -0.8368343710899353 0.3277967870235443 -0.43820226192474365
vn -0.8045920729637146 0.5544699430465698 0.21348313987255096
vn -0.8045920729637146 0.5544699430465698 0.21348313987255096
vn -0.8045920729637146 0.5544699430465698 0.21348313987255096
vn -0.5759648084640503 0.7840742468833923 0.2300928235054016
vn -0.5759648084640503 0.7840742468833923 0.2300928235054016
vn -0.5759648084640503 0.7840742468833923 0.2300928235054016
vn 0.9872984886169434 0.1587689369916916 0.0004885197849944234
vn 0.9872984886169434 0.1587689369916916 0.0004885197849944234
vn 0.9872984886169434 0.1587689369916916 0.0004885197849944234
vn 0.9872984886169434 0.1587689369916916 0.0004885197849944234
vn 0.9872984886169434 0.1587689369916916 0.0004885197849944234
vn 0.9872984886169434 0.1587689369916916 0.0004885197849944234
vn 0.821201741695404 0.5622862577438354 -0.10210063308477402
vn 0.821201741695404 0.5622862577438354 -0.10210063308477402
vn 0.821201741695404 0.5622862577438354 -0.10210063308477402
vn 0.821201741695404 0.5622862577438354 -0.10210063308477402
vn 0.821201741695404 0.5622862577438354 -0.10210063308477402
vn 0.821201741695404 0.5622862577438354 -0.10210063308477402
vn 0.593551516532898 0.10893990844488144 0.7977527976036072
vn 0.593551516532898 0.10893990844488144 0.7977527976036072
vn 0.593551516532898 0.10893990844488144 0.7977527976036072
vn 0.593551516532898 0.10893990844488144 0.7977527976036072
vn -0.593551516532898 0.10893990844488144 0.7977527976036072
vn -0.593551516532898 0.10893990844488144 0.7977527976036072
vn -0.593551516532898 0.10893990844488144 0.7977527976036072
vn -0.593551516532898 0.10893990844488144 0.7977527976036072
vn -0.821201741695404 0.5622862577438354 -0.10210063308477402
vn -0.821201741695404 0.5622862577438354 -0.10210063308477402
vn -0.821201741695404 0.5622862577438354 -0.10210063308477402
vn -0.821201741695404 0.5622862577438354 -0.10210063308477402
vn -0.821201741695404 0.5622862577438354 -0.10210063308477402
vn -0.821201741695404 0.5622862577438354 -0.10210063308477402
vn 0.0004885197849944234 0.0004885197849944234 -1
vn 0.0004885197849944234 0.0004885197849944234 -1
vn 0.0004885197849944234 0.0004885197849944234 -1
vn 0.0004885197849944234 0.0004885197849944234 -1
vn 0.7616023421287537 0.1314118206501007 0.6345872282981873
vn 0.7616023421287537 0.1314118206501007 0.6345872282981873
vn 0.7616023421287537 0.1314118206501007 0.6345872282981873
vn -0.7616023421287537 0.1314118206501007 0.6345872282981873
vn -0.7616023421287537 0.1314118206501007 0.6345872282981873
vn -0.7616023421287537 0.1314118206501007 0.6345872282981873
vn 1 0.010258915834128857 0.0004885197849944234
vn 1 0.010258915834128857 0.0004885197849944234
vn 1 0.010258915834128857 0.0004885197849944234
vn -0.9941377639770508 0.046409379690885544 -0.0981924757361412
vn -0.9941377639770508 0.046409379690885544 -0.0981924757361412
vn -0.9941377639770508 0.046409379690885544 -0.0981924757361412
vn -0.2594040036201477 -0.9433317184448242 0.20859794318675995
vn -0.2594040036201477 -0.9433317184448242 0.20859794318675995
vn -0.2594040036201477 -0.9433317184448242 0.20859794318675995
vn -0.2594040036201477 -0.9433317184448242 0.20859794318675995
vn -0.2594040036201477 -0.9433317184448242 0.20859794318675995
vn 1 0.0004885197849944234 0.0004885197849944234
vn 1 0.0004885197849944234 0.0004885197849944234
vn 1 0.0004885197849944234 0.0004885197849944234
vn 1 0.0004885197849944234 0.0004885197849944234
vn 1 0.0004885197849944234 0.0004885197849944234
vn 1 0.0004885197849944234 0.0004885197849944234
vn 1 0.0004885197849944234 0.0004885197849944234
vn 1 0.0004885197849944234 0.0004885197849944234
vn 1 0.0004885197849944234 0.0004885197849944234
vn 1 0.0004885197849944234 0.0004885197849944234
vn -0.360039085149765 0.9110894203186035 -0.20175866782665253
vn -0.360039085149765 0.9110894203186035 -0.20175866782665253
vn -0.360039085149765 0.9110894203186035 -0.20175866782665253
vn 0.360039085149765 0.9110894203186035 -0.20175866782665253
vn 0.360039085149765 0.9110894203186035 -0.20175866782665253
vn 0.360039085149765 0.9110894203186035 -0.20175866782665253
vn 0.360039085149765 0.9110894203186035 -0.20175866782665253
vn 1 0.0004885197849944234 0.0004885197849944234
vn 1 0.0004885197849944234 0.0004885197849944234
vn 1 0.0004885197849944234 0.0004885197849944234
vn 1 0.0004885197849944234 0.0024425990413874388
vn 1 0.0004885197849944234 0.0024425990413874388
vn 1 0.0004885197849944234 0.0024425990413874388
vn -0.360039085149765 0.9110894203186035 -0.20175866782665253
vn -0.360039085149765 0.9110894203186035 -0.20175866782665253
vn -0.360039085149765 0.9110894203186035 -0.20175866782665253
vn 1 -0.0034196386113762856 0.0024425990413874388
vn 1 -0.0034196386113762856 0.0024425990413874388
vn 1 -0.0034196386113762856 0.0024425990413874388
vn 0.097215436398983 0.9872984886169434 0.1284807026386261
vn 0.097215436398983 0.9872984886169434 0.1284807026386261
vn 0.097215436398983 0.9872984886169434 0.1284807026386261
vn -0.9990229606628418 0.04445530101656914 -0.02882266789674759
vn -0.9990229606628418 0.04445530101656914 -0.02882266789674759
vn -0.9990229606628418 0.04445530101656914 -0.02882266789674759
vn -0.821201741695404 0.5574010610580444 -0.12359550595283508
vn -0.821201741695404 0.5574010610580444 -0.12359550595283508
vn -0.821201741695404 0.5574010610580444 -0.12359550595283508
vn -0.821201741695404 0.5574010610580444 -0.12359550595283508
vn -0.8974108695983887 0.33561310172080994 0.2867611050605774
vn -0.8974108695983887 0.33561310172080994 0.2867611050605774
vn -0.8974108695983887 0.33561310172080994 0.2867611050605774
vn -0.9990229606628418 0.0004885197849944234 -0.04934049770236015
vn -0.9990229606628418 0.0004885197849944234 -0.04934049770236015
vn -0.9990229606628418 0.0004885197849944234 -0.04934049770236015
vn -0.9990229606628418 0.0004885197849944234 -0.04934049770236015
vn -1 0.0004885197849944234 0.0004885197849944234
vn -1 0.0004885197849944234 0.0004885197849944234
vn -1 0.0004885197849944234 0.0004885197849944234
vn -0.9990229606628418 0.0004885197849944234 -0.043478261679410934
vn -0.9990229606628418 0.0004885197849944234 -0.043478261679410934
vn -0.9990229606628418 0.0004885197849944234 -0.043478261679410934
vn -0.9980459213256836 0.0004885197849944234 -0.05911089479923248
vn -0.9980459213256836 0.0004885197849944234 -0.05911089479923248
vn -0.9980459213256836 0.0004885197849944234 -0.05911089479923248
vn -1 0.012212994508445263 0.0004885197849944234
vn -1 0.012212994508445263 0.0004885197849944234
vn -1 0.012212994508445263 0.0004885197849944234
vn -1 0.012212994508445263 0.0004885197849944234
vn -1 0.0004885197849944234 0.02589154802262783
vn -1 0.0004885197849944234 0.02589154802262783
vn -1 0.0004885197849944234 0.02589154802262783
vn 0.8045920729637146 -0.5847581624984741 -0.10796286910772324
vn 0.8045920729637146 -0.5847581624984741 -0.10796286910772324
vn 0.8045920729637146 -0.5847581624984741 -0.10796286910772324
vn 0.4147532880306244 0.8886175155639648 -0.1968734711408615
vn 0.4147532880306244 0.8886175155639648 -0.1968734711408615
vn 0.4147532880306244 0.8886175155639648 -0.1968734711408615
vn 0.4147532880306244 0.8886175155639648 -0.1968734711408615
vn -0.4147532880306244 0.8886175155639648 -0.1968734711408615
vn -0.4147532880306244 0.8886175155639648 -0.1968734711408615
vn -0.4147532880306244 0.8886175155639648 -0.1968734711408615
vn -0.4147532880306244 0.8886175155639648 -0.1968734711408615
vn 0.5427454710006714 0.8241328597068787 -0.1617000550031662
vn 0.5427454710006714 0.8241328597068787 -0.1617000550031662
vn 0.5427454710006714 0.8241328597068787 -0.1617000550031662
vn 0.5427454710006714 0.8241328597068787 -0.1617000550031662
vn 0.5427454710006714 0.8241328597068787 -0.1617000550031662
vn 0.5427454710006714 0.8241328597068787 -0.1617000550031662
vn -0.5427454710006714 0.8241328597068787 -0.1617000550031662
vn -0.5427454710006714 0.8241328597068787 -0.1617000550031662
vn -0.5427454710006714 0.8241328597068787 -0.1617000550031662
vn -0.5427454710006714 0.8241328597068787 -0.1617000550031662
vn -0.5427454710006714 0.8241328597068787 -0.1617000550031662
vn -0.5427454710006714 0.8241328597068787 -0.1617000550031662
vn 0.0004885197849944234 -0.26917439699172974 -0.9628725051879883
vn 0.0004885197849944234 -0.26917439699172974 -0.9628725051879883
vn 0.0004885197849944234 -0.26917439699172974 -0.9628725051879883
vn 0.0004885197849944234 -0.26917439699172974 -0.9628725051879883
vn 0.0004885197849944234 -0.26917439699172974 -0.9628725051879883
vn 0.0004885197849944234 -0.26917439699172974 -0.9628725051879883
vn 0.0004885197849944234 -0.26917439699172974 -0.9628725051879883
vn 0.0004885197849944234 -0.26917439699172974 -0.9628725051879883
vn 0.0004885197849944234 -0.26917439699172974 -0.9628725051879883
vn -0.9990229606628418 -0.04543234035372734 0.0004885197849944234
vn -0.9990229606628418 -0.04543234035372734 0.0004885197849944234
vn -0.9990229606628418 -0.04543234035372734 0.0004885197849944234
vn -0.40791401267051697 0.7459697127342224 -0.5261358022689819
vn -0.40791401267051697 0.7459697127342224 -0.5261358022689819
vn -0.40791401267051697 0.7459697127342224 -0.5261358022689819
vn 0.40791401267051697 0.7459697127342224 -0.5261358022689819
vn 0.40791401267051697 0.7459697127342224 -0.5261358022689819
vn 0.40791401267051697 0.7459697127342224 -0.5261358022689819
vn 1 0.0004885197849944234 0.0004885197849944234
vn 1 0.0004885197849944234 0.0004885197849944234
vn 1 0.0004885197849944234 0.0004885197849944234
vn 1 0.0004885197849944234 0.0004885197849944234
vn 1 0.0004885197849944234 0.0004885197849944234
vn 1 0.0004885197849944234 0.0004885197849944234
vn 1 0.0004885197849944234 0.0004885197849944234
vn 1 0.0004885197849944234 0.0004885197849944234
vn 0.0004885197849944234 -0.2506106495857239 -0.9677577018737793
vn 0.0004885197849944234 -0.2506106495857239 -0.9677577018737793
vn 0.0004885197849944234 -0.2506106495857239 -0.9677577018737793
vn 0.0004885197849944234 -0.2506106495857239 -0.9677577018737793
vn 0.0004885197849944234 -0.2506106495857239 -0.9677577018737793
vn 0.0004885197849944234 -0.2506106495857239 -0.9677577018737793
vn 0.0004885197849944234 -0.2506106495857239 -0.9677577018737793
vn 0.0004885197849944234 -0.2506106495857239 -0.9677577018737793
vn 0.0004885197849944234 -0.2506106495857239 -0.9677577018737793
vn 0.0004885197849944234 -0.2506106495857239 -0.9677577018737793
vn 0.0004885197849944234 -0.2506106495857239 -0.9677577018737793
vn 0.0004885197849944234 -0.2506106495857239 -0.9677577018737793
vn 0.0004885197849944234 -0.2506106495857239 -0.9677577018737793
vn 0.0004885197849944234 -0.2506106495857239 -0.9677577018737793
vn 0.0004885197849944234 -0.2506106495857239 -0.9677577018737793
vn 0.0004885197849944234 -0.2506106495857239 -0.9677577018737793
vn 0.0004885197849944234 -0.2506106495857239 -0.9677577018737793
vn 0.0004885197849944234 -0.2506106495857239 -0.9677577018737793
vn 0.0004885197849944234 -0.2506106495857239 -0.9677577018737793
vn 0.0004885197849944234 -0.2506106495857239 -0.9677577018737793
vn 0.0004885197849944234 -0.2506106495857239 -0.9677577018737793
vn 0.0004885197849944234 -0.2506106495857239 -0.9677577018737793
vn 0.0004885197849944234 -0.2506106495857239 -0.9677577018737793
vn 0.0004885197849944234 -0.2506106495857239 -0.9677577018737793
vn 0.0004885197849944234 -0.2506106495857239 -0.9677577018737793
vn 0.0004885197849944234 -0.2506106495857239 -0.9677577018737793
vn 0.0004885197849944234 -0.2506106495857239 -0.9677577018737793
vn 0.0004885197849944234 -0.2506106495857239 -0.9677577018737793
vn 0.0004885197849944234 -0.2506106495857239 -0.9677577018737793
vn 0.0004885197849944234 -0.2506106495857239 -0.9677577018737793
vn 0.0004885197849944234 -0.2506106495857239 -0.9677577018737793
vn 0.0004885197849944234 -0.2506106495857239 -0.9677577018737793
vn 0.0004885197849944234 -0.2506106495857239 -0.9677577018737793
vn 0.0004885197849944234 -0.2506106495857239 -0.9677577018737793
vn 0.0004885197849944234 -0.2506106495857239 -0.9677577018737793
vn 0.0004885197849944234 -0.2506106495857239 -0.9677577018737793
vn 0.0004885197849944234 -0.2506106495857239 -0.9677577018737793
vn 0.0004885197849944234 -0.2506106495857239 -0.9677577018737793
vn 0.0004885197849944234 -0.2506106495857239 -0.9677577018737793
vn 0.0004885197849944234 -0.2506106495857239 -0.9677577018737793
vn 0.0004885197849944234 -0.2506106495857239 -0.9677577018737793
vn 0.0004885197849944234 -0.2506106495857239 -0.9677577018737793
vn 0.0004885197849944234 -0.2506106495857239 -0.9677577018737793
vn 0.0004885197849944234 -0.2506106495857239 -0.9677577018737793
vn 0.0004885197849944234 -0.2506106495857239 -0.9677577018737793
vn 0.0004885197849944234 -0.2506106495857239 -0.9677577018737793
vn 0.0004885197849944234 -0.2506106495857239 -0.9677577018737793
vn 0.0004885197849944234 -0.2506106495857239 -0.9677577018737793
vn 0.0004885197849944234 -0.2506106495857239 -0.9677577018737793
vn 0.0004885197849944234 -0.2506106495857239 -0.9677577018737793
vn 0.0004885197849944234 -0.2506106495857239 -0.9677577018737793
vn 0.0004885197849944234 -0.2506106495857239 -0.9677577018737793
vn 0.0004885197849944234 -0.2506106495857239 -0.9677577018737793
vn 0.0004885197849944234 -0.2506106495857239 -0.9677577018737793
vn 0.0004885197849944234 -0.2506106495857239 -0.9677577018737793
vn 0.0004885197849944234 -0.2506106495857239 -0.9677577018737793
vn 0.0004885197849944234 -0.2506106495857239 -0.9677577018737793
vn 0.0004885197849944234 -0.2506106495857239 -0.9677577018737793
vn 0.0004885197849944234 -0.2506106495857239 -0.9677577018737793
vn 0.0004885197849944234 -0.2506106495857239 -0.9677577018737793
vn 0.0004885197849944234 -0.2506106495857239 -0.9677577018737793
vn 0.0004885197849944234 -0.2506106495857239 -0.9677577018737793
vn 0.0004885197849944234 -0.2506106495857239 -0.9677577018737793
vn 0.0004885197849944234 -0.2506106495857239 -0.9677577018737793
vn 0.0004885197849944234 -0.2506106495857239 -0.9677577018737793
vn 0.0004885197849944234 0.0004885197849944234 1
vn 0.0004885197849944234 0.0004885197849944234 1
vn 0.0004885197849944234 0.0004885197849944234 1
vn 0.0004885197849944234 0.0004885197849944234 1
vn 0.0004885197849944234 0.0004885197849944234 1
vn 0.0004885197849944234 0.0004885197849944234 1
vn 0.0004885197849944234 0.0004885197849944234 1
vn 0.0004885197849944234 0.0004885197849944234 1
vn 0.6941866278648376 -0.7029799818992615 0.1558378040790558
vn 0.6941866278648376 -0.7029799818992615 0.1558378040790558
vn 0.6941866278648376 -0.7029799818992615 0.1558378040790558
vn 0.6941866278648376 -0.7029799818992615 0.1558378040790558
vn -0.6941866278648376 -0.7029799818992615 0.1558378040790558
vn -0.6941866278648376 -0.7029799818992615 0.1558378040790558
vn -0.6941866278648376 -0.7029799818992615 0.1558378040790558
vn -0.6941866278648376 -0.7029799818992615 0.1558378040790558
vn -0.6941866278648376 -0.7029799818992615 0.1558378040790558
vn -0.6941866278648376 -0.7029799818992615 0.1558378040790558
vn 0.33952125906944275 0.9394235610961914 0.050317537039518356
vn 0.33952125906944275 0.9394235610961914 0.050317537039518356
vn 0.33952125906944275 0.9394235610961914 0.050317537039518356
vn 0.0004885197849944234 -0.03468490391969681 0.9990229606628418
vn 0.0004885197849944234 -0.03468490391969681 0.9990229606628418
vn 0.0004885197849944234 -0.03468490391969681 0.9990229606628418
vn 0.5144113302230835 0.5105031728744507 0.6893014311790466
vn 0.5144113302230835 0.5105031728744507 0.6893014311790466
vn 0.5144113302230835 0.5105031728744507 0.6893014311790466
vn 0.5144113302230835 0.5105031728744507 0.6893014311790466
vn 0.5144113302230835 0.5105031728744507 0.6893014311790466
vn 0.5144113302230835 0.5105031728744507 0.6893014311790466
vn -0.5144113302230835 0.5105031728744507 0.6893014311790466
vn -0.5144113302230835 0.5105031728744507 0.6893014311790466
vn -0.5144113302230835 0.5105031728744507 0.6893014311790466
vn -0.5144113302230835 0.5105031728744507 0.6893014311790466
vn 0.30239373445510864 0.9531021118164062 -0.0034196386113762856
vn 0.30239373445510864 0.9531021118164062 -0.0034196386113762856
vn 0.30239373445510864 0.9531021118164062 -0.0034196386113762856
vn -0.791890561580658 0.2515876889228821 0.5564240217208862
vn -0.791890561580658 0.2515876889228821 0.5564240217208862
vn -0.791890561580658 0.2515876889228821 0.5564240217208862
vn 0.7479237914085388 -0.6638984084129333 0.0004885197849944234
vn 0.7479237914085388 -0.6638984084129333 0.0004885197849944234
vn 0.7479237914085388 -0.6638984084129333 0.0004885197849944234
vn 0.7479237914085388 -0.6638984084129333 -0.0004885197849944234
vn 0.7479237914085388 -0.6638984084129333 -0.0004885197849944234
vn 0.7479237914085388 -0.6638984084129333 -0.0004885197849944234
vn 0.8045920729637146 -0.5847581624984741 0.10796286910772324
vn 0.8045920729637146 -0.5847581624984741 0.10796286910772324
vn 0.8045920729637146 -0.5847581624984741 0.10796286910772324
vn 0.6384953856468201 -0.5417684316635132 0.545676589012146
vn 0.6384953856468201 -0.5417684316635132 0.545676589012146
vn 0.6384953856468201 -0.5417684316635132 0.545676589012146
vn 0.6384953856468201 -0.5417684316635132 0.545676589012146
vn -0.6384953856468201 -0.5417684316635132 0.545676589012146
vn -0.6384953856468201 -0.5417684316635132 0.545676589012146
vn -0.6384953856468201 -0.5417684316635132 0.545676589012146
vn -0.6384953856468201 -0.5417684316635132 0.545676589012146
vn -0.01123595517128706 0.020029311999678612 1
vn -0.01123595517128706 0.020029311999678612 1
vn -0.01123595517128706 0.020029311999678612 1
vn -0.80166095495224 0.20078162848949432 0.5632632970809937
vn -0.80166095495224 0.20078162848949432 0.5632632970809937
vn -0.80166095495224 0.20078162848949432 0.5632632970809937
vn 0.6941866278648376 -0.7029799818992615 0.1558378040790558
vn 0.6941866278648376 -0.7029799818992615 0.1558378040790558
vn 0.6941866278648376 -0.7029799818992615 0.1558378040790558
vn 0.6941866278648376 -0.7029799818992615 0.1558378040790558
vn 0.6941866278648376 -0.7029799818992615 0.1558378040790558
vn 0.6941866278648376 -0.7029799818992615 0.1558378040790558
vn -0.7020029425621033 0.5955055952072144 -0.3903273046016693
vn -0.7020029425621033 0.5955055952072144 -0.3903273046016693
vn -0.7020029425621033 0.5955055952072144 -0.3903273046016693
vn 0.7020029425621033 0.5955055952072144 -0.3903273046016693
vn 0.7020029425621033 0.5955055952072144 -0.3903273046016693
vn 0.7020029425621033 0.5955055952072144 -0.3903273046016693
vn -0.6941866278648376 -0.7029799818992615 0.1558378040790558
vn -0.6941866278648376 -0.7029799818992615 0.1558378040790558
vn -0.6941866278648376 -0.7029799818992615 0.1558378040790558
vn -0.6941866278648376 -0.7029799818992615 0.1558378040790558
vn 0.0004885197849944234 0.0004885197849944234 1
vn 0.0004885197849944234 0.0004885197849944234 1
vn 0.0004885197849944234 0.0004885197849944234 1
vn 0.0004885197849944234 0.0004885197849944234 1
vn 0.0004885197849944234 0.0004885197849944234 1
vn 0.0004885197849944234 0.0004885197849944234 1
vn 0.0004885197849944234 0.0004885197849944234 1
vn 0.9765510559082031 -0.21348313987255096 0.0004885197849944234
vn 0.9765510559082031 -0.21348313987255096 0.0004885197849944234
vn 0.9765510559082031 -0.21348313987255096 0.0004885197849944234
vn 0.9765510559082031 -0.21348313987255096 0.0004885197849944234
vn 0.9765510559082031 -0.21348313987255096 0.0004885197849944234
vn 0.9765510559082031 -0.21348313987255096 0.0004885197849944234
vn 0.6502198576927185 0.6453346610069275 -0.40107473731040955
vn 0.6502198576927185 0.6453346610069275 -0.40107473731040955
vn 0.6502198576927185 0.6453346610069275 -0.40107473731040955
vn -0.6502198576927185 0.6453346610069275 -0.40107473731040955
vn -0.6502198576927185 0.6453346610069275 -0.40107473731040955
vn -0.6502198576927185 0.6453346610069275 -0.40107473731040955
vn 0.6941866278648376 -0.7029799818992615 0.1558378040790558
vn 0.6941866278648376 -0.7029799818992615 0.1558378040790558
vn 0.6941866278648376 -0.7029799818992615 0.1558378040790558
vn 0.6941866278648376 -0.7020029425621033 0.1558378040790558
vn 0.6941866278648376 -0.7020029425621033 0.1558378040790558
vn 0.6941866278648376 -0.7020029425621033 0.1558378040790558
vn -0.6941866278648376 -0.7020029425621033 0.1558378040790558
vn -0.6941866278648376 -0.7020029425621033 0.1558378040790558
vn -0.6941866278648376 -0.7020029425621033 0.1558378040790558
vn -0.6941866278648376 -0.7029799818992615 0.1558378040790558
vn -0.6941866278648376 -0.7029799818992615 0.1558378040790558
vn -0.6941866278648376 -0.7029799818992615 0.1558378040790558
vn -0.5105031728744507 -0.681485116481781 -0.5241817235946655
vn -0.5105031728744507 -0.681485116481781 -0.5241817235946655
vn -0.5105031728744507 -0.681485116481781 -0.5241817235946655
vn -0.5105031728744507 -0.681485116481781 -0.5241817235946655
vn 0.6472887396812439 -0.7625793814659119 0.0004885197849944234
vn 0.6472887396812439 -0.7625793814659119 0.0004885197849944234
vn 0.6472887396812439 -0.7625793814659119 0.0004885197849944234
vn 0.6472887396812439 -0.7625793814659119 0.0004885197849944234
vn 0.0004885197849944234 0.0004885197849944234 1
vn 0.0004885197849944234 0.0004885197849944234 1
vn 0.0004885197849944234 0.0004885197849944234 1
vn 0.0004885197849944234 0.0004885197849944234 1
vn 0.0004885197849944234 0.0004885197849944234 1
vn 0.0004885197849944234 0.0004885197849944234 1
vn 0.0004885197849944234 0.0004885197849944234 1
vn 0.0004885197849944234 0.0004885197849944234 1
vn 0.0004885197849944234 0.0004885197849944234 1
vn 0.0004885197849944234 -0.2506106495857239 -0.9677577018737793
vn 0.0004885197849944234 -0.2506106495857239 -0.9677577018737793
vn 0.0004885197849944234 -0.2506106495857239 -0.9677577018737793
vn 0.0004885197849944234 -0.2506106495857239 -0.9677577018737793
vn 0.0004885197849944234 -0.2506106495857239 -0.9677577018737793
vn 0.0004885197849944234 -0.2506106495857239 -0.9677577018737793
vn 0.0004885197849944234 -0.2506106495857239 -0.9677577018737793
vn 0.0004885197849944234 -0.2506106495857239 -0.9677577018737793
vn 0.0004885197849944234 -0.2506106495857239 -0.9677577018737793
vn -0.3492916524410248 -0.5661944150924683 -0.7469467520713806
vn -0.3492916524410248 -0.5661944150924683 -0.7469467520713806
vn -0.3492916524410248 -0.5661944150924683 -0.7469467520713806
vn -0.3492916524410248 -0.5661944150924683 -0.7469467520713806
vn 0.3492916524410248 -0.5661944150924683 -0.7469467520713806
vn 0.3492916524410248 -0.5661944150924683 -0.7469467520713806
vn 0.3492916524410248 -0.5661944150924683 -0.7469467520713806
vn 0.3492916524410248 -0.5661944150924683 -0.7469467520713806
vn 0.0004885197849944234 -0.2506106495857239 -0.9677577018737793
vn 0.0004885197849944234 -0.2506106495857239 -0.9677577018737793
vn 0.0004885197849944234 -0.2506106495857239 -0.9677577018737793
vn -0.07083536684513092 -0.49682462215423584 -0.8651685118675232
vn -0.07083536684513092 -0.49682462215423584 -0.8651685118675232
vn -0.07083536684513092 -0.49682462215423584 -0.8651685118675232
vn -0.07083536684513092 -0.49682462215423584 -0.8651685118675232
vn 0.8876404762268066 0.4499267339706421 -0.10014655441045761
vn 0.8876404762268066 0.4499267339706421 -0.10014655441045761
vn 0.8876404762268066 0.4499267339706421 -0.10014655441045761
vn -0.8876404762268066 0.4499267339706421 -0.10014655441045761
vn -0.8876404762268066 0.4499267339706421 -0.10014655441045761
vn -0.8876404762268066 0.4499267339706421 -0.10014655441045761
vn 0.3180263936519623 0.0004885197849944234 0.9482169151306152
vn 0.3180263936519623 0.0004885197849944234 0.9482169151306152
vn 0.3180263936519623 0.0004885197849944234 0.9482169151306152
vn 0.3180263936519623 0.0004885197849944234 0.9482169151306152
vn 0.7850512862205505 0.4460185766220093 -0.42940887808799744
vn 0.7850512862205505 0.4460185766220093 -0.42940887808799744
vn 0.7850512862205505 0.4460185766220093 -0.42940887808799744
vn -0.7850512862205505 0.4460185766220093 -0.42940887808799744
vn -0.7850512862205505 0.4460185766220093 -0.42940887808799744
vn -0.7850512862205505 0.4460185766220093 -0.42940887808799744
vn -0.5525158643722534 -0.8329262137413025 -0.017098192125558853
vn -0.5525158643722534 -0.8329262137413025 -0.017098192125558853
vn -0.5525158643722534 -0.8329262137413025 -0.017098192125558853
vn 0.5525158643722534 -0.8329262137413025 -0.017098192125558853
vn 0.5525158643722534 -0.8329262137413025 -0.017098192125558853
vn 0.5525158643722534 -0.8329262137413025 -0.017098192125558853
vn 0.6941866278648376 0.7029799818992615 -0.1558378040790558
vn 0.6941866278648376 0.7029799818992615 -0.1558378040790558
vn 0.6941866278648376 0.7029799818992615 -0.1558378040790558
vn 0.6941866278648376 0.7029799818992615 -0.1558378040790558
vn 0.6941866278648376 0.7029799818992615 -0.1558378040790558
vn 0.6941866278648376 0.7020029425621033 -0.1558378040790558
vn 0.6941866278648376 0.7020029425621033 -0.1558378040790558
vn 0.6941866278648376 0.7020029425621033 -0.1558378040790558
vn 0.6941866278648376 0.7020029425621033 -0.1558378040790558
vn 0.6941866278648376 0.7020029425621033 -0.1558378040790558
vn 0.6941866278648376 0.7020029425621033 -0.1558378040790558
vn 0.6941866278648376 0.7029799818992615 -0.1558378040790558
vn 0.6941866278648376 0.7029799818992615 -0.1558378040790558
vn 0.6941866278648376 0.7029799818992615 -0.1558378040790558
vn 0.6941866278648376 0.7029799818992615 -0.1558378040790558
vn 0.6941866278648376 0.7029799818992615 -0.1558378040790558
vn 0.6941866278648376 0.7029799818992615 -0.1558378040790558
vn 0.6941866278648376 0.7029799818992615 -0.1558378040790558
vn 0.6941866278648376 0.7029799818992615 -0.1558378040790558
vn 0.6941866278648376 0.7020029425621033 -0.1558378040790558
vn 0.6941866278648376 0.7020029425621033 -0.1558378040790558
vn 0.6941866278648376 0.7020029425621033 -0.1558378040790558
vn -0.6941866278648376 0.7029799818992615 -0.1558378040790558
vn -0.6941866278648376 0.7029799818992615 -0.1558378040790558
vn -0.6941866278648376 0.7029799818992615 -0.1558378040790558
vn -0.6941866278648376 0.7029799818992615 -0.1558378040790558
vn -0.6941866278648376 0.7029799818992615 -0.1558378040790558
vn -0.6941866278648376 0.7029799818992615 -0.1558378040790558
vn -0.6941866278648376 0.7029799818992615 -0.1558378040790558
vn -0.6941866278648376 0.7029799818992615 -0.1558378040790558
vn -0.6941866278648376 0.7029799818992615 -0.1558378040790558
vn -0.6941866278648376 0.7029799818992615 -0.1558378040790558
vn -0.6941866278648376 0.7029799818992615 -0.1558378040790558
vn -0.6941866278648376 0.7029799818992615 -0.1558378040790558
vn -0.6941866278648376 0.7029799818992615 -0.1558378040790558
vn -0.6941866278648376 0.7029799818992615 -0.1558378040790558
vn -0.6941866278648376 0.7029799818992615 -0.1558378040790558
vn -0.6941866278648376 0.7020029425621033 -0.1558378040790558
vn -0.6941866278648376 0.7020029425621033 -0.1558378040790558
vn -0.6941866278648376 0.7020029425621033 -0.1558378040790558
vn -0.6941866278648376 0.7020029425621033 -0.1558378040790558
vn -0.6941866278648376 0.7020029425621033 -0.1558378040790558
vn -0.6941866278648376 0.7020029425621033 -0.1558378040790558
vn -0.6941866278648376 0.7020029425621033 -0.1558378040790558
vn -0.6941866278648376 0.7020029425621033 -0.1558378040790558
vn 0.3492916524410248 0.0004885197849944234 0.9364924430847168
vn 0.3492916524410248 0.0004885197849944234 0.9364924430847168
vn 0.3492916524410248 0.0004885197849944234 0.9364924430847168
vn 0.3492916524410248 0.0004885197849944234 0.9364924430847168
vn -0.9413776397705078 -0.33659014105796814 0.0004885197849944234
vn -0.9413776397705078 -0.33659014105796814 0.0004885197849944234
vn -0.9413776397705078 -0.33659014105796814 0.0004885197849944234
vn 0.0004885197849944234 0.0659501701593399 0.9980459213256836
vn 0.0004885197849944234 0.0659501701593399 0.9980459213256836
vn 0.0004885197849944234 0.0659501701593399 0.9980459213256836
vn 0.0004885197849944234 0.0659501701593399 0.9980459213256836
vn -0.9267220497131348 -0.37664875388145447 0.006350757088512182
vn -0.9267220497131348 -0.37664875388145447 0.006350757088512182
vn -0.9267220497131348 -0.37664875388145447 0.006350757088512182
vn 0.5163654088973999 0.7068881392478943 -0.4841231107711792
vn 0.5163654088973999 0.7068881392478943 -0.4841231107711792
vn 0.5163654088973999 0.7068881392478943 -0.4841231107711792
vn -0.5163654088973999 0.7068881392478943 -0.4841231107711792
vn -0.5163654088973999 0.7068881392478943 -0.4841231107711792
vn -0.5163654088973999 0.7068881392478943 -0.4841231107711792
vn 0.0004885197849944234 0.07474352419376373 0.9970688819885254
vn 0.0004885197849944234 0.07474352419376373 0.9970688819885254
vn 0.0004885197849944234 0.07474352419376373 0.9970688819885254
vn 0.018075231462717056 0.07767464220523834 0.9970688819885254
vn 0.018075231462717056 0.07767464220523834 0.9970688819885254
vn 0.018075231462717056 0.07767464220523834 0.9970688819885254
vn -0.021983390673995018 0.03566194325685501 0.9990229606628418
vn -0.021983390673995018 0.03566194325685501 0.9990229606628418
vn -0.021983390673995018 0.03566194325685501 0.9990229606628418
vn -0.43527111411094666 0.8788471221923828 -0.1949193924665451
vn -0.43527111411094666 0.8788471221923828 -0.1949193924665451
vn -0.43527111411094666 0.8788471221923828 -0.1949193924665451
vn 0.43527111411094666 0.8788471221923828 -0.1949193924665451
vn 0.43527111411094666 0.8788471221923828 -0.1949193924665451
vn 0.43527111411094666 0.8788471221923828 -0.1949193924665451
vn -0.021983390673995018 0.029799707233905792 0.9990229606628418
vn -0.021983390673995018 0.029799707233905792 0.9990229606628418
vn -0.021983390673995018 0.029799707233905792 0.9990229606628418
vn 0.0004885197849944234 0.0004885197849944234 1
vn 0.0004885197849944234 0.0004885197849944234 1
vn 0.0004885197849944234 0.0004885197849944234 1
vn 0.0004885197849944234 0.0004885197849944234 1
vn -0.6883243918418884 -0.7254518866539001 0.0004885197849944234
vn -0.6883243918418884 -0.7254518866539001 0.0004885197849944234
vn -0.6883243918418884 -0.7254518866539001 0.0004885197849944234
vn -0.6883243918418884 -0.7254518866539001 0.0004885197849944234
vn -0.686370313167572 -0.7264289259910583 0.0004885197849944234
vn -0.686370313167572 -0.7264289259910583 0.0004885197849944234
vn -0.686370313167572 -0.7264289259910583 0.0004885197849944234
vn -0.686370313167572 -0.7264289259910583 0.0004885197849944234
vn 0.5525158643722534 -0.8329262137413025 -0.017098192125558853
vn 0.5525158643722534 -0.8329262137413025 -0.017098192125558853
vn 0.5525158643722534 -0.8329262137413025 -0.017098192125558853
vn -0.5525158643722534 -0.8329262137413025 -0.017098192125558853
vn -0.5525158643722534 -0.8329262137413025 -0.017098192125558853
vn -0.5525158643722534 -0.8329262137413025 -0.017098192125558853
vn -0.0024425990413874388 -0.0004885197849944234 1
vn -0.0024425990413874388 -0.0004885197849944234 1
vn -0.0024425990413874388 -0.0004885197849944234 1
vn 0.0004885197849944234 0.0004885197849944234 1
vn 0.0004885197849944234 0.0004885197849944234 1
vn 0.0004885197849944234 0.0004885197849944234 1
vn 0.0004885197849944234 0.0004885197849944234 1
vn 0.0004885197849944234 -0.0004885197849944234 1
vn 0.0004885197849944234 -0.0004885197849944234 1
vn 0.0004885197849944234 -0.0004885197849944234 1
vn 0.0004885197849944234 -0.0004885197849944234 1
vn 0.3571079671382904 0.14215925335884094 -0.922813892364502
vn 0.3571079671382904 0.14215925335884094 -0.922813892364502
vn 0.3571079671382904 0.14215925335884094 -0.922813892364502
vn 0.3571079671382904 0.14215925335884094 -0.922813892364502
vn -0.3571079671382904 0.14215925335884094 -0.922813892364502
vn -0.3571079671382904 0.14215925335884094 -0.922813892364502
vn -0.3571079671382904 0.14215925335884094 -0.922813892364502
vn -0.3571079671382904 0.14215925335884094 -0.922813892364502
vn 0.0004885197849944234 -1 0.0004885197849944234
vn 0.0004885197849944234 -1 0.0004885197849944234
vn 0.0004885197849944234 -1 0.0004885197849944234
vn 0.0004885197849944234 -1 0.0004885197849944234
vn 0.0004885197849944234 -1 0.0004885197849944234
vn 0.0004885197849944234 -1 0.0004885197849944234
vn 0.0004885197849944234 -1 0.0004885197849944234
vn 0.0004885197849944234 -1 0.0004885197849944234
vn 0.6990718245506287 -0.7147044539451599 0.0004885197849944234
vn 0.6990718245506287 -0.7147044539451599 0.0004885197849944234
vn 0.6990718245506287 -0.7147044539451599 0.0004885197849944234
vn 0.6990718245506287 -0.7147044539451599 0.0004885197849944234
vn 0.0004885197849944234 -1 0.0004885197849944234
vn 0.0004885197849944234 -1 0.0004885197849944234
vn 0.0004885197849944234 -1 0.0004885197849944234
vn 0.0004885197849944234 -1 0.0004885197849944234
vn 0.0004885197849944234 -1 0.0004885197849944234
vn 0.0004885197849944234 -1 0.0004885197849944234
vn 0.0004885197849944234 -1 0.0004885197849944234
vn 0.0004885197849944234 -1 0.0004885197849944234
vn -0.5046409368515015 0.33365902304649353 -0.7957987189292908
vn -0.5046409368515015 0.33365902304649353 -0.7957987189292908
vn -0.5046409368515015 0.33365902304649353 -0.7957987189292908
vn -0.5046409368515015 0.33365902304649353 -0.7957987189292908
vn 0.5241817235946655 0.360039085149765 -0.7723497748374939
vn 0.5241817235946655 0.360039085149765 -0.7723497748374939
vn 0.5241817235946655 0.360039085149765 -0.7723497748374939
vn 0.5241817235946655 0.360039085149765 -0.7723497748374939
vn 0.6267709136009216 0.7361993193626404 0.2545188069343567
vn 0.6267709136009216 0.7361993193626404 0.2545188069343567
vn 0.6267709136009216 0.7361993193626404 0.2545188069343567
vn 0.6267709136009216 0.7361993193626404 0.2545188069343567
vn -0.6267709136009216 0.7361993193626404 0.2545188069343567
vn -0.6267709136009216 0.7361993193626404 0.2545188069343567
vn -0.6267709136009216 0.7361993193626404 0.2545188069343567
vn -0.6267709136009216 0.7361993193626404 0.2545188069343567
vn 0.6941866278648376 0.7029799818992615 -0.1558378040790558
vn 0.6941866278648376 0.7029799818992615 -0.1558378040790558
vn 0.6941866278648376 0.7029799818992615 -0.1558378040790558
vn 0.6941866278648376 0.7020029425621033 -0.1558378040790558
vn 0.6941866278648376 0.7020029425621033 -0.1558378040790558
vn 0.6941866278648376 0.7020029425621033 -0.1558378040790558
vn -0.6941866278648376 0.7020029425621033 -0.1558378040790558
vn -0.6941866278648376 0.7020029425621033 -0.1558378040790558
vn -0.6941866278648376 0.7020029425621033 -0.1558378040790558
vn -0.6941866278648376 0.7029799818992615 -0.1558378040790558
vn -0.6941866278648376 0.7029799818992615 -0.1558378040790558
vn -0.6941866278648376 0.7029799818992615 -0.1558378040790558
vn 0.6648754477500916 -0.7469467520713806 0.0004885197849944234
vn 0.6648754477500916 -0.7469467520713806 0.0004885197849944234
vn 0.6648754477500916 -0.7469467520713806 0.0004885197849944234
vn 0.6941866278648376 0.7029799818992615 -0.1558378040790558
vn 0.6941866278648376 0.7029799818992615 -0.1558378040790558
vn 0.6941866278648376 0.7029799818992615 -0.1558378040790558
vn 0.6941866278648376 0.7029799818992615 -0.1558378040790558
vn -0.6941866278648376 0.7020029425621033 -0.1558378040790558
vn -0.6941866278648376 0.7020029425621033 -0.1558378040790558
vn -0.6941866278648376 0.7020029425621033 -0.1558378040790558
vn -0.6941866278648376 0.7029799818992615 -0.1558378040790558
vn -0.6941866278648376 0.7029799818992615 -0.1558378040790558
vn -0.6941866278648376 0.7029799818992615 -0.1558378040790558
vn 0.6941866278648376 0.7020029425621033 -0.1558378040790558
vn 0.6941866278648376 0.7020029425621033 -0.1558378040790558
vn 0.6941866278648376 0.7020029425621033 -0.1558378040790558
vn 0.6941866278648376 0.7029799818992615 -0.1558378040790558
vn 0.6941866278648376 0.7029799818992615 -0.1558378040790558
vn 0.6941866278648376 0.7029799818992615 -0.1558378040790558
vn -0.6941866278648376 0.7020029425621033 -0.1558378040790558
vn -0.6941866278648376 0.7020029425621033 -0.1558378040790558
vn -0.6941866278648376 0.7020029425621033 -0.1558378040790558
vn -0.6941866278648376 0.7020029425621033 -0.1558378040790558

vt 0.375 1
vt 0.375 0.75
vt 0.375 0.75
vt 0.375 1
vt 0.375 1
vt 0.375 0.75
vt 0.375 1
vt 0.375 0.75
vt 0.5555559992790222 0.809902012348175
vt 0.4444440007209778 0.809902012348175
vt 0.5555559992790222 0.809902012348175
vt 0.4444440007209778 0.809902012348175
vt 0.5555559992790222 0.809902012348175
vt 0.4444440007209778 0.809902012348175
vt 0.5555559992790222 0.809902012348175
vt 0.4444440007209778 0.809902012348175
vt 0.625 1
vt 0.375 0.75
vt 0.625 0.75
vt 0.625 1
vt 0.375 1
vt 0.375 0.75
vt 0.375 1
vt 0.625 0.75
vt 0.625 1
vt 0.375 1
vt 0.375 0.75
vt 0.625 0.75
vt 0.625 0.25
vt 0.625 0.75
vt 0.625 0.5
vt 0.625 0
vt 0.625 0.25
vt 0.625 0.25
vt 0.625 0.75
vt 0.625 0.5
vt 0.625 0.75
vt 0.625 0.5
vt 0.625 0
vt 0.625 0
vt 0.625 0.25
vt 0.625 0.25
vt 0.625 0
vt 0.625 0.75
vt 0.625 0
vt 0.625 0.25
vt 0.625 0.25
vt 0.625 0.75
vt 0.625 0.5
vt 0.625 0.75
vt 0.625 0
vt 0.625 0
vt 0.625 0.25
vt 0.625 0.75
vt 0.625 0.5
vt 0.625 0.5
vt 0.625 0.25
vt 0.625 0.75
vt 0.625 0.5
vt 0.625 0.25
vt 0.625 0
vt 0.625 0.75
vt 0.625 0.47533100843429565
vt 0.625 0.5491160154342651
vt 0.625 0.5491160154342651
vt 0.625 0.47533100843429565
vt 0.625 0.47533100843429565
vt 0.625 0.5491160154342651
vt 0.625 0.5491160154342651
vt 0.625 0.47533100843429565
vt 0.625 0.5491160154342651
vt 0.625 0.5491160154342651
vt 0.625 0.47533100843429565
vt 0.625 0.47533100843429565
vt 0.5555559992790222 0.809902012348175
vt 0.4444440007209778 0.6286270022392273
vt 0.5555559992790222 0.6286270022392273
vt 0.4444440007209778 0.809902012348175
vt 0.5555559992790222 0.7320560216903687
vt 0.4444440007209778 0.6286270022392273
vt 0.5555559992790222 0.6286270022392273
vt 0.4444440007209778 0.7320560216903687
vt 0.875 0.5
vt 0.8569980263710022 0.5180009603500366
vt 0.75 0.5
vt 0.6430019736289978 0.5180009603500366
vt 0.8569980263710022 0.625
vt 0.8569980263710022 0.5180009603500366
vt 0.875 0.5625
vt 0.8569980263710022 0.5180009603500366
vt 0.875 0.5
vt 0.875 0.5625
vt 0 0
vt 0.6430019736289978 0.5180009603500366
vt 0 0
vt 0.875 0.5625
vt 0.875 0.625
vt 0.8569980263710022 0.625
vt 0.4444440007209778 0.809902012348175
vt 0.5555559992790222 0.7320560216903687
vt 0.5555559992790222 0.809902012348175
vt 0.4444440007209778 0.7320560216903687
vt 0 0
vt 0.6430019736289978 0.625
vt 0.6430019736289978 0.7319990396499634
vt 0 0
vt 0 0
vt 0.6430019736289978 0.625
vt 0 0
vt 0 0
vt 0.75 0.5
vt 0.6430019736289978 0.5180009603500366
vt 0.625 0.8333330154418945
vt 0 0
vt 0.6430019736289978 0.7319990396499634
vt 0.4444440007209778 0.809902012348175
vt 0.33333298563957214 0.809902012348175
vt 0.33333298563957214 0.809902012348175
vt 0.4444440007209778 0.809902012348175
vt 0.5555559992790222 0.809902012348175
vt 0.6666669845581055 0.809902012348175
vt 0.5555559992790222 0.809902012348175
vt 0.6666669845581055 0.809902012348175
vt 0.625 0.7767000198364258
vt 0.625 0.6988539695739746
vt 0.625 0.7767000198364258
vt 0.625 0.7767000198364258
vt 0.625 0.6988539695739746
vt 0.625 0.6988539695739746
vt 0.625 0.6988539695739746
vt 0.625 0.7767000198364258
vt 0.625 0.6988539695739746
vt 0.4444440007209778 0.809902012348175
vt 0.33333298563957214 0.809902012348175
vt 0.33333298563957214 0.809902012348175
vt 0.4444440007209778 0.809902012348175
vt 0.625 0.6988539695739746
vt 0.625 0.7767000198364258
vt 0.625 0.7767000198364258
vt 0.5555559992790222 0.809902012348175
vt 0.6666669845581055 0.809902012348175
vt 0.5555559992790222 0.809902012348175
vt 0.6666669845581055 0.809902012348175
vt 0.6070719957351685 0.8333330154418945
vt 0.6072270274162292 0.9166669845581055
vt 0.6072270274162292 0.8333330154418945
vt 0.6070719957351685 0.9166669845581055
vt 0.625 0.75
vt 0.625 0.75
vt 0.625 0.5
vt 0.625 0
vt 0.625 0.25
vt 0.625 0
vt 0.625 0.75
vt 0.625 0.5
vt 0.625 0.5
vt 0.625 0
vt 0.625 0.25
vt 0.625 0.25
vt 0.625 0.75
vt 0.625 0.5
vt 0.625 0.5
vt 0.625 0
vt 0.625 0.25
vt 0.625 0.25
vt 0.625 0.25
vt 0.625 0.5
vt 0.625 0.5
vt 0.625 0.25
vt 0.625 0.5
vt 0.625 0.5
vt 0.625 0.25
vt 0.625 0.25
vt 0.625 0.25
vt 0.625 0.5
vt 0.6666669845581055 0.809902012348175
vt 0.5555559992790222 0.6286270022392273
vt 0.6666669845581055 0.6286270022392273
vt 0.4444440007209778 0.6286270022392273
vt 0.33333298563957214 0.809902012348175
vt 0.33333298563957214 0.6286270022392273
vt 0.6666669845581055 0.809902012348175
vt 0.5555559992790222 0.809902012348175
vt 0.5555559992790222 0.6286270022392273
vt 0.4444440007209778 0.6286270022392273
vt 0.4444440007209778 0.809902012348175
vt 0.33333298563957214 0.809902012348175
vt 0.875 0.75
vt 0.7916669845581055 0.75
vt 0.8569980263710022 0.625
vt 0.4444440007209778 0.7320560216903687
vt 0.33333298563957214 0.6286270022392273
vt 0.4444440007209778 0.6286270022392273
vt 0.33333298563957214 0.7320560216903687
vt 0.6666669845581055 0.6286270022392273
vt 0.5555559992790222 0.7320560216903687
vt 0.5555559992790222 0.6286270022392273
vt 0.6666669845581055 0.7320560216903687
vt 0.875 0.75
vt 0.8569980263710022 0.625
vt 0.875 0.625
vt 0.33333298563957214 0.809902012348175
vt 0.4444440007209778 0.7320560216903687
vt 0.4444440007209778 0.809902012348175
vt 0.33333298563957214 0.7320560216903687
vt 0.6666669845581055 0.809902012348175
vt 0.5555559992790222 0.7320560216903687
vt 0.6666669845581055 0.7320560216903687
vt 0.5555559992790222 0.809902012348175
vt 0.6070719957351685 0.8333330154418945
vt 0.6070719957351685 0.9166669845581055
vt 0.6070719957351685 0.8333330154418945
vt 0.6070719957351685 0.8333330154418945
vt 0.6070719957351685 0.9166669845581055
vt 0.6070719957351685 0.9166669845581055
vt 0.375 1
vt 0.375 0.75
vt 0.375 0.75
vt 0.375 1
vt 0.375 1
vt 0.375 0.75
vt 0.375 0.75
vt 0.375 1
vt 0.625 0.8333330154418945
vt 0.625 0.75
vt 0 0
vt 0.625 0.6988539695739746
vt 0.625 0.47533100843429565
vt 0.625 0.7767000198364258
vt 0.625 0.5491160154342651
vt 0.625 0.5491160154342651
vt 0.625 0.7767000198364258
vt 0.625 0.6988539695739746
vt 0.625 0.5491160154342651
vt 0.625 0.47533100843429565
vt 0.625 0.7767000198364258
vt 0.625 0.75
vt 0.625 0.25
vt 0.625 0.5
vt 0.625 0
vt 0 0
vt 0.625 0.5625
vt 0.625 0.5
vt 0.5 0.25
vt 0.5 0.25
vt 0.5432549715042114 0.23194599151611328
vt 0.5 0.5
vt 0.5 0.5613089799880981
vt 0.5 0.5
vt 0.625 0.5
vt 0.625 0
vt 0.625 0.25
vt 0.625 0.75
vt 0 0
vt 0.15625 0.15625
vt 0.3125 0.3125
vt 0 0
vt 0 0
vt 0.15625 0.15625
vt 0.33333298563957214 0.809902012348175
vt 0.2222220003604889 0.809902012348175
vt 0.2222220003604889 0.809902012348175
vt 0.33333298563957214 0.809902012348175
vt 0.33333298563957214 0.809902012348175
vt 0.2222220003604889 0.809902012348175
vt 0.6666669845581055 0.809902012348175
vt 0.7777780294418335 0.809902012348175
vt 0.6666669845581055 0.809902012348175
vt 0.6666669845581055 0.809902012348175
vt 0.7777780294418335 0.809902012348175
vt 0.7777780294418335 0.809902012348175
vt 0.625 0.25
vt 0.625 0
vt 0.625 0
vt 0.625 1
vt 0.375 0.75
vt 0.625 0.75
vt 0.375 1
vt 0.625 0.5
vt 0.625 0.75
vt 0.625 0.75
vt 0.375 1
vt 0.375 0.25
vt 0.375 1
vt 0.375 0.75
vt 0.375 0.75
vt 0.375 0.5
vt 0.375 1
vt 0.375 0.75
vt 0.375 0.75
vt 0.375 1
vt 0.375 1
vt 0.375 0.75
vt 0.375 0.75
vt 0.375 1
vt 0.375 0.75
vt 0.375 1
vt 0.375 0.75
vt 0.375 1
vt 0.375 0.75
vt 0.375 0.75
vt 0.375 0.5
vt 0.375 0.75
vt 0.375 1
vt 0.375 0.75
vt 0.375 1
vt 0.375 1
vt 0.375 0.25
vt 0.375 1
vt 0.625 1
vt 0.375 0.75
vt 0.625 0.75
vt 0.375 1
vt 0.375 0.5
vt 0.375 0.75
vt 0.375 0.75
vt 0.375 1
vt 0.375 0.25
vt 0.375 1
vt 0.625 0.75
vt 0.625 0.5
vt 0.625 0.5
vt 0.625 0.75
vt 0.625 0.75
vt 0.625 0.5
vt 0.625 0.25
vt 0.625 0
vt 0.625 0.25
vt 0.625 0
vt 0.3320850133895874 0.024474024772644043
vt 0.09573099762201309 0.4338510036468506
vt 0.1679150015115738 0.024474024772644043
vt 0.013646000064909458 0.29167598485946655
vt 0.04215399920940399 0.12999999523162842
vt 0.25 0.49000000953674316
vt 0.4578459858894348 0.12999999523162842
vt 0.4042690098285675 0.4338510036468506
vt 0.4863539934158325 0.29167598485946655
vt 0.25 0.49000000953674316
vt 0.4042690098285675 0.4338510036468506
vt 0.3037149906158447 0.49000000953674316
vt 0.25 0.49000000953674316
vt 0.09573099762201309 0.4338510036468506
vt 0.09573099762201309 0.4338510036468506
vt 0.25 0.49000000953674316
vt 0.4042690098285675 0.4338510036468506
vt 0.4042690098285675 0.4338510036468506
vt 0.25 0.49000000953674316
vt 0.3037149906158447 0.49000000953674316
vt 0.09573099762201309 0.4338510036468506
vt 0.375 0.9166669845581055
vt 0.375 0.8333330154418945
vt 0.375 0.9166669845581055
vt 0.625 0.625
vt 0.625 0.6875
vt 0.625 0.625
vt 0.625 0.6875
vt 0 0
vt 0 0
vt 0 0
vt 0.375 0.9166669845581055
vt 0.375 0.8333330154418945
vt 0.375 0.8333330154418945
vt 0 0
vt 0.2829279899597168 0.2829279899597168
vt 0 0
vt 0.375 0.75
vt 0.375 0.8333330154418945
vt 0.375 0.75
vt 0.375 1
vt 0.375 1
vt 0.375 0.9166669845581055
vt 0.625 0
vt 0.625 0.25
vt 0.625 0
vt 0.625 0.25
vt 0.625 0.5
vt 0.625 0.25
vt 0.625 0.5
vt 0.625 0.25
vt 0.625 0.5
vt 0.625 0.25
vt 0.625 0.5
vt 0.6072270274162292 0.9166669845581055
vt 0.375 0.8333330154418945
vt 0.6072270274162292 0.8333330154418945
vt 0.375 0.9166669845581055
vt 0 0
vt 0 0
vt 0.625 0.75
vt 0 0
vt 0 0
vt 0 0
vt 0.625 1
vt 0.625 0.9166669845581055
vt 0.625 1
vt 0.625 1
vt 0.625 0.9166669845581055
vt 0.625 0.9166669845581055
vt 0.625 0.75
vt 0.625 0.8333330154418945
vt 0.6070719957351685 0.8333330154418945
vt 0.375 1
vt 0.375 0.9166669845581055
vt 0.6070719957351685 0.9166669845581055
vt 0.6070719957351685 0.8333330154418945
vt 0.375 0.8333330154418945
vt 0.375 0.75
vt 0.375 0.75
vt 0.625 0.75
vt 0.6070719957351685 0.8333330154418945
vt 0.625 0.9166669845581055
vt 0.625 1
vt 0.6070719957351685 0.9166669845581055
vt 0.625 1
vt 0.375 1
vt 0.6070719957351685 0.9166669845581055
vt 0.375 0.8333330154418945
vt 0.375 0.8333330154418945
vt 0.375 0.75
vt 0.375 1
vt 0.375 0.9166669845581055
vt 0.375 0.9166669845581055
vt 0.33333298563957214 0.809902012348175
vt 0.2222220003604889 0.809902012348175
vt 0.2222220003604889 0.809902012348175
vt 0.33333298563957214 0.809902012348175
vt 0.6666669845581055 0.809902012348175
vt 0.7777780294418335 0.809902012348175
vt 0.6666669845581055 0.809902012348175
vt 0.7777780294418335 0.809902012348175
vt 0.375 1
vt 0.375 0.25
vt 0.375 1
vt 0.375 0.5
vt 0.375 0.75
vt 0.375 0.75
vt 0.2222220003604889 0.7320560216903687
vt 0.33333298563957214 0.6286270022392273
vt 0.33333298563957214 0.7320560216903687
vt 0.2222220003604889 0.6286270022392273
vt 0.7777780294418335 0.7320560216903687
vt 0.6666669845581055 0.6286270022392273
vt 0.7777780294418335 0.6286270022392273
vt 0.6666669845581055 0.7320560216903687
vt 0.625 0.5491160154342651
vt 0.625 0.6988539695739746
vt 0.625 0.6988539695739746
vt 0.625 0.5491160154342651
vt 0.625 0.47533100843429565
vt 0.625 0.7767000198364258
vt 0.625 0.47533100843429565
vt 0.625 0.7767000198364258
vt 0 0
vt 0 0
vt 0 0
vt 0 0
vt 0 0
vt 0.625 0.5
vt 0.75 0.5
vt 0 0
vt 0 0
vt 0.625 0.5
vt 0.625 0.25
vt 0.375 0
vt 0.625 0
vt 0.375 0.25
vt 0.625 0.25
vt 0.375 0
vt 0.625 0
vt 0.375 0.25
vt 0.11111100018024445 0.809902012348175
vt 0.11111100018024445 0.809902012348175
vt 0.11111100018024445 0.809902012348175
vt 0.8888890147209167 0.809902012348175
vt 0.8888890147209167 0.809902012348175
vt 0.8888890147209167 0.809902012348175
vt 0.33333298563957214 0.6286270022392273
vt 0.2222220003604889 0.809902012348175
vt 0.2222220003604889 0.6286270022392273
vt 0.33333298563957214 0.6286270022392273
vt 0.33333298563957214 0.809902012348175
vt 0.2222220003604889 0.809902012348175
vt 0.7777780294418335 0.809902012348175
vt 0.6666669845581055 0.6286270022392273
vt 0.7777780294418335 0.6286270022392273
vt 0.7777780294418335 0.809902012348175
vt 0.6666669845581055 0.809902012348175
vt 0.6666669845581055 0.6286270022392273
vt 0.2222220003604889 0.809902012348175
vt 0.11111100018024445 0.809902012348175
vt 0.11111100018024445 0.809902012348175
vt 0.2222220003604889 0.809902012348175
vt 0.7777780294418335 0.809902012348175
vt 0.8888890147209167 0.809902012348175
vt 0.7777780294418335 0.809902012348175
vt 0.8888890147209167 0.809902012348175
vt 0.625 0.5
vt 0.625 0.25
vt 0.625 0.25
vt 0.625 0.5
vt 0.625 0.25
vt 0.625 0.5
vt 0.625 0.25
vt 0.625 0.5
vt 0.625 0.75
vt 0.625 0.75
vt 0.625 0.5
vt 0.33333298563957214 0.7320560216903687
vt 0.2222220003604889 0.809902012348175
vt 0.2222220003604889 0.7320560216903687
vt 0.33333298563957214 0.809902012348175
vt 0.7777780294418335 0.809902012348175
vt 0.6666669845581055 0.7320560216903687
vt 0.7777780294418335 0.7320560216903687
vt 0.6666669845581055 0.809902012348175
vt 0.625 0.25
vt 0.625 0
vt 0.625 0.25
vt 0.625 0.5
vt 0.625 0.5
vt 0.625 0.75
vt 0.625 0.5
vt 0.625 0.75
vt 0.625 0.5
vt 0.625 0.5
vt 0.625 0.5
vt 0.625 0.75
vt 0.625 0.25
vt 0.625 0
vt 0.625 0
vt 0.625 0.75
vt 0.625 0.5
vt 0.625 0.5
vt 0.625 0.75
vt 0.375 0.5
vt 0.625 0.5
vt 0.625 0.75
vt 0.375 0.75
vt 0.375 0.5
vt 0.375 0.25
vt 0.625 0
vt 0.625 0.25
vt 0.375 0.25
vt 0.375 0
vt 0.625 0
vt 0.375 0.75
vt 0.375 0.5
vt 0.375 0.5
vt 0.375 0.25
vt 0.375 0.25
vt 0.375 1
vt 0 0
vt 0 0
vt 0 0
vt 0 0
vt 0 0
vt 0 0
vt 0 0
vt 0 0
vt 0.625 0.5
vt 0.625 0.75
vt 0.625 0.5
vt 0.625 0
vt 0.625 0.25
vt 0.625 0
vt 0.625 0.25
vt 0.625 0
vt 0.625 0.25
vt 0.5 0.5
vt 0.5 0.5613089799880981
vt 0.5 0.5
vt 0 0
vt 0 0
vt 0 0
vt 0 0
vt 0.5 0.25
vt 0.5 0.25
vt 0.5432549715042114 0.23194599151611328
vt 0.625 0.25
vt 0.375 1
vt 0.625 1
vt 0.625 0
vt 0.625 0.125
vt 0.625 0.125
vt 0.625 0
vt 0.375 1
vt 0.375 1
vt 0.625 0.25
vt 0.625 0.25
vt 0.625 0
vt 0.625 0
vt 0.375 1
vt 0.375 1
vt 0.375 1
vt 0.625 0.25
vt 0.625 0.25
vt 0.625 0
vt 0.625 0.75
vt 0.625 0.5
vt 0.625 0.5
vt 0.625 0.75
vt 0.375 0.8333330154418945
vt 0.375 0.75
vt 0.375 0.75
vt 0.375 1
vt 0.375 0.9166669845581055
vt 0.375 1
vt 0 0
vt 0 0
vt 0 0
vt 0 0
vt 0.625 0.8333330154418945
vt 0 0
vt 0 0
vt 0 0
vt 0 0
vt 0 0
vt 0.375 1
vt 0.375 0.5
vt 0.375 0.75
vt 0.375 1
vt 0.375 0.25
vt 0.375 0.5
vt 0.375 1
vt 0.375 0.5
vt 0.375 0.75
vt 0.375 0.25
vt 0.375 0.25
vt 0.625 0
vt 0.625 0.25
vt 0.375 0.25
vt 0.375 0
vt 0.625 0
vt 0.625 0.75
vt 0.375 0.5
vt 0.625 0.5
vt 0.625 0.75
vt 0.375 0.75
vt 0.375 0.5
vt 0.875 0.625
vt 0.8569980263710022 0.625
vt 0.875 0.625
vt 0.625 0.5
vt 0.625 0.5
vt 0.625 0.75
vt 0.8377000093460083 0.7320550084114075
vt 0.7766519784927368 0.7320539951324463
vt 0.8436660170555115 0.716064989566803
vt 0.625 0.47533100843429565
vt 0.625 0.7767000198364258
vt 0.625 0.47533100843429565
vt 0.625 0.47533100843429565
vt 0.625 0.7767000198364258
vt 0.625 0.7767000198364258
vt 0.10918500274419785 0.6286309957504272
vt 0.043977998197078705 0.6286289691925049
vt 0.07505600154399872 0.6294800043106079
vt 0.625 0.5491160154342651
vt 0.625 0.6988539695739746
vt 0.625 0.6988539695739746
vt 0.625 0.5491160154342651
vt 0.4444440007209778 0.6286270022392273
vt 0.8524230122566223 0.6296629905700684
vt 0.5555559992790222 0.6286270022392273
vt 0.2222220003604889 0.6286270022392273
vt 0.10918500274419785 0.6286309957504272
vt 0.07505600154399872 0.6294800043106079
vt 0.7797039747238159 0.6286309957504272
vt 0.8436660170555115 0.716064989566803
vt 0.7766519784927368 0.7320539951324463
vt 0.8882330060005188 0.6286320090293884
vt 0.8524230122566223 0.6296629905700684
vt 0.07505600154399872 0.6294800043106079
vt 1 0.6286270022392273
vt 0.8882330060005188 0.6286320090293884
vt 0.07505600154399872 0.6294800043106079
vt 0.8524230122566223 0.6296629905700684
vt 0.8449109792709351 0.6286280155181885
vt 0.7777780294418335 0.6286270022392273
vt 0.6666669845581055 0.6286270022392273
vt 0.5555559992790222 0.6286270022392273
vt 0.8524230122566223 0.6296629905700684
vt 0.4444440007209778 0.6286270022392273
vt 0.33333298563957214 0.6286270022392273
vt 0.07505600154399872 0.6294800043106079
vt 0.33333298563957214 0.6286270022392273
vt 0.2222220003604889 0.6286270022392273
vt 0.07505600154399872 0.6294800043106079
vt 0.4444440007209778 0.6286270022392273
vt 0.07505600154399872 0.6294800043106079
vt 0.8524230122566223 0.6296629905700684
vt 0.7777780294418335 0.6286270022392273
vt 0.6666669845581055 0.6286270022392273
vt 0.8524230122566223 0.6296629905700684
vt 0.409606009721756 0.4096059799194336
vt 0 0
vt 0.3462670147418976 0.3462669849395752
vt 0.409606009721756 0.4096059799194336
vt 0 0
vt 0 0
vt 0.875 0.625
vt 0.8569980263710022 0.625
vt 0.8569980263710022 0.625
vt 0 1
vt 0.800000011920929 1
vt 0 1
vt 0 1
vt 0.4782539904117584 0.3241639733314514
vt 0.800000011920929 1
vt 0.3910680115222931 0.055836021900177
vt 0.25 0.49000000953674316
vt 0.1089320033788681 0.055836021900177
vt 0.02174600027501583 0.3241639733314514
vt 0.6000000238418579 1
vt 0.800000011920929 1
vt 0.7681249976158142 1
vt 0.3910680115222931 0.055836021900177
vt 0.46435800194740295 0.2813990116119385
vt 0.25 0.49000000953674316
vt 0.625 0.75
vt 0.625 0.5
vt 0.625 0.5
vt 0.625 0
vt 0.625 0.25
vt 0.625 0.25
vt 0.6000000238418579 1
vt 0.4000000059604645 1
vt 0.4000000059604645 1
vt 0.6000000238418579 1
vt 0.6000000238418579 1
vt 0.4000000059604645 1
vt 0.625 0.5
vt 0.625 0
vt 0.625 0.25
vt 0.625 0.5
vt 0.625 0.5
vt 0.625 0.75
vt 0.625 0
vt 0.625 0.25
vt 0.625 0.25
vt 0.625 0.5
vt 0.625 0.75
vt 0.625 0
vt 0.6000000238418579 1
vt 0.7681249976158142 1
vt 0.6000000238418579 1
vt 0.20000000298023224 1
vt 0.1089320033788681 0.055836021900177
vt 0.20000000298023224 1
vt 0.20000000298023224 1
vt 0.1089320033788681 0.055836021900177
vt 0.1089320033788681 0.055836021900177
vt 0 1
vt 0.46435800194740295 0.2813990116119385
vt 0.4782539904117584 0.3241639733314514
vt 0.2222220003604889 0.6286270022392273
vt 0.2222220003604889 0.7320560216903687
vt 0.11111100018024445 0.7320560216903687
vt 0.7797039747238159 0.6286309957504272
vt 0.8449109792709351 0.6286280155181885
vt 0.8436660170555115 0.716064989566803
vt 0 1
vt 0.800000011920929 0.75
vt 0 0.75
vt 0.800000011920929 1
vt 0 1
vt 0.4782539904117584 0.3241639733314514
vt 0 1
vt 0 1
vt 0 1
vt 0.46435800194740295 0.2813990116119385
vt 0.875 0.5
vt 0.625 0.75
vt 0.625 0.5
vt 0.875 0.75
vt 0.2222220003604889 0.6286270022392273
vt 0.11111100018024445 0.7320560216903687
vt 0.11111100018024445 0.6286270022392273
vt 0 1
vt 0.20000000298023224 1
vt 0 1
vt 0.20000000298023224 1
vt 0.625 0
vt 0.625 0.25
vt 0.625 0
vt 0.8436660170555115 0.716064989566803
vt 0.8888890147209167 0.7320560216903687
vt 0.8377000093460083 0.7320550084114075
vt 0.375 0.75
vt 0.375 0.5
vt 0.375 0.5
vt 0.8436660170555115 0.716064989566803
vt 0.8890669941902161 0.716064989566803
vt 0.8888890147209167 0.7320560216903687
vt 0.375 0.25
vt 0.375 0.25
vt 0.375 1
vt 0.11111100018024445 0.809902012348175
vt 0.11111100018024445 0.809902012348175
vt 0.11111100018024445 0.809902012348175
vt 0.11111100018024445 0.809902012348175
vt 0.8888890147209167 0.809902012348175
vt 0.8888890147209167 0.809902012348175
vt 0.8888890147209167 0.809902012348175
vt 0.8888890147209167 0.809902012348175
vt 0 0
vt 0 0
vt 0 0
vt 0 0
vt 0.8882330060005188 0.6286320090293884
vt 0.8476970195770264 0.716064989566803
vt 0.8524230122566223 0.6296629905700684
vt 0.8882330060005188 0.6286320090293884
vt 0.8890669941902161 0.716064989566803
vt 0.8476970195770264 0.716064989566803
vt 0 0
vt 0 0
vt 0 0.75
vt 0 0.75
vt 0 0.75
vt 0 0
vt 0 0.75
vt 0 0
vt 0 0
vt 0 0.75
vt 0 0
vt 0 0.75
vt 0 0
vt 0.11111100018024445 0.809902012348175
vt 0.11111100018024445 0.6286270022392273
vt 0.11111100018024445 0.6286270022392273
vt 0 0
vt 0 0.75
vt 0 0.75
vt 0.11111100018024445 0.809902012348175
vt 0.11111100018024445 0.809902012348175
vt 0.11111100018024445 0.6286270022392273
vt 0.8888890147209167 0.809902012348175
vt 0.8888890147209167 0.6286270022392273
vt 0.8888890147209167 0.809902012348175
vt 0.8888890147209167 0.809902012348175
vt 0.8888890147209167 0.6286270022392273
vt 0.8888890147209167 0.6286270022392273
vt 0 0.75
vt 0 0.75
vt 0 0.75
vt 0 0.75
vt 0 0
vt 0 0
vt 0 0
vt 0.625 1
vt 0.375 0.75
vt 0.625 0.75
vt 0.625 1
vt 0.375 1
vt 0.375 0.75
vt 0.2222220003604889 0.809902012348175
vt 0.11111100018024445 0.809902012348175
vt 0.11111100018024445 0.809902012348175
vt 0.375 1
vt 0.625 0.75
vt 0.625 1
vt 0.2222220003604889 0.809902012348175
vt 0.2222220003604889 0.809902012348175
vt 0.11111100018024445 0.809902012348175
vt 0.375 1
vt 0.375 0.75
vt 0.625 0.75
vt 0.7777780294418335 0.809902012348175
vt 0.8888890147209167 0.809902012348175
vt 0.7777780294418335 0.809902012348175
vt 0.7777780294418335 0.809902012348175
vt 0.8888890147209167 0.809902012348175
vt 0.8888890147209167 0.809902012348175
vt 0.625 0.25
vt 0.625 0.75
vt 0.625 0.5
vt 0.625 0
vt 0.625 0.25
vt 0.625 0.25
vt 0.625 0
vt 0.625 0.75
vt 0.625 0.5
vt 0.625 0.75
vt 0.625 0.5
vt 0.625 0.25
vt 0.625 0
vt 0.625 0.75
vt 0.625 0
vt 0.625 0.25
vt 0.625 0.25
vt 0.625 0
vt 0.625 0.75
vt 0.625 0.5
vt 0.625 0.75
vt 0.625 0.75
vt 0.625 0.5
vt 0.625 0.5
vt 0.625 0.25
vt 0.625 0.75
vt 0.625 0.5
vt 0.625 0.25
vt 0.625 0
vt 0.625 0.75
vt 0.625 0.47533100843429565
vt 0.625 0.5491160154342651
vt 0.625 0.5491160154342651
vt 0.625 0.47533100843429565
vt 0.625 0.5491160154342651
vt 0.625 0.47533100843429565
vt 0.625 0.5491160154342651
vt 0.625 0.5491160154342651
vt 0.625 0.47533100843429565
vt 0.625 0.47533100843429565
vt 0.625 0
vt 0.625 0.25
vt 0.625 0.25
vt 0.625 0.6988539695739746
vt 0.625 0.5491160154342651
vt 0.625 0.5491160154342651
vt 0 0
vt 0.625 0.25
vt 0.625 0.25
vt 0.625 0.47533100843429565
vt 0.625 0.47533100843429565
vt 0.625 0.7767000198364258
vt 0.8890669941902161 0.716064989566803
vt 0.8436660170555115 0.716064989566803
vt 0.8476970195770264 0.716064989566803
vt 0.625 0.75
vt 0.625 0.75
vt 0.625 0.5
vt 0.8890669941902161 0.716064989566803
vt 1.000180959701538 0.716064989566803
vt 1.000180959701538 0.716064989566803
vt -0.00017800000205170363 0.716064989566803
vt 0.03966600075364113 0.716064989566803
vt 0.04522300139069557 0.716064989566803
vt 0.8890669941902161 0.716064989566803
vt 0.8890669941902161 0.716064989566803
vt 1.000180959701538 0.716064989566803
vt -0.00017800000205170363 0.716064989566803
vt -0.00017800000205170363 0.716064989566803
vt 0.03966600075364113 0.716064989566803
vt 0.8890669941902161 0.716064989566803
vt 0.8476970195770264 0.716064989566803
vt 0.8890669941902161 0.716064989566803
vt 0 0
vt 0.625 0.25
vt 0.625 0.5
vt 0 0
vt 0.625 0.5
vt 0.625 0.5
vt 0.375 1
vt 0.375 0.9166669845581055
vt 0.375 0.9166669845581055
vt 0.375 0.8333330154418945
vt 0.375 0.75
vt 0.375 0.8333330154418945
vt 0.375 0.9166669845581055
vt 0.375 0.8333330154418945
vt 0.375 0.8333330154418945
vt 0.375 0.9166669845581055
vt 0.375 0.9166669845581055
vt 0.375 0.8333330154418945
vt 0.2222220003604889 0.6286270022392273
vt 0.11111100018024445 0.809902012348175
vt 0.11111100018024445 0.6286270022392273
vt 0.2222220003604889 0.6286270022392273
vt 0.2222220003604889 0.809902012348175
vt 0.11111100018024445 0.809902012348175
vt 0.8888890147209167 0.809902012348175
vt 0.7777780294418335 0.6286270022392273
vt 0.8888890147209167 0.6286270022392273
vt 0.8888890147209167 0.809902012348175
vt 0.7777780294418335 0.809902012348175
vt 0.7777780294418335 0.6286270022392273
vt 0.625 0.47533100843429565
vt 0.625 0.47533100843429565
vt 0.625 0.7767000198364258
vt 0.625 0.6988539695739746
vt 0.625 0.5491160154342651
vt 0.625 0.5491160154342651
vt 0.625 0.5
vt 0.625 0.25
vt 0.625 0.25
vt 0.625 0.5
vt 0.625 0.5
vt 0.625 0.25
vt 0.625 0.25
vt 0.625 0.5
vt 0.625 0.5
vt 0.625 0.75
vt 0.625 0.75
vt 0.625 0.8333330154418945
vt 0.6070719957351685 0.8333330154418945
vt 0.6070719957351685 0.8333330154418945
vt 0.625 0.6988539695739746
vt 0.625 0.7767000198364258
vt 0.625 0.6988539695739746
vt 0.625 0.6988539695739746
vt 0.625 0.7767000198364258
vt 0.625 0.7767000198364258
vt 0.625 0.6988539695739746
vt 0.625 0.7767000198364258
vt 0.625 0.7767000198364258
vt 0.625 0.6988539695739746
vt 0.625 0.6988539695739746
vt 0.625 0.7767000198364258
vt 0.11111100018024445 0.809902012348175
vt 0.2222220003604889 0.7320560216903687
vt 0.2222220003604889 0.809902012348175
vt 0.11111100018024445 0.809902012348175
vt 0.11111100018024445 0.7320560216903687
vt 0.2222220003604889 0.7320560216903687
vt 0.625 0.625
vt 0.625 0.6875
vt 0.625 0.625
vt 0.625 0.6875
vt 0.7777780294418335 0.809902012348175
vt 0.8377000093460083 0.7320550084114075
vt 0.8888890147209167 0.7320560216903687
vt 0.8888890147209167 0.809902012348175
vt 0.7777780294418335 0.809902012348175
vt 0.7766519784927368 0.7320539951324463
vt 0.8377000093460083 0.7320550084114075
vt 0.625 0.25
vt 0.625 0
vt 0.625 0
vt 0.625 0.8333330154418945
vt 0.6430019736289978 0.7319990396499634
vt 0.6070719957351685 0.8333330154418945
vt 0.375 1
vt 0.375 0.25
vt 0.375 1
vt 0.375 0.75
vt 0.375 0.75
vt 0.375 0.5
vt 0.375 0.75
vt 0.375 0.75
vt 0.375 0.5
vt 0.375 1
vt 0.375 0.25
vt 0.375 1
vt 0 0.5
vt 0 0.75
vt 0 0.75
vt 0 0.5
vt 0 0
vt 0 0
vt 0.2829279899597168 0.2829279899597168
vt 0 0
vt 0.375 0.5
vt 0.375 0.625
vt 0.10918500274419785 0.6286309957504272
vt 0.04522300139069557 0.716064989566803
vt 0.043977998197078705 0.6286289691925049
vt 0.375 0.125
vt 0.375 0.25
vt 0 0
vt 0.10918500274419785 0.6286309957504272
vt 0.11223699897527695 0.7320539951324463
vt 0.04522300139069557 0.716064989566803
vt 0 0
vt 0 0
vt 0 0
vt 0 0
vt 0.2829279899597168 0.2829279899597168
vt 0.15625 0.15625
vt 0 0.5
vt 0.800000011920929 0.75
vt 0.800000011920929 0.5
vt 0 0.75
vt 0.11111100018024445 0.809902012348175
vt -0.02963699959218502 0.809902012348175
vt -0.02963699959218502 0.8099620342254639
vt 0.9613119959831238 0.809902012348175
vt 0.8888890147209167 0.809902012348175
vt 0.9613119959831238 0.809902012348175
vt 0.11111100018024445 0.809902012348175
vt 0.11111100018024445 0.809902012348175
vt -0.02963699959218502 0.809902012348175
vt 0.9613119959831238 0.809902012348175
vt 0.8888890147209167 0.809902012348175
vt 0.8888890147209167 0.809902012348175
vt 0.625 0.5
vt 0.5931500196456909 0.7181500196456909
vt 0.5931500196456909 0.5318499803543091
vt 0.40685001015663147 0.5318499803543091
vt 0.625 0.75
vt 0.375 0.5
vt 0.40685001015663147 0.7181500196456909
vt 0.375 0.75
vt 0.625 0.25
vt 0.625 0.5
vt 0.625 0.25
vt 0.625 0.5
vt 1.000180959701538 0.716064989566803
vt 0.8882330060005188 0.6286320090293884
vt 1 0.6286270022392273
vt 0.8890669941902161 0.716064989566803
vt 0.625 0.25
vt 0.625 0.5
vt 0.625 0.25
vt 0.625 0.5
vt 0.0009420000133104622 0.6286349892616272
vt 0.07505600154399872 0.6294800043106079
vt 0.03966600075364113 0.716064989566803
vt 0.625 0.6988539695739746
vt 0.625 0.47533100843429565
vt 0.625 0.7767000198364258
vt 0.625 0.5491160154342651
vt 0 0
vt 0.375 0.625
vt 0.375 0.625
vt 0 0
vt 0.375 0.125
vt 0.375 0.125
vt 0.625 0.6988539695739746
vt 0.625 0.47533100843429565
vt 0.625 0.7767000198364258
vt 0.625 0.5491160154342651
vt 0.375 0
vt 0.375 0.125
vt 0.375 0.125
vt 0.04522300139069557 0.716064989566803
vt 0.11223699897527695 0.7320539951324463
vt 0 0.7320560216903687
vt 0.625 0.47533100843429565
vt 0.625 0.7767000198364258
vt 0.625 0.47533100843429565
vt 0.625 0.6988539695739746
vt 0.625 0.5491160154342651
vt 0.625 0.5491160154342651
vt 0.0009420000133104622 0.6286349892616272
vt 0.03966600075364113 0.716064989566803
vt -0.00017800000205170363 0.716064989566803
vt 0.04522300139069557 0.716064989566803
vt 0 0.7320560216903687
vt -0.00017800000205170363 0.716064989566803
vt 1 0.7320560216903687
vt 0.8890669941902161 0.716064989566803
vt 1.000180959701538 0.716064989566803
vt 0.8888890147209167 0.7320560216903687
vt 0.375 0.75
vt 0.375 0.75
vt 0.625 0.6875
vt 0.625 0.25
vt 0.625 0.25
vt 0.625 0.25
vt 0 0
vt 0 0
vt 0.375 0.5
vt 0.625 0.5
vt 0.625 0.5
vt 0.625 0.5
vt 0.625 0.5
vt 0.625 0.5
vt 0.625 0.25
vt 0.625 0.25
vt 0.625 0.25
vt 0.625 0.25
vt 0.625 0.25
vt 0.625 0.25
vt 0.625 0.25
vt 0.625 0.25
vt 0.625 0.5
vt 0.625 0.5
vt 0.625 0.5
vt 0.625 0.5
vt 0.625 0.5
vt 0.625 0.5
vt 0.375 0.25
vt 0 0
vt 0 0
vt 0.625 0.5
vt 0.625 0.5
vt 0.625 0.5
vt 0.625 0.5
vt 0.625 0.5
vt 0.625 0.25
vt 0.625 0.25
vt 0.625 0.25
vt 0.625 0.25
vt 0.625 0.25
vt 0.625 0.25
vt 0.625 0.25
vt 0.625 0.25
vt 0.625 0.25
vt 0.625 0.25
vt 0.625 0.25
vt 0.625 0.5
vt 0.625 0.5
vt 0.625 0.5
vt 0.625 0.5
vt 0.625 0.5
vt 0.625 0.5
vt 0.625 0.5
vt 0.625 0.5
vt 0.375 0
vt 0.375 0.125
vt 0.375 0
vt 0.375 0.75
vt 0.375 0.625
vt 0.625 0.6875
vt 0.875 0.5
vt 0.625 0.75
vt 0.625 0.5
vt 0.875 0.75
vt 0.8888890147209167 0.6286270022392273
vt 0.9613119959831238 0.809902012348175
vt 0.8888890147209167 0.809902012348175
vt 0.9613119959831238 0.6286270022392273
vt 0.11111100018024445 0.6286270022392273
vt -0.02963699959218502 0.8099620342254639
vt -0.02963699959218502 0.6287139654159546
vt 0.11111100018024445 0.809902012348175
vt 0.625 0.6875
vt 0.375 0.625
vt 0.625 0.625
vt 0.625 0.5
vt 0.875 0.75
vt 0.625 0.75
vt 0.625 0.5
vt 0.875 0.5
vt 0.875 0.75
vt 0.625 0.7767000198364258
vt 0.625 0.7767000198364258
vt 0.625 0.47533100843429565
vt 0.625 0.6988539695739746
vt 0.625 0.6988539695739746
vt 0.625 0.5491160154342651
vt 0.625 0.47533100843429565
vt 0.625 0.5491160154342651
vt 0.625 0.5491160154342651
vt 0.625 0.47533100843429565
vt 0.625 0.47533100843429565
vt 0.625 0.5491160154342651
vt 0.625 0.47533100843429565
vt 0.625 0.5491160154342651
vt 0.5555559992790222 0.809902012348175
vt 0.4444440007209778 0.809902012348175
vt 0.5555559992790222 0.809902012348175
vt 0.4444440007209778 0.809902012348175
vt 0.625 0.75
vt 0.625 0.5
vt 0.625 0.5
vt 0.625 0.75
vt 0.375 0.75
vt 0.375 0.8333330154418945
vt 0.375 0.8333330154418945
vt 0.375 0.9166669845581055
vt 0.375 1
vt 0.375 0.9166669845581055
vt 0.625 0.25
vt 0.625 0
vt 0.625 0.25
vt 0.625 0
vt 0.375 0.5
vt 0.375 0.75
vt 0.375 0.75
vt 0.375 1
vt 0.375 0.25
vt 0.375 1
vt 0 0
vt 0 0
vt 0 0
vt 0 0
vt 0 0
vt 0 0
vt 0 0.75
vt 0 0.5
vt 0 0.75
vt 0 0.5
vt 0 0
vt 0 0
vt 0 0
vt 0 0
vt 0 0
vt 0 0
vt 0 0
vt 0 0
vt 0 0
vt 0 0
vt 0 0
vt 0 0
vt 0 0
vt 0 0
vt 0 0
vt 0.375 0.625
vt 0 0
vt 0.375 0.75
vt 0.375 0.75
vt 0.375 0.625
vt 0.375 0.75
vt 0 0
vt 0.375 0
vt 0.375 0
vt 0.375 0.125
vt 0 0
vt 0.375 0
vt 0.375 0.125
vt 0 0
vt 0 0
vt 0.375 0.125
vt 0.625 0.625
vt 0.625 0.625
vt 0.625 0.625
vt 0.625 0.625
vt 0.375 0.75
vt 0.375 0.75
vt 0.375 1
vt 0.375 1
vt 0.375 0.75
vt 0.375 0.75
vt 0.375 0.75
vt 0.375 0.75
vt 0.375 0.75
vt 0.375 1
vt 0.625 0.6875
vt 0.625 0.6875
vt 0.375 0.75
vt 0.625 0.6875
vt 0.625 0.625
vt 0.625 0.6875
vt 0.625 0.75
vt 0.625 0.6875
vt 0.625 0.625
vt 0.625 0.625
vt 0.375 0.625
vt 0.375 0.625
vt 0.625 0.625
vt 0.375 0.625
vt 0.625 0.625
vt 0.625 0.625
vt 0.625 0.625
vt 0.625 0.6875
vt 0.625 0.75
vt 0.375 0.75
vt 0 0
vt 0 0
vt 0 0
vt 0 0
vt 0 0
vt 0 0
vt 0 0
vt 0 0
vt 0 0
vt 0 0
vt 0 0
vt 0 0
vt 0 0
vt 0 0
vt 0 0
vt 0 0
vt 0 0
vt 0 0
vt 0.625 0.6988539695739746
vt 0.625 1
vt 0.625 0.75
vt 0.625 0.7767000198364258
vt 0.625 0.5491160154342651
vt 0.625 0.47533100843429565
vt 0.625 0.5
vt 0.625 0.25
vt 0 0
vt 0.3125 0.3125
vt 0 0
vt 0 0
vt 0.3125 0.3125
vt 0 0
vt 0 0
vt 0.409606009721756 0.4096059799194336
vt 0 0
vt 0 0
vt 0.625 0.75
vt 0.625 0.7767000198364258
vt 0.625 1
vt 0.625 0.47533100843429565
vt 0.625 0.6988539695739746
vt 0.625 0.25
vt 0.625 0.5491160154342651
vt 0.625 0.5
vt 0.625 0.75
vt 0.625 0.5491160154342651
vt 0.625 0.6988539695739746
vt 0.625 0.5
vt 0.625 1
vt 0.625 0.25
vt 0.625 0.7767000198364258
vt 0.625 0.47533100843429565
vt 0.625 0.75
vt 0.625 0.5491160154342651
vt 0.625 0.6988539695739746
vt 0.625 0.7767000198364258
vt 0.625 0.5
vt 0.625 1
vt 0.625 0.47533100843429565
vt 0.625 0.25
vt 0 0
vt 0.3125 0.3125
vt 0.625 0.625
vt 0.4444440007209778 0.809902012348175
vt 0.33333298563957214 0.809902012348175
vt 0.33333298563957214 0.809902012348175
vt 0.4444440007209778 0.809902012348175
vt 0.3125 0.3125
vt 0.625 0.625
vt 0.625 0.625
vt 0.5555559992790222 0.809902012348175
vt 0.6666669845581055 0.809902012348175
vt 0.5555559992790222 0.809902012348175
vt 0.6666669845581055 0.809902012348175
vt 0.625 0.25
vt 0.625 0.5
vt 0.625 0.5
vt 0.625 0.25
vt 0.625 0.25
vt 0.625 0.5
vt 0.625 0.5
vt 0.625 0.25
vt 0.5 0.5613089799880981
vt 0.4698779881000519 0.548566997051239
vt 0.4375 0.5
vt 0.5 0.5
vt 0.5 0.5613089799880981
vt 0.4375 0.5
vt 0.5 0.5613089799880981
vt 0.4698779881000519 0.548566997051239
vt 0.4375 0.5
vt 0.5 0.5
vt 0.5 0.5613089799880981
vt 0.4375 0.5
vt 0.5432549715042114 0.23194599151611328
vt 0.4375 0.25
vt 0.5 0.2315559983253479
vt 0.5432549715042114 0.23194599151611328
vt 0.4375 0.25
vt 0.5 0.2315559983253479
vt 0.5 0.25
vt 0.4375 0.25
vt 0.5432549715042114 0.23194599151611328
vt 0.5 0.25
vt 0.4375 0.25
vt 0.5432549715042114 0.23194599151611328
vt 0.409606009721756 0.4096059799194336
vt 0.625 0.6875
vt 0.625 0.625
vt 0.625 0.6875
vt 0.3462670147418976 0.3462669849395752
vt 0.2829279899597168 0.2829279899597168
vt 0.2829279899597168 0.2829279899597168
vt 0.15625 0.15625
vt 0.625 0.6875
vt 0.625 0.6875
vt 0.409606009721756 0.4096059799194336
vt 0.3462670147418976 0.3462669849395752
vt 0.5957310199737549 0.4338510036468506
vt 0.8037149906158447 0.49000000953674316
vt 0.5957310199737549 0.4338510036468506
vt 0.5957310199737549 0.4338510036468506
vt 0.8037149906158447 0.49000000953674316
vt 0.9042689800262451 0.4338510036468506
vt 0.9042689800262451 0.4338510036468506
vt 0.6679149866104126 0.024474024772644043
vt 0.5957310199737549 0.4338510036468506
vt 0.5136460065841675 0.29167598485946655
vt 0.5421540141105652 0.12999999523162842
vt 0.9578459858894348 0.12999999523162842
vt 0.8320850133895874 0.024474024772644043
vt 0.9863539934158325 0.29167598485946655
vt 0.8037149906158447 0.49000000953674316
vt 0.9042689800262451 0.4338510036468506
vt 0.9042689800262451 0.4338510036468506
vt 0.625 0.47533100843429565
vt 0.625 0.5491160154342651
vt 0.625 0.5491160154342651
vt 0.625 0.47533100843429565
vt 0.625 0.47533100843429565
vt 0.625 0.5491160154342651
vt 0.625 0.47533100843429565
vt 0.625 0.5491160154342651
vt 0.375 0.625
vt 0.375 0.5
vt 0.4698779881000519 0.548566997051239
vt 0.5 0.5
vt 0.4698779881000519 0.548566997051239
vt 0.5 0.5613089799880981
vt 0.5 0.5
vt 0.625 0.5
vt 0.5 0.5613089799880981
vt 0.375 0.5
vt 0.4375 0.5
vt 0.4698779881000519 0.548566997051239
vt 0.5 0.2315559983253479
vt 0.375 0.25
vt 0 0
vt 0.5 0.5
vt 0.4375 0.5
vt 0.4698779881000519 0.548566997051239
vt 0.5 0.2315559983253479
vt 0.4375 0.25
vt 0.375 0.25
vt 0.4698779881000519 0.548566997051239
vt 0.5 0.5613089799880981
vt 0.5 0.59375
vt 0.5 0.59375
vt 0.4698779881000519 0.548566997051239
vt 0.5 0.5613089799880981
vt 0.5 0.59375
vt 0.375 0.625
vt 0.4698779881000519 0.548566997051239
vt 0.5 0.25
vt 0.5 0.2315559983253479
vt 0.4375 0.25
vt 0.5 0.5613089799880981
vt 0.4698779881000519 0.548566997051239
vt 0.5 0.59375
vt 0.875 0.5
vt 0.5 0.25
vt 0.5432549715042114 0.23194599151611328
vt 0.5 0.5613089799880981
vt 0.625 0.5625
vt 0.5 0.59375
vt 0.5 0.25
vt 0.5432549715042114 0.23194599151611328
vt 0.5 0.2315559983253479
vt 0.5432549715042114 0.23194599151611328
vt 0 0
vt 0.875 0.5625
vt 0.5 0.2315559983253479
vt 0 0
vt 0 0
vt 0.5 0.2315559983253479
vt 0 0
vt 0.5432549715042114 0.23194599151611328
vt 0.5432549715042114 0.23194599151611328
vt 0.5 0.2315559983253479
vt 0.5 0.2315559983253479
vt 0.5432549715042114 0.23194599151611328
vt 0 0
vt 0 0
vt 0 0
vt 0 0
vt 0 0
vt 0.625 0.25
vt 0.625 0.25
vt 0.625 0
vt 0.625 0.5
vt 0.625 0.5625
vt 0.5 0.5613089799880981
vt 0.875 0.5625
vt 0.875 0.5
vt 0.5432549715042114 0.23194599151611328
vt 0 0
vt 0 0
vt 0 0
vt 0 0
vt 0 0
vt 0 0
vt 0.625 0.6988539695739746
vt 0.625 0.6988539695739746
vt 0.625 0.5491160154342651
vt 0.625 0.7767000198364258
vt 0.625 0.7767000198364258
vt 0.625 0.47533100843429565
vt 0.09573099762201309 0.4338510036468506
vt 0 0.7320560216903687
vt 0.11111100018024445 0.7320560216903687
vt 0.09573099762201309 0.4338510036468506
vt 0.25 0.49000000953674316
vt 0 0.7320560216903687
vt 0.8888890147209167 0.809902012348175
vt 0 0.7320560216903687
vt 0.25 0.49000000953674316
vt 0.8888890147209167 0.809902012348175
vt 0.8888890147209167 0.7320560216903687
vt 0 0.7320560216903687
vt 0.625 0.6875
vt 0.625 0.625
vt 0.625 0.625
vt 0.625 0.6875
vt 0 0
vt 0.375 0.5
vt 0 0
vt 0 0
vt 0.375 0.25
vt 0.375 0.5
vt 0 1
vt 0 0.75
vt 0 1
vt 0 0.75
vt 0 0.75
vt 0 0.75
vt 0 1
vt 0 0.5
vt 0 0.5
vt 0 0.75
vt 0 0.75
vt 0 0.75
vt 0 0.75
vt 0.6072270274162292 0.8333330154418945
vt 0.375 0.8333330154418945
vt 0.6070719957351685 0.8333330154418945
vt 0.375 0.8333330154418945
vt 0.375 0.25
vt 0.375 0.75
vt 0.375 1
vt 0.6000000238418579 1
vt 0.4000000059604645 0.5
vt 0.6000000238418579 0.5
vt 0.4000000059604645 1
vt 0.375 1
vt 0.375 0.5
vt 0.375 0.75
vt 0.20000000298023224 1
vt 0.6089320182800293 0.055836021900177
vt 0.1089320033788681 0.055836021900177
vt 0.375 0.25
vt 0.375 0.5
vt 0.375 0.75
vt 0.375 1
vt 0.375 0.25
vt 0.375 0.5
vt 0.20000000298023224 1
vt 0.5217459797859192 0.3241639733314514
vt 0.6089320182800293 0.055836021900177
vt 0.6072270274162292 0.9166669845581055
vt 0.375 0.9166669845581055
vt 0.375 0.9166669845581055
vt 0.6070719957351685 0.9166669845581055
vt 0.625 0.5
vt 0.625 0.75
vt 0.625 0.75
vt 0.625 0.5491160154342651
vt 0.625 0.6988539695739746
vt 0.625 0.6988539695739746
vt 0.625 0.5491160154342651
vt 0.625 0.5491160154342651
vt 0.625 0.6988539695739746
vt 0.6000000238418579 1
vt 0.800000011920929 0.5
vt 0.800000011920929 1
vt 0.625 0.47533100843429565
vt 0.625 0.7767000198364258
vt 0.625 0.47533100843429565
vt 0.625 0.47533100843429565
vt 0.625 0.7767000198364258
vt 0.625 0.7767000198364258
vt 0.6000000238418579 1
vt 0.6000000238418579 0.5
vt 0.800000011920929 0.5
vt 0.043977998197078705 0.6286289691925049
vt 0.04522300139069557 0.716064989566803
vt 0.03966600075364113 0.716064989566803
vt 0 0
vt 0 0
vt 0 0
vt 0.625 0.25
vt 0.625 0
vt 0.625 0
vt 0.375 1
vt 0.375 0.25
vt 0.375 1
vt 0.20000000298023224 1
vt 0 0.5
vt 0.20000000298023224 0.5
vt 0 1
vt 0.375 0.5
vt 0.375 0.75
vt 0.375 0.75
vt 0.625 0.6988539695739746
vt 0.625 0.5491160154342651
vt 0.625 0.5491160154342651
vt 0.625 0.47533100843429565
vt 0.625 0.7767000198364258
vt 0.625 0.47533100843429565
vt 0.5 0.25
vt 0.4375 0.25
vt 0.5 0.25
vt 0.4375 0.25
vt 0.5 0.5
vt 0.4375 0.5
vt 0.4375 0.5
vt 0.5 0.5
vt 0.5 0.5
vt 0.4375 0.5
vt 0.4375 0.5
vt 0.5 0.5
vt 0.5 0.25
vt 0.4375 0.25
vt 0.5 0.25
vt 0.4375 0.25
vt 0.75 0.5
vt 0.625 0.5
vt 0.5 0.5
vt 0.5 0.25
vt 0.75 0.5
vt 0.5 0.5
vt 0.4375 0.25
vt 0.375 0.5
vt 0.375 0.25
vt 0.4375 0.5
vt 0.5 0.25
vt 0.5 0.5
vt 0.5 0.5
vt 0.4375 0.25
vt 0.5 0.25
vt 0.4375 0.5
vt 0.4375 0.25
vt 0.5 0.5
vt 0.5 0.25
vt 0.4375 0.5
vt 0.5 0.25
vt 0.875 0.5
vt 0.75 0.5
vt 0.375 0.25
vt 0.375 0.25
vt 0.375 1
vt 0.625 0.25
vt 0.625 0
vt 0.625 0.25
vt 0.625 0.5
vt 0.625 0.5
vt 0.625 0.75
vt 0.375 0.75
vt 0.375 0.5
vt 0.375 0.5
vt 0.043977998197078705 0.6286289691925049
vt 0.03966600075364113 0.716064989566803
vt 0.07505600154399872 0.6294800043106079
vt 0.625 0.5
vt 0.625 0.5
vt 0.625 0.75
vt 0.375 0.75
vt 0.375 0.75
vt 0.375 0.75
vt 0.375 0.75
vt 0.375 0.875
vt 0.375 0.75
vt 0.625 0.75
vt 0.375 0.5
vt 0.625 0.5
vt 0.625 0.75
vt 0.375 0.75
vt 0.375 0.5
vt 0.33333298563957214 0.809902012348175
vt 0.2222220003604889 0.809902012348175
vt 0.2222220003604889 0.809902012348175
vt 0.33333298563957214 0.809902012348175
vt 0.6666669845581055 0.809902012348175
vt 0.7777780294418335 0.809902012348175
vt 0.6666669845581055 0.809902012348175
vt 0.7777780294418335 0.809902012348175
vt 0.625 0
vt 0.375 0.25
vt 0.375 0
vt 0.625 0
vt 0.625 0.25
vt 0.375 0.25
vt 0.6430019736289978 0.5180009603500366
vt 0.8569980263710022 0.5180009603500366
vt 0.6430019736289978 0.5180009603500366
vt 0.8569980263710022 0.5180009603500366
vt 0.11111100018024445 0.809902012348175
vt 0.11111100018024445 0.809902012348175
vt 0.11111100018024445 0.809902012348175
vt 0.8888890147209167 0.809902012348175
vt 0.8888890147209167 0.809902012348175
vt 0.8888890147209167 0.809902012348175
vt 0.6430019736289978 0.7319990396499634
vt 0.6430019736289978 0.625
vt 0 0
vt 0 0
vt 0.8569980263710022 0.5180009603500366
vt 0 0
vt 0.800000011920929 0.5
vt 0.800000011920929 0.75
vt 0.800000011920929 1
vt 0.800000011920929 1
vt 0.800000011920929 0.5
vt 0 0
vt 0.6430019736289978 0.5180009603500366
vt 0 0
vt 0.6430019736289978 0.5180009603500366
vt 0.6430019736289978 0.7319990396499634
vt 0 0
vt 0 0
vt 0.6430019736289978 0.5180009603500366
vt 0.6430019736289978 0.5180009603500366
vt 0 0
vt 0.625 0.5
vt 0.625 0.75
vt 0.625 0.5
vt 0.625 0.25
vt 0.625 0
vt 0.625 0
vt 0.625 0.25
vt 0 0
vt 0.6430019736289978 0.5180009603500366
vt 0 0
vt 0.6430019736289978 0.625
vt 0 0
vt 0 0
vt 0.625 0.5
vt 0.625 0.75
vt 0.625 0.75
vt 0 0
vt 0 0
vt 0 0
vt 0.8449109792709351 0.6286280155181885
vt 0.8476970195770264 0.716064989566803
vt 0.8436660170555115 0.716064989566803
vt 0 0
vt 0 0
vt 0 0
vt 0 0.5
vt 0 0.75
vt 0 0.5
vt 0 0.75
vt 0 0
vt 0 0
vt 0 0
vt 0 0
vt 0 0
vt 0 0
vt 0 0
vt 0.625 0.9166669845581055
vt 0.6070719957351685 0.9166669845581055
vt 0.6070719957351685 0.9166669845581055
vt 0.8569980263710022 0.7319990396499634
vt 0.8569980263710022 0.7319990396499634
vt 0.8569980263710022 0.5180009603500366
vt 0 0
vt 0.8569980263710022 0.5180009603500366
vt 0.8569980263710022 0.5180009603500366
vt 0 0
vt 0 0
vt 0 0
vt 0 0
vt 0 0
vt 0 0
vt 0 0
vt 0 0
vt 0 0
vt 0 0
vt 0.625 0.47533100843429565
vt 0.625 0.7767000198364258
vt 0.625 0.47533100843429565
vt 0.625 0.7767000198364258
vt 0.625 0.5491160154342651
vt 0.625 0.6988539695739746
vt 0.625 0.6988539695739746
vt 0.625 0.5491160154342651
vt 0.375 0.25
vt 0.625 0
vt 0.625 0.25
vt 0.375 0.25
vt 0.375 0
vt 0.625 0
vt 0.625 0.75
vt 0.375 0.5
vt 0.625 0.5
vt 0.625 0.75
vt 0.375 0.75
vt 0.375 0.5
vt 0.25 0.49000000953674316
vt 0.4578459858894348 0.12999999523162842
vt 0.4042690098285675 0.4338510036468506
vt 0.4863539934158325 0.29167598485946655
vt 0.3320850133895874 0.024474024772644043
vt 0.1679150015115738 0.024474024772644043
vt 0.04215399920940399 0.12999999523162842
vt 0.013646000064909458 0.29167598485946655
vt 0.09573099762201309 0.4338510036468506
vt 0 0
vt 0 0
vt 0 0
vt 0.375 0.25
vt 0.375 0.25
vt 0.375 1
vt 0.375 0.75
vt 0.375 0.5
vt 0.375 0.5
vt 0.375 0.625
vt 0.5 0.59375
vt 0.625 0.625
vt 0.625 0.5625
vt 0.625 0.625
vt 0.625 0.625
vt 0.625 0.625
vt 0.5 0.59375
vt 0.625 0.25
vt 0.625 0.75
vt 0.625 0
vt 0.625 0.25
vt 0.625 0.25
vt 0.625 0.5
vt 0.625 0.25
vt 0.625 0
vt 0.625 0.5
vt 0.625 0.25
vt 0.625 0.75
vt 0.625 0.5
vt 0.625 0.5
vt 0.625 0.25
vt 0.625 0.25
vt 0.625 0.25
vt 0.625 0
vt 0.625 0.5
vt 0.625 0.75
vt 0.625 0.5
vt 0.625 0.25
vt 0.625 0.75
vt 0.625 0
vt 0.625 0.25
vt 0.625 0.5
vt 0.625 0.5
vt 0.625 0.25
vt 0.625 0.5
vt 0.625 0.25
vt 0.625 0
vt 0.625 0.5
vt 0.625 0.25
vt 0.625 0.75
vt 0.625 0.5
vt 0.625 0.5
vt 0.625 0.25
vt 0.625 0.25
vt 0.625 0.25
vt 0.625 0
vt 0.625 0.5
vt 0.625 0.75
vt 0.625 0.5
vt 0.625 0.25
vt 0.625 0.5
vt 0.625 0.25
vt 0.625 0
vt 0.625 0.75
vt 0.625 0.5
vt 0.625 0.5
vt 0.625 0.25
vt 0.625 0.25
vt 0.625 0.5
vt 0.625 0.75
vt 0.625 0.5
vt 0.625 0.5
vt 0.625 0.25
vt 0.625 0.5
vt 0.625 0.25
vt 0.625 0
vt 0.625 0.75
vt 0.625 0.5
vt 0.625 0.5
vt 0.625 0.25
vt 0.625 0.25
vt 0.625 0.5
vt 0.125 0.5
vt 0.15684999525547028 0.7181500196456909
vt 0.125 0.75
vt 0.375 0.75
vt 0.15684999525547028 0.5318499803543091
vt 0.34314998984336853 0.7181500196456909
vt 0.375 0.5
vt 0.34314998984336853 0.5318499803543091
vt 0.625 0.5
vt 0.625 0.25
vt 0.625 0.25
vt 0.625 0.5
vt 0.625 0.25
vt 0.625 0.5
vt 0.625 0.25
vt 0.625 0.25
vt 0.625 0.5
vt 0.625 0.5
vt 0.8449109792709351 0.6286280155181885
vt 0.8524230122566223 0.6296629905700684
vt 0.8476970195770264 0.716064989566803
vt 0.375 0.75
vt 0.375 0.75
vt 0.375 0.75
vt 0.2222220003604889 0.809902012348175
vt 0.11111100018024445 0.809902012348175
vt 0.11111100018024445 0.809902012348175
vt 0.2222220003604889 0.809902012348175
vt 0.2222220003604889 0.809902012348175
vt 0.11111100018024445 0.809902012348175
vt 0.7777780294418335 0.809902012348175
vt 0.8888890147209167 0.809902012348175
vt 0.7777780294418335 0.809902012348175
vt 0.8888890147209167 0.809902012348175
vt 0.625 0.5
vt 0.625 0.75
vt 0 0
vt 0.625 0.9166669845581055
vt 0.6070719957351685 0.9166669845581055
vt 0.8569980263710022 0.7319990396499634
vt 0 0
vt 0 0
vt 0 0
vt 0 0
vt 0 0
vt 0 0
vt 0 0
vt 0 0
vt 0 0
vt 0.625 0.5
vt 0.625 0.25
vt 0.625 0.25
vt 0.625 0.5
vt 0.625 0.25
vt 0.625 0.5
vt 0.625 0.25
vt 0.625 0.5
vt 0 0
vt 0.6430019736289978 0.625
vt 0.3462670147418976 0.3462669849395752
vt 0.7916669845581055 0.75
vt 0.8569980263710022 0.7319990396499634
vt 0.7916669845581055 0.75
vt 0.625 0.47533100843429565
vt 0.625 0.5491160154342651
vt 0.625 0.47533100843429565
vt 0.625 0.47533100843429565
vt 0.625 0.5491160154342651
vt 0.625 0.5491160154342651
vt 0.625 0.47533100843429565
vt 0.625 0.47533100843429565
vt 0.625 0.7767000198364258
vt 0.625 0.6988539695739746
vt 0.625 0.5491160154342651
vt 0.625 0.5491160154342651
vt 0.625 0.5491160154342651
vt 0.625 0.47533100843429565
vt 0.625 0.5491160154342651
vt 0.625 0.47533100843429565
vt 0.3462670147418976 0.3462669849395752
vt 0 0
vt 0.3125 0.3125
vt 0 0
vt 0 0
vt 0.3462670147418976 0.3462669849395752
vt 0.6430019736289978 0.625
vt 0.625 0
vt 0.375 1
vt 0.625 0.25
vt 0.625 0
vt 0.375 0.875
vt 0.375 1
vt 0.625 0.47533100843429565
vt 0.625 0.47533100843429565
vt 0.625 0.7767000198364258
vt 0.625 0.6988539695739746
vt 0.625 0.5491160154342651
vt 0.625 0.5491160154342651
vt 0.625 0.5
vt 0.625 0.25
vt 0.625 0.25
vt 0.625 0.5
vt 0.625 0.5
vt 0.625 0.25
vt 0.625 0.25
vt 0.625 0.5
vt 0.625 0.25
vt 0.625 0.25
vt 0.625 0.5
vt 0.625 0.5
vt 0.625 0.5
vt 0.625 0.25
vt 0.625 0.5
vt 0.625 0.25
vt 0 0
vt 0 0
vt 0 0
vt 0 0
vt 0.375 0.75
vt 0.625 0
vt 0.375 0
vt 0.375 0.75
vt 0.375 0.875
vt 0.625 0
vt 0.375 0.75
vt 0.375 0.75
vt 0.625 0
vt 0.75 0.49000000953674316
vt 0.8910679817199707 0.055836021900177
vt 0.6089320182800293 0.055836021900177
vt 0.5217459797859192 0.3241639733314514
vt 0 0.5
vt 0.800000011920929 0.5
vt 0.800000011920929 0.5
vt 0 0.5
vt 0 0.5
vt 0.625 0.7767000198364258
vt 0.625 0.6988539695739746
vt 0.625 0.7767000198364258
vt 0.625 0.6988539695739746
vt 0.625 0.6988539695739746
vt 0.625 0.7767000198364258
vt 0.625 0.7767000198364258
vt 0.625 0.6988539695739746
vt 0.75 0.49000000953674316
vt 0.9782540202140808 0.3241639733314514
vt 0.8910679817199707 0.055836021900177
vt 0 0.5
vt 0 0.5
vt 0 0.5
vt 0 0.5
vt 0.625 0.47533100843429565
vt 0.625 0.7767000198364258
vt 0.625 0.47533100843429565
vt 0.625 0.6988539695739746
vt 0.625 0.5491160154342651
vt 0.625 0.5491160154342651
vt 0 0
vt 0 0
vt 0 0
vt 0 0
vt 0.625 0.7767000198364258
vt 0.625 0.7767000198364258
vt 0.625 0.47533100843429565
vt 0.625 0.6988539695739746
vt 0.625 0.6988539695739746
vt 0.625 0.5491160154342651
vt 0.4375 0.5
vt 0.4375 0.5
vt 0.4698779881000519 0.548566997051239
vt 0.5 0.2315559983253479
vt 0.4375 0.25
vt 0.4375 0.25
vt 0.625 0.5
vt 0.625 0.5
vt 0.625 0.5
vt 0.625 0.5
vt 0.625 0.5
vt 0.625 0.5
vt 0.625 0.5
vt 0.625 0.5
vt 0.625 0.5
vt 0.625 0.5
vt 0.625 0.5
vt 0.625 0.25
vt 0.625 0.25
vt 0.625 0.25
vt 0.625 0.25
vt 0.625 0.25
vt 0.625 0.25
vt 0.625 0.25
vt 0.625 0.25
vt 0.625 0.25
vt 0.625 0.25
vt 0.625 0.25
vt 0.625 0.5
vt 0.625 0.5
vt 0.625 0.5
vt 0.625 0.5
vt 0.625 0.5
vt 0.625 0.5
vt 0.625 0.5
vt 0.625 0.5
vt 0.625 0.25
vt 0.625 0.25
vt 0.625 0.25
vt 0.625 0.25
vt 0.625 0.25
vt 0.625 0.25
vt 0.625 0.25
vt 0.625 0.25
vt 0.625 0.25
vt 0.625 0.25
vt 0.625 0.25
vt 0.625 0.25
vt 0.625 0.5
vt 0.625 0.5
vt 0.625 0.5
vt 0 0
vt 0 0
vt 0 0
vt 0 0
vt 0.8569980263710022 0.7319990396499634
vt 0.8569980263710022 0.625
vt 0.8569980263710022 0.625
vt 0.625 0.6875
vt 0.625 0.6875
vt 0.625 0.6875
vt 0.625 0.6875
vt 0.8569980263710022 0.7319990396499634
vt 0.8569980263710022 0.625
vt 0.7916669845581055 0.75
vt 0.625 0.6988539695739746
vt 0.625 0.6988539695739746
vt 0.625 0.5491160154342651
vt 0.625 0.7767000198364258
vt 0.625 0.7767000198364258
vt 0.625 0.47533100843429565
vt 0.625 0.6875
vt 0.625 0.6875
vt 0.625 0.6875
vt 0.15625 0.15625
vt 0.625 0.6875
vt 0.625 0.6875
vt 0 0
vt 0 0
vt 0 0
vt 0.625 0.47533100843429565
vt 0.625 0.7767000198364258
vt 0.625 0.47533100843429565
vt 0.625 0.6988539695739746
vt 0.625 0.5491160154342651
vt 0.625 0.5491160154342651
vt 0 0
vt 0 0
vt 0 0
vt 0 0
vt 0 0
vt 0 0
vt 0 0
vt 0.3125 0.3125
vt 0.2829279899597168 0.2829279899597168
vt 0.3462670147418976 0.3462669849395752
vt 0.15625 0.15625
vt 0.625 0.5
vt 0.375 0.25
vt 0.625 0.25
vt 0.375 0.5
vt 0.5 0.2315559983253479
vt 0.4375 0.25
vt 0.4375 0.25
vt 0.4375 0.5
vt 0.4375 0.5
vt 0.4698779881000519 0.548566997051239
vt 0 0
vt 0 0
vt 0 0
vt 0 0
vt 0 0
vt 0 0
vt 0 0
vt 0.8569980263710022 0.7319990396499634
vt 0.6430019736289978 0.7319990396499634
vt 0.6430019736289978 0.7319990396499634
vt 0.8569980263710022 0.7319990396499634
vt 0.625 0.7767000198364258
vt 0.625 0.6988539695739746
vt 0.625 0.7767000198364258
vt 0.625 0.6988539695739746
vt 0.625 0.6988539695739746
vt 0.625 0.7767000198364258
vt 0.625 0.7767000198364258
vt 0.625 0.6988539695739746
vt 0 0
vt 0 0
vt 0 0
vt 0 0
vt 0.625 0.6875
vt 0.625 0.625
vt 0.625 0.6875
vt 0.625 0.625
vt 0.875 0.75
vt 0.625 0.5
vt 0.875 0.5
vt 0.625 0.75
vt 0.375 1
vt 0.375 1
vt 0.375 0.875
vt 0.375 0.75
vt 0.375 0.75
vt 0.375 0.75
vt 0.375 1
vt 0.375 0.875
vt 0.625 0.5
vt 0.625 0.25
vt 0.625 0.5
vt 0.625 0.25
vt 0.625 0.25
vt 0.625 0.5
vt 0.625 0.5
vt 0.625 0.25
vt 0.625 0.5
vt 0.625 0.25
vt 0.625 0.25
vt 0.625 0.5
vt 0.625 0.5
vt 0.625 0.25
vt 0.625 0.25
vt 0.625 0.5
vt 0.625 0.5
vt 0.625 0.25
vt 0.625 0.25
vt 0.625 0.5
vt 0.625 0.5
vt 0.625 0.25
vt 0.625 0.25
vt 0.625 0.5
vt 0.625 0.25
vt 0.625 0.25
vt 0.625 0.5
vt 0.625 0.5
vt 0 0
vt 0.625 0.625
vt 0.625 0.5625
vt 0.625 0.47533100843429565
vt 0.625 0.5491160154342651
vt 0.625 0.47533100843429565
vt 0.625 0.5491160154342651
vt 0.625 0.5491160154342651
vt 0.625 0.47533100843429565
vt 0.625 0.5491160154342651
vt 0.625 0.5491160154342651
vt 0.625 0.47533100843429565
vt 0.625 0.47533100843429565
vt 0.625 0.5
vt 0.625 0.25
vt 0.625 0.25
vt 0.625 0.5
vt 0.625 0.5
vt 0.625 0.25
vt 0.625 0.5
vt 0.625 0.25
vt 0.625 0.25
vt 0.625 0.5

f 1/1/1 2/2/2 3/3/3
f 1/1/1 4/4/4 2/2/2
f 5/5/5 6/6/6 7/7/7
f 5/5/5 8/8/8 6/6/6
f 9/9/9 10/10/10 11/11/11
f 9/9/9 12/12/12 10/10/10
f 13/13/13 14/14/14 15/15/15
f 13/13/13 16/16/16 14/14/14
f 17/17/17 18/18/18 19/19/19
f 20/20/20 21/21/21 22/22/22
f 23/23/23 24/24/24 25/25/25
f 26/26/26 27/27/27 28/28/28
f 29/29/29 30/30/30 31/31/31
f 32/32/32 33/33/33 34/34/34
f 35/35/35 36/36/36 37/37/37
f 35/35/35 38/38/38 36/36/36
f 39/39/39 40/40/40 41/41/41
f 42/42/42 43/43/43 44/44/44
f 45/45/45 46/46/46 47/47/47
f 48/48/48 49/49/49 50/50/50
f 51/51/51 52/52/52 53/53/53
f 54/54/54 55/55/55 56/56/56
f 57/57/57 58/58/58 59/59/59
f 60/60/60 61/61/61 62/62/62
f 63/63/63 64/64/64 65/65/65
f 66/66/66 67/67/67 68/68/68
f 69/69/69 70/70/70 71/71/71
f 72/72/72 73/73/73 74/74/74
f 75/75/75 76/76/76 77/77/77
f 75/75/75 78/78/78 76/76/76
f 79/79/79 80/80/80 81/81/81
f 79/79/79 82/82/82 80/80/80
f 83/83/83 84/84/84 85/85/85
f 84/84/84 86/86/86 85/85/85
f 87/87/87 88/88/88 89/89/89
f 90/90/90 91/91/91 92/92/92
f 93/93/93 94/94/94 95/95/95
f 96/96/96 97/97/97 98/98/98
f 99/99/99 100/100/100 101/101/101
f 99/99/99 102/102/102 100/100/100
f 103/103/103 104/104/104 105/105/105
f 106/106/106 107/107/107 108/108/108
f 109/109/109 106/106/106 108/108/108
f 110/110/110 111/111/111 112/112/112
f 113/113/113 114/114/114 115/115/115
f 116/116/116 117/117/117 118/118/118
f 116/116/116 119/119/119 117/117/117
f 120/120/120 121/121/121 122/122/122
f 120/120/120 123/123/123 121/121/121
f 124/124/124 125/125/125 126/126/126
f 127/127/127 128/128/128 129/129/129
f 130/130/130 131/131/131 132/132/132
f 133/133/133 134/134/134 135/135/135
f 133/133/133 136/136/136 134/134/134
f 137/137/137 138/138/138 139/139/139
f 140/140/140 141/141/141 142/142/142
f 140/140/140 143/143/143 141/141/141
f 144/144/144 145/145/145 146/146/146
f 144/144/144 147/147/147 145/145/145
f 148/148/148 149/149/149 150/150/150
f 151/151/151 152/152/152 153/153/153
f 154/154/154 155/155/155 156/156/156
f 157/157/157 158/158/158 159/159/159
f 160/160/160 161/161/161 162/162/162
f 163/163/163 164/164/164 165/165/165
f 166/166/166 167/167/167 168/168/168
f 169/169/169 170/170/170 171/171/171
f 169/169/169 172/172/172 170/170/170
f 173/173/173 174/174/174 175/175/175
f 176/176/176 177/177/177 178/178/178
f 179/179/179 180/180/180 181/181/181
f 182/182/182 183/183/183 184/184/184
f 185/185/185 186/186/186 187/187/187
f 188/188/188 189/189/189 190/190/190
f 191/191/191 192/192/192 193/193/193
f 191/191/191 194/194/194 192/192/192
f 195/195/195 196/196/196 197/197/197
f 195/195/195 198/198/198 196/196/196
f 199/199/199 200/200/200 201/201/201
f 202/202/202 203/203/203 204/204/204
f 202/202/202 205/205/205 203/203/203
f 206/206/206 207/207/207 208/208/208
f 206/206/206 209/209/209 207/207/207
f 210/210/210 211/211/211 212/212/212
f 213/213/213 214/214/214 215/215/215
f 216/216/216 217/217/217 218/218/218
f 216/216/216 219/219/219 217/217/217
f 220/220/220 221/221/221 222/222/222
f 220/220/220 223/223/223 221/221/221
f 224/224/224 225/225/225 226/226/226
f 227/227/227 228/228/228 229/229/229
f 227/227/227 230/230/230 228/228/228
f 231/231/231 232/232/232 233/233/233
f 234/234/234 235/235/235 236/236/236
f 237/237/237 238/238/238 239/239/239
f 237/237/237 240/240/240 238/238/238
f 241/241/241 242/242/242 243/243/243
f 244/244/244 245/245/245 246/246/246
f 247/247/247 248/248/248 249/249/249
f 250/250/250 251/251/251 252/252/252
f 250/250/250 253/253/253 251/251/251
f 254/254/254 255/255/255 256/256/256
f 257/257/257 258/258/258 259/259/259
f 260/260/260 261/261/261 262/262/262
f 263/263/263 264/264/264 265/265/265
f 266/266/266 267/267/267 268/268/268
f 269/269/269 270/270/270 271/271/271
f 272/272/272 273/273/273 274/274/274
f 275/275/275 276/276/276 277/277/277
f 275/275/275 278/278/278 276/276/276
f 279/279/279 280/280/280 281/281/281
f 282/282/282 283/283/283 284/284/284
f 285/285/285 286/286/286 287/287/287
f 288/288/288 289/289/289 290/290/290
f 288/288/288 291/291/291 289/289/289
f 292/292/292 293/293/293 294/294/294
f 292/292/292 295/295/295 293/293/293
f 296/296/296 297/297/297 298/298/298
f 296/296/296 299/299/299 297/297/297
f 300/300/300 301/301/301 302/302/302
f 303/303/303 304/304/304 305/305/305
f 303/303/303 306/306/306 304/304/304
f 307/307/307 308/308/308 309/309/309
f 310/310/310 311/311/311 312/312/312
f 310/310/310 313/313/313 311/311/311
f 314/314/314 315/315/315 316/316/316
f 317/317/317 318/318/318 319/319/319
f 320/320/320 321/321/321 322/322/322
f 323/323/323 324/324/324 325/325/325
f 326/326/326 327/327/327 328/328/328
f 326/326/326 329/329/329 327/327/327
f 330/330/330 331/331/331 332/332/332
f 331/331/331 333/333/333 332/332/332
f 333/333/333 334/334/334 332/332/332
f 330/330/330 335/335/335 331/331/331
f 335/335/335 330/330/330 336/336/336
f 335/335/335 336/336/336 337/337/337
f 338/338/338 337/337/337 336/336/336
f 339/339/339 340/340/340 341/341/341
f 342/342/342 343/343/343 344/344/344
f 345/345/345 346/346/346 347/347/347
f 348/348/348 349/349/349 350/350/350
f 351/351/351 352/352/352 353/353/353
f 354/354/354 355/355/355 356/356/356
f 354/354/354 357/357/357 355/355/355
f 358/358/358 359/359/359 360/360/360
f 361/361/361 362/362/362 363/363/363
f 364/364/364 365/365/365 366/366/366
f 367/367/367 368/368/368 369/369/369
f 370/370/370 371/371/371 372/372/372
f 373/373/373 374/374/374 375/375/375
f 376/376/376 377/377/377 378/378/378
f 376/376/376 379/379/379 377/377/377
f 380/380/380 381/381/381 382/382/382
f 380/380/380 383/383/383 381/381/381
f 384/384/384 385/385/385 386/386/386
f 384/384/384 387/387/387 385/385/385
f 388/388/388 389/389/389 390/390/390
f 391/391/391 392/392/392 393/393/393
f 394/394/394 395/395/395 396/396/396
f 397/397/397 398/398/398 399/399/399
f 400/400/400 401/401/401 402/402/402
f 403/403/403 404/404/404 405/405/405
f 406/406/406 407/407/407 408/408/408
f 409/409/409 410/410/410 411/411/411
f 412/412/412 413/413/413 414/414/414
f 415/415/415 416/416/416 417/417/417
f 418/418/418 419/419/419 420/420/420
f 421/421/421 422/422/422 423/423/423
f 424/424/424 425/425/425 426/426/426
f 424/424/424 427/427/427 425/425/425
f 428/428/428 429/429/429 430/430/430
f 428/428/428 431/431/431 429/429/429
f 432/432/432 433/433/433 434/434/434
f 435/435/435 436/436/436 437/437/437
f 438/438/438 439/439/439 440/440/440
f 438/438/438 441/441/441 439/439/439
f 442/442/442 443/443/443 444/444/444
f 442/442/442 445/445/445 443/443/443
f 446/446/446 447/447/447 448/448/448
f 446/446/446 449/449/449 447/447/447
f 450/450/450 451/451/451 452/452/452
f 450/450/450 453/453/453 451/451/451
f 454/454/454 455/455/455 456/456/456
f 454/454/454 457/457/457 455/455/455
f 458/458/458 459/459/459 460/460/460
f 461/461/461 462/462/462 463/463/463
f 464/464/464 465/465/465 466/466/466
f 464/464/464 467/467/467 465/465/465
f 468/468/468 469/469/469 470/470/470
f 468/468/468 471/471/471 469/469/469
f 472/472/472 473/473/473 474/474/474
f 475/475/475 476/476/476 477/477/477
f 478/478/478 479/479/479 480/480/480
f 481/481/481 482/482/482 483/483/483
f 484/484/484 485/485/485 486/486/486
f 487/487/487 488/488/488 489/489/489
f 490/490/490 491/491/491 492/492/492
f 490/490/490 493/493/493 491/491/491
f 494/494/494 495/495/495 496/496/496
f 494/494/494 497/497/497 495/495/495
f 498/498/498 499/499/499 500/500/500
f 498/498/498 501/501/501 499/499/499
f 502/502/502 503/503/503 504/504/504
f 502/502/502 505/505/505 503/503/503
f 506/506/506 507/507/507 508/508/508
f 509/509/509 510/510/510 511/511/511
f 509/509/509 512/512/512 510/510/510
f 513/513/513 514/514/514 515/515/515
f 513/513/513 516/516/516 514/514/514
f 517/517/517 518/518/518 519/519/519
f 520/520/520 521/521/521 522/522/522
f 523/523/523 524/524/524 525/525/525
f 526/526/526 527/527/527 528/528/528
f 529/529/529 530/530/530 531/531/531
f 532/532/532 533/533/533 534/534/534
f 535/535/535 536/536/536 537/537/537
f 538/538/538 539/539/539 540/540/540
f 541/541/541 542/542/542 543/543/543
f 544/544/544 545/545/545 546/546/546
f 547/547/547 548/548/548 549/549/549
f 550/550/550 551/551/551 552/552/552
f 553/553/553 554/554/554 555/555/555
f 553/553/553 556/556/556 554/554/554
f 557/557/557 556/556/556 553/553/553
f 557/557/557 558/558/558 556/556/556
f 557/557/557 553/553/553 559/559/559
f 553/553/553 560/560/560 559/559/559
f 561/561/561 562/562/562 563/563/563
f 564/564/564 565/565/565 566/566/566
f 567/567/567 568/568/568 569/569/569
f 570/570/570 571/571/571 572/572/572
f 573/573/573 574/574/574 575/575/575
f 573/573/573 575/575/575 576/576/576
f 577/577/577 578/578/578 579/579/579
f 580/580/580 581/581/581 582/582/582
f 583/583/583 584/584/584 585/585/585
f 583/583/583 586/586/586 584/584/584
f 587/587/587 588/588/588 589/589/589
f 590/590/590 591/591/591 592/592/592
f 593/593/593 594/594/594 595/595/595
f 596/596/596 597/597/597 598/598/598
f 599/599/599 600/600/600 601/601/601
f 599/599/599 602/602/602 600/600/600
f 603/603/603 604/604/604 605/605/605
f 606/606/606 607/607/607 608/608/608
f 609/609/609 610/610/610 611/611/611
f 612/612/612 613/613/613 614/614/614
f 615/615/615 616/616/616 617/617/617
f 615/615/615 617/617/617 618/618/618
f 619/619/619 620/620/620 621/621/621
f 622/622/622 623/623/623 624/624/624
f 625/625/625 626/626/626 627/627/627
f 625/625/625 628/628/628 626/626/626
f 629/629/629 630/630/630 631/631/631
f 632/632/632 633/633/633 634/634/634
f 635/635/635 636/636/636 637/637/637
f 638/638/638 639/639/639 640/640/640
f 641/641/641 642/642/642 643/643/643
f 644/644/644 645/645/645 646/646/646
f 647/647/647 648/648/648 649/649/649
f 650/650/650 651/651/651 652/652/652
f 653/653/653 654/654/654 655/655/655
f 656/656/656 657/657/657 658/658/658
f 659/659/659 660/660/660 661/661/661
f 659/659/659 662/662/662 660/660/660
f 663/663/663 664/664/664 665/665/665
f 666/666/666 667/667/667 668/668/668
f 669/669/669 670/670/670 671/671/671
f 672/672/672 673/673/673 674/674/674
f 675/675/675 676/676/676 677/677/677
f 678/678/678 679/679/679 680/680/680
f 681/681/681 682/682/682 683/683/683
f 684/684/684 685/685/685 686/686/686
f 687/687/687 688/688/688 689/689/689
f 690/690/690 691/691/691 692/692/692
f 693/693/693 694/694/694 695/695/695
f 696/696/696 697/697/697 698/698/698
f 699/699/699 700/700/700 701/701/701
f 702/702/702 703/703/703 704/704/704
f 705/705/705 706/706/706 707/707/707
f 708/708/708 709/709/709 710/710/710
f 711/711/711 712/712/712 713/713/713
f 714/714/714 713/713/713 712/712/712
f 715/715/715 716/716/716 717/717/717
f 718/718/718 719/719/719 720/720/720
f 721/721/721 722/722/722 723/723/723
f 724/724/724 725/725/725 726/726/726
f 727/727/727 728/728/728 729/729/729
f 730/730/730 731/731/731 732/732/732
f 733/733/733 734/734/734 735/735/735
f 736/736/736 737/737/737 738/738/738
f 739/739/739 740/740/740 741/741/741
f 742/742/742 743/743/743 744/744/744
f 745/745/745 746/746/746 747/747/747
f 748/748/748 749/749/749 750/750/750
f 751/751/751 752/752/752 753/753/753
f 754/754/754 755/755/755 756/756/756
f 757/757/757 758/758/758 759/759/759
f 760/760/760 761/761/761 762/762/762
f 763/763/763 764/764/764 765/765/765
f 763/763/763 766/766/766 764/764/764
f 767/767/767 768/768/768 769/769/769
f 770/770/770 771/771/771 772/772/772
f 773/773/773 774/774/774 775/775/775
f 773/773/773 776/776/776 774/774/774
f 777/777/777 778/778/778 779/779/779
f 780/780/780 781/781/781 782/782/782
f 780/780/780 783/783/783 781/781/781
f 784/784/784 785/785/785 786/786/786
f 787/787/787 788/788/788 789/789/789
f 790/790/790 791/791/791 792/792/792
f 793/793/793 794/794/794 795/795/795
f 796/796/796 797/797/797 798/798/798
f 799/799/799 800/800/800 801/801/801
f 799/799/799 802/802/802 800/800/800
f 803/803/803 804/804/804 805/805/805
f 803/803/803 806/806/806 804/804/804
f 807/807/807 808/808/808 809/809/809
f 807/807/807 810/810/810 808/808/808
f 811/811/811 812/812/812 813/813/813
f 814/814/814 815/815/815 816/816/816
f 817/817/817 818/818/818 819/819/819
f 820/820/820 821/821/821 822/822/822
f 823/823/823 824/824/824 825/825/825
f 826/826/826 827/827/827 828/828/828
f 826/826/826 829/829/829 827/827/827
f 830/830/830 831/831/831 832/832/832
f 833/833/833 834/834/834 835/835/835
f 836/836/836 837/837/837 838/838/838
f 839/839/839 840/840/840 841/841/841
f 842/842/842 843/843/843 844/844/844
f 845/845/845 846/846/846 847/847/847
f 845/845/845 848/848/848 846/846/846
f 849/849/849 850/850/850 851/851/851
f 852/852/852 853/853/853 854/854/854
f 855/855/855 856/856/856 857/857/857
f 858/858/858 859/859/859 860/860/860
f 861/861/861 862/862/862 863/863/863
f 864/864/864 865/865/865 866/866/866
f 867/867/867 868/868/868 869/869/869
f 870/870/870 871/871/871 872/872/872
f 873/873/873 874/874/874 875/875/875
f 876/876/876 877/877/877 878/878/878
f 879/879/879 880/880/880 881/881/881
f 879/879/879 882/882/882 880/880/880
f 883/883/883 884/884/884 885/885/885
f 883/883/883 886/886/886 884/884/884
f 887/887/887 888/888/888 889/889/889
f 890/890/890 891/891/891 892/892/892
f 890/890/890 893/893/893 891/891/891
f 894/894/894 895/895/895 896/896/896
f 897/897/897 898/898/898 899/899/899
f 900/900/900 901/901/901 902/902/902
f 903/903/903 904/904/904 905/905/905
f 906/906/906 907/907/907 908/908/908
f 906/906/906 909/909/909 907/907/907
f 910/910/910 911/911/911 912/912/912
f 913/913/913 914/914/914 915/915/915
f 916/916/916 917/917/917 918/918/918
f 919/919/919 920/920/920 921/921/921
f 922/922/922 923/923/923 924/924/924
f 925/925/925 926/926/926 927/927/927
f 928/928/928 929/929/929 930/930/930
f 931/931/931 932/932/932 933/933/933
f 934/934/934 935/935/935 936/936/936
f 937/937/937 938/938/938 939/939/939
f 940/940/940 941/941/941 942/942/942
f 943/943/943 944/944/944 945/945/945
f 946/946/946 947/947/947 948/948/948
f 949/949/949 950/950/950 951/951/951
f 952/952/952 953/953/953 954/954/954
f 955/955/955 956/956/956 957/957/957
f 958/958/958 959/959/959 960/960/960
f 961/961/961 962/962/962 963/963/963
f 964/964/964 965/965/965 966/966/966
f 967/967/967 968/968/968 969/969/969
f 970/970/970 971/971/971 972/972/972
f 973/973/973 974/974/974 975/975/975
f 976/976/976 977/977/977 978/978/978
f 979/979/979 980/980/980 981/981/981
f 982/982/982 983/983/983 984/984/984
f 985/985/985 986/986/986 987/987/987
f 985/985/985 988/988/988 986/986/986
f 989/989/989 990/990/990 991/991/991
f 989/989/989 992/992/992 990/990/990
f 993/993/993 994/994/994 995/995/995
f 996/996/996 997/997/997 998/998/998
f 999/999/999 1000/1000/1000 1001/1001/1001
f 1002/1002/1002 1003/1003/1003 1004/1004/1004
f 1005/1005/1005 1006/1006/1006 1007/1007/1007
f 1008/1008/1008 1009/1009/1009 1010/1010/1010
f 1011/1011/1011 1012/1012/1012 1013/1013/1013
f 1014/1014/1014 1015/1015/1015 1016/1016/1016
f 1017/1017/1017 1018/1018/1018 1019/1019/1019
f 1017/1017/1017 1020/1020/1020 1018/1018/1018
f 1021/1021/1021 1022/1022/1022 1023/1023/1023
f 1023/1023/1023 1024/1024/1024 1021/1021/1021
f 1025/1025/1025 1026/1026/1026 1027/1027/1027
f 1028/1028/1028 1029/1029/1029 1030/1030/1030
f 1031/1031/1031 1032/1032/1032 1033/1033/1033
f 1034/1034/1034 1035/1035/1035 1036/1036/1036
f 1037/1037/1037 1038/1038/1038 1039/1039/1039
f 1040/1040/1040 1041/1041/1041 1042/1042/1042
f 1043/1043/1043 1044/1044/1044 1045/1045/1045
f 1046/1046/1046 1047/1047/1047 1048/1048/1048
f 1046/1046/1046 1049/1049/1049 1047/1047/1047
f 1050/1050/1050 1051/1051/1051 1052/1052/1052
f 1053/1053/1053 1054/1054/1054 1055/1055/1055
f 1056/1056/1056 1057/1057/1057 1058/1058/1058
f 1059/1059/1059 1060/1060/1060 1061/1061/1061
f 1062/1062/1062 1063/1063/1063 1064/1064/1064
f 1065/1065/1065 1066/1066/1066 1067/1067/1067
f 1068/1068/1068 1069/1069/1069 1070/1070/1070
f 1071/1071/1071 1072/1072/1072 1073/1073/1073
f 1071/1071/1071 1074/1074/1074 1072/1072/1072
f 1075/1075/1075 1076/1076/1076 1077/1077/1077
f 1078/1078/1078 1079/1079/1079 1080/1080/1080
f 1081/1081/1081 1082/1082/1082 1083/1083/1083
f 1084/1084/1084 1085/1085/1085 1086/1086/1086
f 1087/1087/1087 1088/1088/1088 1089/1089/1089
f 1087/1087/1087 1089/1089/1089 1090/1090/1090
f 1087/1087/1087 1091/1091/1091 1088/1088/1088
f 1087/1087/1087 1090/1090/1090 1092/1092/1092
f 1091/1091/1091 1093/1093/1093 1088/1088/1088
f 1094/1094/1094 1092/1092/1092 1090/1090/1090
f 1091/1091/1091 1094/1094/1094 1093/1093/1093
f 1094/1094/1094 1090/1090/1090 1093/1093/1093
f 1095/1095/1095 1096/1096/1096 1097/1097/1097
f 1095/1095/1095 1098/1098/1098 1096/1096/1096
f 1099/1099/1099 1100/1100/1100 1101/1101/1101
f 1099/1099/1099 1102/1102/1102 1100/1100/1100
f 1103/1103/1103 1104/1104/1104 1105/1105/1105
f 1103/1103/1103 1106/1106/1106 1104/1104/1104
f 1107/1107/1107 1108/1108/1108 1109/1109/1109
f 1110/1110/1110 1111/1111/1111 1112/1112/1112
f 1110/1110/1110 1113/1113/1113 1111/1111/1111
f 1114/1114/1114 1115/1115/1115 1116/1116/1116
f 1117/1117/1117 1118/1118/1118 1119/1119/1119
f 1120/1120/1120 1121/1121/1121 1122/1122/1122
f 1120/1120/1120 1123/1123/1123 1121/1121/1121
f 1124/1124/1124 1125/1125/1125 1126/1126/1126
f 1127/1127/1127 1128/1128/1128 1129/1129/1129
f 1130/1130/1130 1131/1131/1131 1132/1132/1132
f 1133/1133/1133 1134/1134/1134 1135/1135/1135
f 1136/1136/1136 1137/1137/1137 1138/1138/1138
f 1139/1139/1139 1140/1140/1140 1141/1141/1141
f 1142/1142/1142 1143/1143/1143 1144/1144/1144
f 1142/1142/1142 1145/1145/1145 1143/1143/1143
f 1146/1146/1146 1147/1147/1147 1148/1148/1148
f 1149/1149/1149 1150/1150/1150 1151/1151/1151
f 1152/1152/1152 1153/1153/1153 1154/1154/1154
f 1155/1155/1155 1156/1156/1156 1157/1157/1157
f 1155/1155/1155 1158/1158/1158 1156/1156/1156
f 1155/1155/1155 1159/1159/1159 1158/1158/1158
f 1160/1160/1160 1161/1161/1161 1162/1162/1162
f 1162/1162/1162 1163/1163/1163 1164/1164/1164
f 1162/1162/1162 1164/1164/1164 1165/1165/1165
f 1162/1162/1162 1165/1165/1165 1166/1166/1166
f 1165/1165/1165 1167/1167/1167 1166/1166/1166
f 1168/1168/1168 1169/1169/1169 1170/1170/1170
f 1168/1168/1168 1171/1171/1171 1169/1169/1169
f 1172/1172/1172 1173/1173/1173 1170/1170/1170
f 1174/1174/1174 1175/1175/1175 1176/1176/1176
f 1177/1177/1177 1178/1178/1178 1179/1179/1179
f 1177/1177/1177 1180/1180/1180 1178/1178/1178
f 1181/1181/1181 1177/1177/1177 1179/1179/1179
f 1182/1182/1182 1183/1183/1183 1184/1184/1184
f 1185/1185/1185 1186/1186/1186 1187/1187/1187
f 1187/1187/1187 1188/1188/1188 1189/1189/1189
f 1187/1187/1187 1189/1189/1189 1190/1190/1190
f 1187/1187/1187 1190/1190/1190 1191/1191/1191
f 1190/1190/1190 1192/1192/1192 1191/1191/1191
f 1193/1193/1193 1194/1194/1194 1195/1195/1195
f 1196/1196/1196 1197/1197/1197 1193/1193/1193
f 1198/1198/1198 1199/1199/1199 1200/1200/1200
f 1201/1201/1201 1202/1202/1202 1203/1203/1203
f 1204/1204/1204 1205/1205/1205 1206/1206/1206
f 1207/1207/1207 1208/1208/1208 1209/1209/1209
f 1207/1207/1207 1210/1210/1210 1208/1208/1208
f 1211/1211/1211 1212/1212/1212 1213/1213/1213
f 1211/1211/1211 1214/1214/1214 1212/1212/1212
f 1215/1215/1215 1216/1216/1216 1217/1217/1217
f 1215/1215/1215 1218/1218/1218 1216/1216/1216
f 1219/1219/1219 1220/1220/1220 1221/1221/1221
f 1222/1222/1222 1223/1223/1223 1224/1224/1224
f 1225/1225/1225 1226/1226/1226 1227/1227/1227
f 1228/1228/1228 1229/1229/1229 1230/1230/1230
f 1231/1231/1231 1232/1232/1232 1233/1233/1233
f 1234/1234/1234 1235/1235/1235 1236/1236/1236
f 1234/1234/1234 1237/1237/1237 1235/1235/1235
f 1238/1238/1238 1239/1239/1239 1240/1240/1240
f 1238/1238/1238 1241/1241/1241 1239/1239/1239
f 1242/1242/1242 1243/1243/1243 1244/1244/1244
f 1242/1242/1242 1245/1245/1245 1243/1243/1243
f 1246/1246/1246 1247/1247/1247 1248/1248/1248
f 1246/1246/1246 1249/1249/1249 1247/1247/1247
f 1250/1250/1250 1251/1251/1251 1252/1252/1252
f 1253/1253/1253 1254/1254/1254 1255/1255/1255
f 1256/1256/1256 1257/1257/1257 1258/1258/1258
f 1256/1256/1256 1259/1259/1259 1257/1257/1257
f 1260/1260/1260 1261/1261/1261 1262/1262/1262
f 1263/1263/1263 1264/1264/1264 1265/1265/1265
f 1266/1266/1266 1267/1267/1267 1268/1268/1268
f 1269/1269/1269 1270/1270/1270 1271/1271/1271
f 1272/1272/1272 1273/1273/1273 1274/1274/1274
f 1272/1272/1272 1275/1275/1275 1273/1273/1273
f 1276/1276/1276 1277/1277/1277 1278/1278/1278
f 1279/1279/1279 1280/1280/1280 1281/1281/1281
f 1282/1282/1282 1283/1283/1283 1284/1284/1284
f 1285/1285/1285 1283/1283/1283 1282/1282/1282
f 1285/1285/1285 1286/1286/1286 1283/1283/1283
f 1283/1283/1283 1286/1286/1286 1287/1287/1287
f 1287/1287/1287 1286/1286/1286 1288/1288/1288
f 1287/1287/1287 1288/1288/1288 1289/1289/1289
f 1290/1290/1290 1291/1291/1291 1292/1292/1292
f 1291/1291/1291 1293/1293/1293 1294/1294/1294
f 1295/1295/1295 1296/1296/1296 1297/1297/1297
f 1298/1298/1298 1299/1299/1299 1300/1300/1300
f 1301/1301/1301 1302/1302/1302 1303/1303/1303
f 1304/1304/1304 1305/1305/1305 1306/1306/1306
f 1307/1307/1307 1308/1308/1308 1309/1309/1309
f 1307/1307/1307 1310/1310/1310 1308/1308/1308
f 1311/1311/1311 1312/1312/1312 1313/1313/1313
f 1312/1312/1312 1314/1314/1314 1313/1313/1313
f 1315/1315/1315 1316/1316/1316 1317/1317/1317
f 1318/1318/1318 1319/1319/1319 1320/1320/1320
f 1321/1321/1321 1322/1322/1322 1323/1323/1323
f 1322/1322/1322 1324/1324/1324 1323/1323/1323
f 1324/1324/1324 1322/1322/1322 1325/1325/1325
f 1324/1324/1324 1326/1326/1326 1327/1327/1327
f 1328/1328/1328 1329/1329/1329 1330/1330/1330
f 1331/1331/1331 1332/1332/1332 1333/1333/1333
f 1334/1334/1334 1335/1335/1335 1336/1336/1336
f 1334/1334/1334 1336/1336/1336 1337/1337/1337
f 1338/1338/1338 1339/1339/1339 1340/1340/1340
f 1341/1341/1341 1342/1342/1342 1343/1343/1343
f 1342/1342/1342 1344/1344/1344 1343/1343/1343
f 1345/1345/1345 1344/1344/1344 1342/1342/1342
f 1345/1345/1345 1342/1342/1342 1346/1346/1346
f 1347/1347/1347 1345/1345/1345 1346/1346/1346
f 1345/1345/1345 1347/1347/1347 1348/1348/1348
f 1348/1348/1348 1347/1347/1347 1349/1349/1349
f 1348/1348/1348 1349/1349/1349 1350/1350/1350
f 1343/1343/1343 1351/1351/1351 1341/1341/1341
f 1343/1343/1343 1352/1352/1352 1351/1351/1351
f 1353/1353/1353 1350/1350/1350 1341/1341/1341
f 1348/1348/1348 1350/1350/1350 1353/1353/1353
f 1351/1351/1351 1353/1353/1353 1341/1341/1341
f 1354/1354/1354 1348/1348/1348 1353/1353/1353
f 1355/1355/1355 1353/1353/1353 1351/1351/1351
f 1355/1355/1355 1356/1356/1356 1353/1353/1353
f 1357/1357/1357 1356/1356/1356 1355/1355/1355
f 1357/1357/1357 1355/1355/1355 1358/1358/1358
f 1359/1359/1359 1360/1360/1360 1361/1361/1361
f 1359/1359/1359 1362/1362/1362 1360/1360/1360
f 1361/1361/1361 1363/1363/1363 1359/1359/1359
f 1360/1360/1360 1362/1362/1362 1364/1364/1364
f 1361/1361/1361 1365/1365/1365 1363/1363/1363
f 1360/1360/1360 1364/1364/1364 1366/1366/1366
f 1366/1366/1366 1363/1363/1363 1365/1365/1365
f 1366/1366/1366 1364/1364/1364 1363/1363/1363
f 1367/1367/1367 1368/1368/1368 1369/1369/1369
f 1370/1370/1370 1371/1371/1371 1372/1372/1372
f 1373/1373/1373 1372/1372/1372 1371/1371/1371
f 1374/1374/1374 1375/1375/1375 1376/1376/1376
f 1377/1377/1377 1378/1378/1378 1379/1379/1379
f 1379/1379/1379 1378/1378/1378 1380/1380/1380
f 1377/1377/1377 1381/1381/1381 1378/1378/1378
f 1379/1379/1379 1380/1380/1380 1382/1382/1382
f 1377/1377/1377 1383/1383/1383 1381/1381/1381
f 1382/1382/1382 1380/1380/1380 1383/1383/1383
f 1377/1377/1377 1384/1384/1384 1383/1383/1383
f 1382/1382/1382 1383/1383/1383 1384/1384/1384
f 1385/1385/1385 1386/1386/1386 1387/1387/1387
f 1385/1385/1385 1388/1388/1388 1386/1386/1386
f 1389/1389/1389 1385/1385/1385 1387/1387/1387
f 1390/1390/1390 1386/1386/1386 1388/1388/1388
f 1389/1389/1389 1387/1387/1387 1391/1391/1391
f 1390/1390/1390 1392/1392/1392 1386/1386/1386
f 1389/1389/1389 1391/1391/1391 1392/1392/1392
f 1389/1389/1389 1392/1392/1392 1390/1390/1390
f 1393/1393/1393 1394/1394/1394 1395/1395/1395
f 1393/1393/1393 1395/1395/1395 1396/1396/1396
f 1393/1393/1393 1397/1397/1397 1394/1394/1394
f 1393/1393/1393 1396/1396/1396 1398/1398/1398
f 1399/1399/1399 1394/1394/1394 1397/1397/1397
f 1398/1398/1398 1396/1396/1396 1399/1399/1399
f 1399/1399/1399 1397/1397/1397 1400/1400/1400
f 1398/1398/1398 1399/1399/1399 1400/1400/1400
f 1401/1401/1401 1402/1402/1402 1403/1403/1403
f 1404/1404/1404 1405/1405/1405 1406/1406/1406
f 1404/1404/1404 1407/1407/1407 1405/1405/1405
f 1408/1408/1408 1409/1409/1409 1410/1410/1410
f 1411/1411/1411 1412/1412/1412 1413/1413/1413
f 1411/1411/1411 1414/1414/1414 1412/1412/1412
f 1415/1415/1415 1416/1416/1416 1417/1417/1417
f 1415/1415/1415 1418/1418/1418 1416/1416/1416
f 1419/1419/1419 1420/1420/1420 1421/1421/1421
f 1419/1419/1419 1422/1422/1422 1420/1420/1420
f 1423/1423/1423 1424/1424/1424 1425/1425/1425
f 1426/1426/1426 1427/1427/1427 1428/1428/1428
f 1429/1429/1429 1430/1430/1430 1431/1431/1431
f 1432/1432/1432 1433/1433/1433 1434/1434/1434
f 1435/1435/1435 1436/1436/1436 1437/1437/1437
f 1438/1438/1438 1439/1439/1439 1440/1440/1440
f 1441/1441/1441 1442/1442/1442 1443/1443/1443
f 1444/1444/1444 1445/1445/1445 1446/1446/1446
f 1447/1447/1447 1448/1448/1448 1449/1449/1449
f 1450/1450/1450 1451/1451/1451 1452/1452/1452
f 1453/1453/1453 1454/1454/1454 1455/1455/1455
f 1456/1456/1456 1457/1457/1457 1458/1458/1458
f 1459/1459/1459 1460/1460/1460 1461/1461/1461
f 1462/1462/1462 1463/1463/1463 1464/1464/1464
f 1465/1465/1465 1466/1466/1466 1467/1467/1467
f 1468/1468/1468 1467/1467/1467 1466/1466/1466
f 1466/1466/1466 1469/1469/1469 1468/1468/1468
f 1465/1465/1465 1470/1470/1470 1466/1466/1466
f 1470/1470/1470 1471/1471/1471 1466/1466/1466
f 1465/1465/1465 1472/1472/1472 1470/1470/1470
f 1473/1473/1473 1474/1474/1474 1475/1475/1475
f 1476/1476/1476 1477/1477/1477 1478/1478/1478
f 1476/1476/1476 1479/1479/1479 1477/1477/1477
f 1480/1480/1480 1481/1481/1481 1482/1482/1482
f 1480/1480/1480 1483/1483/1483 1481/1481/1481
f 1484/1484/1484 1485/1485/1485 1486/1486/1486
f 1487/1487/1487 1488/1488/1488 1489/1489/1489
f 1490/1490/1490 1491/1491/1491 1492/1492/1492
f 1493/1493/1493 1494/1494/1494 1495/1495/1495
f 1496/1496/1496 1497/1497/1497 1498/1498/1498
f 1499/1499/1499 1500/1500/1500 1501/1501/1501
f 1502/1502/1502 1503/1503/1503 1504/1504/1504
f 1505/1505/1505 1506/1506/1506 1507/1507/1507
f 1508/1508/1508 1509/1509/1509 1510/1510/1510
f 1511/1511/1511 1512/1512/1512 1513/1513/1513
f 1514/1514/1514 1515/1515/1515 1516/1516/1516
f 1517/1517/1517 1518/1518/1518 1519/1519/1519
f 1520/1520/1520 1521/1521/1521 1522/1522/1522
f 1523/1523/1523 1524/1524/1524 1525/1525/1525
f 1526/1526/1526 1527/1527/1527 1528/1528/1528
f 1529/1529/1529 1530/1530/1530 1531/1531/1531
f 1532/1532/1532 1533/1533/1533 1534/1534/1534
f 1535/1535/1535 1536/1536/1536 1537/1537/1537
f 1538/1538/1538 1539/1539/1539 1536/1536/1536
f 1540/1540/1540 1541/1541/1541 1542/1542/1542
f 1543/1543/1543 1544/1544/1544 1545/1545/1545
f 1543/1543/1543 1546/1546/1546 1544/1544/1544
f 1547/1547/1547 1548/1548/1548 1549/1549/1549
f 1550/1550/1550 1551/1551/1551 1552/1552/1552
f 1553/1553/1553 1554/1554/1554 1555/1555/1555
f 1556/1556/1556 1557/1557/1557 1558/1558/1558
f 1559/1559/1559 1560/1560/1560 1561/1561/1561
f 1562/1562/1562 1563/1563/1563 1564/1564/1564
f 1565/1565/1565 1566/1566/1566 1567/1567/1567
f 1568/1568/1568 1569/1569/1569 1570/1570/1570
f 1571/1571/1571 1572/1572/1572 1573/1573/1573
f 1574/1574/1574 1575/1575/1575 1576/1576/1576
f 1577/1577/1577 1578/1578/1578 1579/1579/1579
f 1580/1580/1580 1581/1581/1581 1582/1582/1582
f 1580/1580/1580 1583/1583/1583 1581/1581/1581
f 1584/1584/1584 1585/1585/1585 1586/1586/1586
f 1587/1587/1587 1588/1588/1588 1589/1589/1589
f 1590/1590/1590 1591/1591/1591 1592/1592/1592
f 1590/1590/1590 1593/1593/1593 1591/1591/1591
f 1590/1590/1590 1594/1594/1594 1593/1593/1593
f 1591/1591/1591 1595/1595/1595 1592/1592/1592
f 1596/1596/1596 1592/1592/1592 1595/1595/1595
f 1597/1597/1597 1596/1596/1596 1595/1595/1595
f 1597/1597/1597 1595/1595/1595 1598/1598/1598
f 1599/1599/1599 1600/1600/1600 1601/1601/1601
f 1599/1599/1599 1602/1602/1602 1600/1600/1600
f 1603/1603/1603 1604/1604/1604 1605/1605/1605
f 1603/1603/1603 1606/1606/1606 1604/1604/1604
f 1607/1607/1607 1608/1608/1608 1609/1609/1609
f 1610/1610/1610 1611/1611/1611 1612/1612/1612
f 1610/1610/1610 1613/1613/1613 1611/1611/1611
f 1614/1614/1614 1615/1615/1615 1616/1616/1616
f 1617/1617/1617 1618/1618/1618 1619/1619/1619
f 1620/1620/1620 1621/1621/1621 1622/1622/1622
f 1623/1623/1623 1624/1624/1624 1625/1625/1625
f 1626/1626/1626 1627/1627/1627 1628/1628/1628
f 1629/1629/1629 1630/1630/1630 1631/1631/1631
f 1629/1629/1629 1632/1632/1632 1630/1630/1630
f 1633/1633/1633 1634/1634/1634 1635/1635/1635
f 1636/1636/1636 1637/1637/1637 1638/1638/1638
f 1639/1639/1639 1640/1640/1640 1641/1641/1641
f 1642/1642/1642 1643/1643/1643 1644/1644/1644
f 1645/1645/1645 1646/1646/1646 1647/1647/1647
f 1648/1648/1648 1649/1649/1649 1650/1650/1650
f 1651/1651/1651 1652/1652/1652 1653/1653/1653
f 1654/1654/1654 1655/1655/1655 1656/1656/1656
f 1657/1657/1657 1658/1658/1658 1659/1659/1659
f 1660/1660/1660 1661/1661/1661 1662/1662/1662
f 1663/1663/1663 1664/1664/1664 1665/1665/1665
f 1666/1666/1666 1667/1667/1667 1668/1668/1668
f 1666/1666/1666 1669/1669/1669 1667/1667/1667
f 1670/1670/1670 1671/1671/1671 1672/1672/1672
f 1673/1673/1673 1674/1674/1674 1675/1675/1675
f 1676/1676/1676 1677/1677/1677 1678/1678/1678
f 1679/1679/1679 1680/1680/1680 1681/1681/1681
f 1679/1679/1679 1682/1682/1682 1680/1680/1680
f 1683/1683/1683 1684/1684/1684 1685/1685/1685
f 1683/1683/1683 1686/1686/1686 1684/1684/1684
f 1687/1687/1687 1688/1688/1688 1689/1689/1689
f 1687/1687/1687 1690/1690/1690 1688/1688/1688
f 1691/1691/1691 1692/1692/1692 1693/1693/1693
f 1691/1691/1691 1694/1694/1694 1692/1692/1692
f 1695/1695/1695 1696/1696/1696 1697/1697/1697
f 1698/1698/1698 1699/1699/1699 1700/1700/1700
f 1701/1701/1701 1702/1702/1702 1703/1703/1703
f 1701/1701/1701 1704/1704/1704 1702/1702/1702
f 1705/1705/1705 1704/1704/1704 1701/1701/1701
f 1705/1705/1705 1706/1706/1706 1704/1704/1704
f 1707/1707/1707 1708/1708/1708 1709/1709/1709
f 1707/1707/1707 1710/1710/1710 1708/1708/1708
f 1711/1711/1711 1712/1712/1712 1713/1713/1713
f 1711/1711/1711 1714/1714/1714 1712/1712/1712
f 1715/1715/1715 1716/1716/1716 1717/1717/1717
f 1718/1718/1718 1719/1719/1719 1720/1720/1720
f 1721/1721/1721 1722/1722/1722 1723/1723/1723
f 1724/1724/1724 1725/1725/1725 1726/1726/1726
f 1727/1727/1727 1728/1728/1728 1729/1729/1729
f 1730/1730/1730 1731/1731/1731 1732/1732/1732
f 1733/1733/1733 1734/1734/1734 1735/1735/1735
f 1736/1736/1736 1737/1737/1737 1738/1738/1738
f 1739/1739/1739 1740/1740/1740 1741/1741/1741
f 1742/1742/1742 1743/1743/1743 1744/1744/1744
f 1745/1745/1745 1746/1746/1746 1747/1747/1747
f 1748/1748/1748 1749/1749/1749 1750/1750/1750
f 1748/1748/1748 1751/1751/1751 1749/1749/1749
f 1752/1752/1752 1753/1753/1753 1754/1754/1754
f 1752/1752/1752 1755/1755/1755 1753/1753/1753
f 1756/1756/1756 1757/1757/1757 1758/1758/1758
f 1759/1759/1759 1760/1760/1760 1761/1761/1761
f 1762/1762/1762 1763/1763/1763 1764/1764/1764
f 1762/1762/1762 1765/1765/1765 1763/1763/1763
f 1766/1766/1766 1767/1767/1767 1768/1768/1768
f 1769/1769/1769 1770/1770/1770 1771/1771/1771
f 1772/1772/1772 1773/1773/1773 1774/1774/1774
f 1775/1775/1775 1776/1776/1776 1777/1777/1777
f 1778/1778/1778 1779/1779/1779 1780/1780/1780
f 1781/1781/1781 1780/1780/1780 1779/1779/1779
f 1778/1778/1778 1782/1782/1782 1779/1779/1779
f 1783/1783/1783 1784/1784/1784 1785/1785/1785
f 1786/1786/1786 1787/1787/1787 1788/1788/1788
f 1789/1789/1789 1790/1790/1790 1791/1791/1791
f 1789/1789/1789 1792/1792/1792 1790/1790/1790
f 1793/1793/1793 1794/1794/1794 1795/1795/1795
f 1796/1796/1796 1797/1797/1797 1798/1798/1798
f 1796/1796/1796 1799/1799/1799 1797/1797/1797
f 1800/1800/1800 1801/1801/1801 1802/1802/1802
f 1803/1803/1803 1804/1804/1804 1805/1805/1805
f 1806/1806/1806 1807/1807/1807 1808/1808/1808
f 1809/1809/1809 1810/1810/1810 1811/1811/1811
f 1812/1812/1812 1813/1813/1813 1814/1814/1814
f 1815/1815/1815 1816/1816/1816 1817/1817/1817
f 1818/1818/1818 1819/1819/1819 1820/1820/1820
f 1818/1818/1818 1821/1821/1821 1819/1819/1819
f 1822/1822/1822 1823/1823/1823 1824/1824/1824
f 1825/1825/1825 1826/1826/1826 1827/1827/1827
f 1826/1826/1826 1828/1828/1828 1827/1827/1827
f 1829/1829/1829 1830/1830/1830 1831/1831/1831
f 1832/1832/1832 1833/1833/1833 1834/1834/1834
f 1835/1835/1835 1836/1836/1836 1837/1837/1837
f 1838/1838/1838 1839/1839/1839 1840/1840/1840
f 1838/1838/1838 1841/1841/1841 1839/1839/1839
f 1842/1842/1842 1843/1843/1843 1844/1844/1844
f 1845/1845/1845 1846/1846/1846 1847/1847/1847
f 1848/1848/1848 1849/1849/1849 1850/1850/1850
f 1848/1848/1848 1851/1851/1851 1849/1849/1849
f 1852/1852/1852 1853/1853/1853 1854/1854/1854
f 1852/1852/1852 1855/1855/1855 1853/1853/1853
f 1856/1856/1856 1857/1857/1857 1858/1858/1858
f 1859/1859/1859 1860/1860/1860 1861/1861/1861
f 1862/1862/1862 1863/1863/1863 1864/1864/1864
f 1865/1865/1865 1866/1866/1866 1867/1867/1867
f 1868/1868/1868 1869/1869/1869 1870/1870/1870
f 1871/1871/1871 1870/1870/1870 1869/1869/1869
f 1868/1868/1868 1872/1872/1872 1869/1869/1869
f 1873/1873/1873 1872/1872/1872 1868/1868/1868
f 1874/1874/1874 1873/1873/1873 1868/1868/1868
f 1875/1875/1875 1874/1874/1874 1868/1868/1868
f 1868/1868/1868 1876/1876/1876 1875/1875/1875
f 1877/1877/1877 1878/1878/1878 1879/1879/1879
f 1880/1880/1880 1881/1881/1881 1882/1882/1882
f 1883/1883/1883 1884/1884/1884 1885/1885/1885
f 1886/1886/1886 1887/1887/1887 1888/1888/1888
f 1887/1887/1887 1889/1889/1889 1890/1890/1890
f 1891/1891/1891 1892/1892/1892 1893/1893/1893
f 1894/1894/1894 1895/1895/1895 1896/1896/1896
f 1897/1897/1897 1894/1894/1894 1896/1896/1896
f 1898/1898/1898 1899/1899/1899 1900/1900/1900
f 1900/1900/1900 1901/1901/1901 1898/1898/1898
f 1902/1902/1902 1901/1901/1901 1903/1903/1903
f 1904/1904/1904 1905/1905/1905 1906/1906/1906
f 1907/1907/1907 1906/1906/1906 1905/1905/1905
f 1908/1908/1908 1909/1909/1909 1910/1910/1910
f 1911/1911/1911 1912/1912/1912 1910/1910/1910
f 1912/1912/1912 1911/1911/1911 1913/1913/1913
f 1914/1914/1914 1915/1915/1915 1916/1916/1916
f 1917/1917/1917 1914/1914/1914 1916/1916/1916
f 1915/1915/1915 1918/1918/1918 1919/1919/1919
f 1920/1920/1920 1921/1921/1921 1922/1922/1922
f 1922/1922/1922 1923/1923/1923 1920/1920/1920
f 1924/1924/1924 1923/1923/1923 1925/1925/1925
f 1926/1926/1926 1927/1927/1927 1928/1928/1928
f 1929/1929/1929 1928/1928/1928 1927/1927/1927
f 1930/1930/1930 1931/1931/1931 1932/1932/1932
f 1933/1933/1933 1934/1934/1934 1932/1932/1932
f 1934/1934/1934 1933/1933/1933 1935/1935/1935
f 1936/1936/1936 1937/1937/1937 1938/1938/1938
f 1938/1938/1938 1939/1939/1939 1936/1936/1936
f 1940/1940/1940 1941/1941/1941 1942/1942/1942
f 1943/1943/1943 1942/1942/1942 1941/1941/1941
f 1944/1944/1944 1945/1945/1945 1940/1940/1940
f 1946/1946/1946 1947/1947/1947 1948/1948/1948
f 1949/1949/1949 1950/1950/1950 1951/1951/1951
f 1951/1951/1951 1952/1952/1952 1949/1949/1949
f 1953/1953/1953 1954/1954/1954 1955/1955/1955
f 1956/1956/1956 1955/1955/1955 1954/1954/1954
f 1957/1957/1957 1958/1958/1958 1953/1953/1953
f 1959/1959/1959 1960/1960/1960 1961/1961/1961
f 1960/1960/1960 1962/1962/1962 1961/1961/1961
f 1959/1959/1959 1963/1963/1963 1960/1960/1960
f 1960/1960/1960 1964/1964/1964 1962/1962/1962
f 1965/1965/1965 1963/1963/1963 1959/1959/1959
f 1964/1964/1964 1965/1965/1965 1962/1962/1962
f 1965/1965/1965 1966/1966/1966 1963/1963/1963
f 1964/1964/1964 1966/1966/1966 1965/1965/1965
f 1967/1967/1967 1968/1968/1968 1969/1969/1969
f 1967/1967/1967 1970/1970/1970 1968/1968/1968
f 1971/1971/1971 1972/1972/1972 1973/1973/1973
f 1974/1974/1974 1975/1975/1975 1976/1976/1976
f 1977/1977/1977 1978/1978/1978 1979/1979/1979
f 1980/1980/1980 1981/1981/1981 1982/1982/1982
f 1983/1983/1983 1984/1984/1984 1985/1985/1985
f 1986/1986/1986 1987/1987/1987 1988/1988/1988
f 1989/1989/1989 1990/1990/1990 1991/1991/1991
f 1989/1989/1989 1992/1992/1992 1990/1990/1990
f 1993/1993/1993 1994/1994/1994 1995/1995/1995
f 1996/1996/1996 1997/1997/1997 1998/1998/1998
f 1999/1999/1999 2000/2000/2000 2001/2001/2001
f 2002/2002/2002 2003/2003/2003 2004/2004/2004
f 2005/2005/2005 2006/2006/2006 2007/2007/2007
f 2008/2008/2008 2009/2009/2009 2010/2010/2010
f 2008/2008/2008 2011/2011/2011 2009/2009/2009
f 2012/2012/2012 2013/2013/2013 2014/2014/2014
f 2012/2012/2012 2015/2015/2015 2013/2013/2013
f 2016/2016/2016 2017/2017/2017 2018/2018/2018
f 2019/2019/2019 2020/2020/2020 2021/2021/2021
f 2022/2022/2022 2023/2023/2023 2024/2024/2024
f 2025/2025/2025 2026/2026/2026 2027/2027/2027
f 2028/2028/2028 2029/2029/2029 2030/2030/2030
f 2031/2031/2031 2032/2032/2032 2033/2033/2033
f 2034/2034/2034 2035/2035/2035 2036/2036/2036
f 2034/2034/2034 2037/2037/2037 2035/2035/2035
f 2038/2038/2038 2039/2039/2039 2040/2040/2040
f 2038/2038/2038 2041/2041/2041 2039/2039/2039
f 2042/2042/2042 2043/2043/2043 2044/2044/2044
f 2045/2045/2045 2046/2046/2046 2047/2047/2047
f 2048/2048/2048 2049/2049/2049 2050/2050/2050
f 2051/2051/2051 2052/2052/2052 2053/2053/2053
f 2054/2054/2054 2055/2055/2055 2056/2056/2056
f 2057/2057/2057 2058/2058/2058 2059/2059/2059
f 2060/2060/2060 2061/2061/2061 2062/2062/2062
f 2063/2063/2063 2064/2064/2064 2065/2065/2065
f 2066/2066/2066 2067/2067/2067 2068/2068/2068
f 2069/2069/2069 2070/2070/2070 2071/2071/2071
f 2069/2069/2069 2072/2072/2072 2070/2070/2070
f 2073/2073/2073 2074/2074/2074 2075/2075/2075
f 2073/2073/2073 2076/2076/2076 2074/2074/2074
f 2077/2077/2077 2078/2078/2078 2079/2079/2079
f 2080/2080/2080 2081/2081/2081 2082/2082/2082
f 2083/2083/2083 2084/2084/2084 2085/2085/2085
f 2086/2086/2086 2087/2087/2087 2088/2088/2088
f 2089/2089/2089 2086/2086/2086 2088/2088/2088
f 2090/2090/2090 2091/2091/2091 2092/2092/2092
f 2090/2090/2090 2093/2093/2093 2091/2091/2091
f 2094/2094/2094 2090/2090/2090 2092/2092/2092
f 2095/2095/2095 2096/2096/2096 2097/2097/2097
f 2095/2095/2095 2098/2098/2098 2096/2096/2096
f 2099/2099/2099 2100/2100/2100 2101/2101/2101
f 2099/2099/2099 2102/2102/2102 2100/2100/2100
f 2103/2103/2103 2104/2104/2104 2105/2105/2105
f 2106/2106/2106 2107/2107/2107 2108/2108/2108
f 2106/2106/2106 2109/2109/2109 2107/2107/2107
f 2110/2110/2110 2111/2111/2111 2112/2112/2112
f 2113/2113/2113 2114/2114/2114 2115/2115/2115
f 2116/2116/2116 2117/2117/2117 2118/2118/2118
f 2116/2116/2116 2118/2118/2118 2119/2119/2119
f 2120/2120/2120 2121/2121/2121 2122/2122/2122
f 2123/2123/2123 2124/2124/2124 2125/2125/2125
f 2126/2126/2126 2127/2127/2127 2128/2128/2128
f 2129/2129/2129 2130/2130/2130 2131/2131/2131
f 2132/2132/2132 2133/2133/2133 2134/2134/2134
f 2132/2132/2132 2135/2135/2135 2133/2133/2133
f 2132/2132/2132 2136/2136/2136 2135/2135/2135
f 2137/2137/2137 2138/2138/2138 2139/2139/2139
f 2137/2137/2137 2140/2140/2140 2138/2138/2138
f 2141/2141/2141 2142/2142/2142 2139/2139/2139
f 2143/2143/2143 2144/2144/2144 2145/2145/2145
f 2145/2145/2145 2146/2146/2146 2143/2143/2143
f 2147/2147/2147 2148/2148/2148 2144/2144/2144
f 2143/2143/2143 2149/2149/2149 2147/2147/2147
f 2143/2143/2143 2150/2150/2150 2149/2149/2149
f 2151/2151/2151 2152/2152/2152 2153/2153/2153
f 2154/2154/2154 2155/2155/2155 2156/2156/2156
f 2157/2157/2157 2158/2158/2158 2154/2154/2154
f 2157/2157/2157 2154/2154/2154 2159/2159/2159
f 2154/2154/2154 2160/2160/2160 2159/2159/2159
f 2160/2160/2160 2161/2161/2161 2159/2159/2159
f 2162/2162/2162 2163/2163/2163 2164/2164/2164
f 2164/2164/2164 2165/2165/2165 2162/2162/2162
f 2164/2164/2164 2166/2166/2166 2165/2165/2165
f 2164/2164/2164 2167/2167/2167 2168/2168/2168
f 2169/2169/2169 2170/2170/2170 2171/2171/2171
f 2171/2171/2171 2172/2172/2172 2173/2173/2173
f 2174/2174/2174 2175/2175/2175 2176/2176/2176
f 2177/2177/2177 2178/2178/2178 2179/2179/2179
f 2177/2177/2177 2179/2179/2179 2180/2180/2180
f 2181/2181/2181 2182/2182/2182 2183/2183/2183
f 2184/2184/2184 2185/2185/2185 2186/2186/2186
f 2184/2184/2184 2187/2187/2187 2185/2185/2185
f 2188/2188/2188 2189/2189/2189 2190/2190/2190
f 2191/2191/2191 2192/2192/2192 2193/2193/2193
f 2194/2194/2194 2195/2195/2195 2196/2196/2196
f 2197/2197/2197 2198/2198/2198 2199/2199/2199
f 2200/2200/2200 2201/2201/2201 2202/2202/2202
f 2203/2203/2203 2204/2204/2204 2205/2205/2205
f 2206/2206/2206 2207/2207/2207 2208/2208/2208
f 2209/2209/2209 2210/2210/2210 2211/2211/2211
f 2212/2212/2212 2213/2213/2213 2214/2214/2214
f 2215/2215/2215 2216/2216/2216 2217/2217/2217
f 2215/2215/2215 2218/2218/2218 2216/2216/2216
f 2219/2219/2219 2220/2220/2220 2221/2221/2221
f 2219/2219/2219 2222/2222/2222 2220/2220/2220
f 2223/2223/2223 2224/2224/2224 2225/2225/2225
f 2223/2223/2223 2226/2226/2226 2224/2224/2224
f 2227/2227/2227 2228/2228/2228 2229/2229/2229
f 2230/2230/2230 2231/2231/2231 2232/2232/2232
f 2233/2233/2233 2234/2234/2234 2235/2235/2235
f 2236/2236/2236 2237/2237/2237 2238/2238/2238
f 2236/2236/2236 2239/2239/2239 2237/2237/2237
f 2240/2240/2240 2241/2241/2241 2242/2242/2242
f 2240/2240/2240 2243/2243/2243 2241/2241/2241
f 2244/2244/2244 2245/2245/2245 2246/2246/2246
f 2244/2244/2244 2247/2247/2247 2245/2245/2245
f 2248/2248/2248 2249/2249/2249 2250/2250/2250
f 2248/2248/2248 2251/2251/2251 2249/2249/2249
f 2252/2252/2252 2253/2253/2253 2254/2254/2254
f 2252/2252/2252 2255/2255/2255 2253/2253/2253
f 2256/2256/2256 2257/2257/2257 2258/2258/2258
f 2256/2256/2256 2259/2259/2259 2257/2257/2257
f 2260/2260/2260 2261/2261/2261 2262/2262/2262
f 2260/2260/2260 2263/2263/2263 2261/2261/2261
f 2264/2264/2264 2265/2265/2265 2266/2266/2266
f 2267/2267/2267 2268/2268/2268 2266/2266/2266
f 2269/2269/2269 2270/2270/2270 2271/2271/2271
f 2272/2272/2272 2273/2273/2273 2274/2274/2274
f 2272/2272/2272 2275/2275/2275 2273/2273/2273
f 2276/2276/2276 2277/2277/2277 2278/2278/2278
f 2276/2276/2276 2279/2279/2279 2277/2277/2277
f 2280/2280/2280 2281/2281/2281 2282/2282/2282
f 2280/2280/2280 2283/2283/2283 2281/2281/2281
f 2284/2284/2284 2285/2285/2285 2286/2286/2286
f 2284/2284/2284 2287/2287/2287 2285/2285/2285
f 2288/2288/2288 2289/2289/2289 2290/2290/2290
f 2291/2291/2291 2292/2292/2292 2293/2293/2293
f 2294/2294/2294 2295/2295/2295 2296/2296/2296
f 2297/2297/2297 2298/2298/2298 2299/2299/2299
f 2300/2300/2300 2301/2301/2301 2302/2302/2302
f 2303/2303/2303 2304/2304/2304 2305/2305/2305
f 2303/2303/2303 2306/2306/2306 2304/2304/2304
f 2307/2307/2307 2308/2308/2308 2309/2309/2309
f 2310/2310/2310 2311/2311/2311 2312/2312/2312
f 2313/2313/2313 2314/2314/2314 2315/2315/2315
f 2316/2316/2316 2317/2317/2317 2318/2318/2318
f 2319/2319/2319 2320/2320/2320 2321/2321/2321
f 2319/2319/2319 2322/2322/2322 2320/2320/2320
