# Blender 5.2.0 LTS
# www.blender.org
mtllib untitMAG.mtl
o Mesh
v -27.291252 -65.999649 24.339655
v -33.822521 -54.463764 30.821642
v -37.116341 -56.811817 26.717611
v -23.997427 -63.651630 28.443691
v 33.822498 -54.463779 30.821650
v 27.291229 -65.999664 24.339664
v 37.116322 -56.811817 26.717619
v 23.997408 -63.651630 28.443697
v 13.284109 -66.360016 23.824608
v -13.284119 -63.151443 10.427079
v 13.284111 -63.151443 10.427083
v -13.284121 -66.360016 23.824604
v 12.979936 -62.225693 10.032552
v -13.284118 -62.856461 9.205483
v 13.284112 -62.856461 9.205487
v -12.979940 -62.225693 10.032548
v -24.938234 -50.968929 -28.064392
v -37.116341 -56.811817 26.717611
v -33.916264 -42.573170 -25.891441
v -24.938234 -50.968929 -28.064392
v -27.291252 -65.999649 24.339655
v -37.116341 -56.811817 26.717611
v 37.116322 -56.811817 26.717619
v 24.938513 -50.968929 -28.064384
v 33.916557 -42.573193 -25.891432
v 37.116322 -56.811817 26.717619
v 27.291229 -65.999664 24.339664
v 24.938513 -50.968929 -28.064384
v -25.965839 -49.151043 -31.686089
v -33.916264 -42.522831 -26.118858
v -32.888657 -42.677212 -30.010574
v -24.938231 -49.304165 -35.583458
v -25.965839 -49.151043 -31.686089
v -25.965839 -48.343227 -35.334755
v -33.916264 -40.908428 -33.410515
v -32.888657 -42.677212 -30.010574
v -33.916264 -42.522831 -26.118858
v -32.888657 -41.869404 -33.659225
v -24.938231 -49.304165 -35.583458
v -24.938232 -50.918560 -28.291809
v -25.965839 -49.151043 -31.686089
v -25.965839 -49.151043 -31.686089
v -24.938232 -50.918560 -28.291809
v -33.916264 -42.522831 -26.118858
v 33.916557 -40.908451 -33.410511
v 32.888947 -42.677235 -30.010565
v 32.888947 -41.869404 -33.659218
v 24.938515 -49.304165 -35.583450
v 25.966120 -49.151043 -31.686081
v 24.938513 -50.918560 -28.291801
v 33.916557 -40.908451 -33.410511
v 33.916561 -42.522846 -26.118849
v 32.888947 -42.677235 -30.010565
v 24.938515 -49.304165 -35.583450
v 25.966124 -48.343227 -35.334747
v 25.966120 -49.151043 -31.686081
v 32.888947 -42.677235 -30.010565
v 24.938513 -50.918560 -28.291801
v 25.966120 -49.151043 -31.686081
v 32.888947 -42.677235 -30.010565
v 33.916561 -42.522846 -26.118849
v 24.938513 -50.918560 -28.291801
v -25.922209 -48.336285 -34.742790
v -32.749107 -42.616070 -30.091934
v -32.749107 -41.952175 -33.090477
v -25.922209 -48.336285 -34.742790
v -25.922209 -49.000195 -31.744255
v -32.749107 -42.616070 -30.091934
v 25.922493 -48.336285 -34.742783
v 32.749397 -42.616077 -30.091932
v 25.922497 -49.000195 -31.744247
v 25.922493 -48.336285 -34.742783
v 32.749397 -41.952175 -33.090469
v 32.749397 -42.616077 -30.091932
v 13.284112 -62.856461 9.205487
v -12.138701 -50.173519 -28.056364
v 12.138995 -50.173519 -28.056360
v -13.284118 -62.856461 9.205483
v 11.878834 -47.855511 -36.230476
v -9.009858 -37.891926 -45.145557
v 9.010157 -37.891926 -45.145554
v -11.878538 -47.855511 -36.230480
v -6.971608 62.787575 -7.125004
v -5.189332 62.787575 -5.426464
v 4.839947 62.787575 -7.125002
v 3.231444 62.787575 -5.426463
v -6.934022 62.787582 12.176472
v -5.189332 62.787575 -5.426464
v -9.305189 62.787575 5.271022
v -5.189332 62.787575 -5.426464
v -6.971608 62.787575 -7.125004
v -9.305189 62.787575 5.271022
v 4.839948 62.787582 5.208471
v 3.231444 62.787575 -5.426463
v 3.231445 62.787582 5.208471
v -9.305189 62.787575 5.271022
v -9.305195 62.787582 12.176471
v -6.934022 62.787582 12.176472
v -11.878540 -49.832623 -27.974722
v 11.878834 -47.855511 -36.230476
v 11.878832 -49.832623 -27.974718
v -11.878538 -47.855511 -36.230480
v 4.839944 62.787579 29.951212
v 3.231443 62.787582 12.326711
v 3.231440 62.787579 35.047585
v 4.839946 62.787582 15.514639
v 4.839947 62.787582 12.326712
v 3.231443 62.787582 12.326711
v 4.839944 62.787579 29.951212
v 4.839948 62.787582 5.208471
v 4.839947 62.787575 -7.125002
v 3.231444 62.787575 -5.426463
v 4.839943 62.787579 37.700783
v 4.839944 62.787579 29.951212
v 3.231440 62.787579 35.047585
v -13.284118 -62.856461 9.205483
v -32.866371 -46.685959 14.350654
v -33.636581 -46.952576 13.624778
v -12.979940 -62.225693 10.032548
v 13.284112 -62.856461 9.205487
v 32.866364 -46.685959 14.350664
v 12.979936 -62.225693 10.032552
v 33.636566 -46.952576 13.624788
v -24.509733 -47.243618 -27.100227
v -29.932594 -41.534939 -28.667274
v -24.509729 -46.606091 -29.979759
v -24.509733 -47.243618 -27.100227
v -29.932594 -42.172489 -25.787743
v -29.932594 -41.534939 -28.667274
v 24.510015 -46.606091 -29.979759
v 29.932880 -42.172497 -25.787733
v 24.510019 -47.243633 -27.100220
v -13.284119 -63.151443 10.427079
v -33.636581 -50.463017 28.275080
v -33.636581 -47.247543 14.846374
v -13.284121 -66.360016 23.824604
v 24.510015 -46.606091 -29.979759
v 29.932880 -41.534939 -28.667265
v 29.932880 -42.172497 -25.787733
v 13.284111 -63.151443 10.427083
v 33.636566 -50.463017 28.275091
v 13.284109 -66.360016 23.824608
v 33.636566 -47.247543 14.846384
v 5.218292 56.921825 37.692936
v -5.067710 56.713947 39.661144
v 5.218291 56.713947 39.661144
v -5.067709 56.921825 37.692936
v 24.938515 -49.304165 -35.583450
v 15.026968 -34.481274 -44.843094
v 23.238138 -45.012135 -38.197685
v -24.938231 -49.304165 -35.583458
v -23.237852 -45.012127 -38.197693
v -13.845918 -34.481266 -44.843098
v 24.938515 -49.304165 -35.583450
v 23.238138 -45.012135 -38.197685
v 25.966124 -48.343227 -35.334747
v 33.916557 -40.908451 -33.410511
v 32.888947 -41.869404 -33.659218
v 30.160959 -38.538311 -36.522156
v -33.916264 -40.908428 -33.410515
v -30.160667 -38.538288 -36.522163
v -32.888657 -41.869404 -33.659225
v -24.938231 -49.304165 -35.583458
v -25.965839 -48.343227 -35.334755
v -23.237852 -45.012127 -38.197693
v -21.765764 -44.726398 -32.914215
v -28.688578 -39.556126 -25.351028
v -28.688578 -38.252583 -31.238701
v 28.688869 -38.252605 -31.238707
v 21.766043 -46.029964 -27.026550
v 21.766045 -44.726421 -32.914215
v 28.688869 -39.556149 -25.351019
v -21.765764 -44.726398 -32.914215
v -21.765766 -46.029964 -27.026558
v -28.688578 -39.556126 -25.351028
v 33.636566 -46.952576 13.624788
v 12.138995 -50.173519 -28.056360
v 30.736803 -35.647064 -23.989576
v -12.138701 -50.173519 -28.056364
v -33.636581 -46.952576 13.624778
v -30.736504 -35.647064 -23.989586
v 33.636566 -46.952576 13.624788
v 13.284112 -62.856461 9.205487
v 12.138995 -50.173519 -28.056360
v -12.138701 -50.173519 -28.056364
v -13.284118 -62.856461 9.205483
v -33.636581 -46.952576 13.624778
v -7.572989 66.360016 37.700790
v -5.773041 65.596611 37.700790
v -5.928901 65.596611 15.643848
v -11.878538 -47.855511 -36.230480
v -22.813999 -27.109722 -42.127071
v -9.009858 -37.891926 -45.145557
v -30.077751 -33.640362 -32.250954
v 22.814301 -27.109722 -42.127068
v 11.878834 -47.855511 -36.230476
v 9.010157 -37.891926 -45.145554
v 30.078051 -33.640362 -32.250942
v -7.572989 66.360016 37.700790
v -5.928901 65.596611 15.643848
v -7.572986 66.360016 15.643848
v -30.077753 -35.617493 -23.995186
v -11.878538 -47.855511 -36.230480
v -11.878540 -49.832623 -27.974722
v -30.077751 -33.640362 -32.250954
v 30.078049 -35.617493 -23.995176
v 11.878834 -47.855511 -36.230476
v 30.078051 -33.640362 -32.250942
v 11.878832 -49.832623 -27.974718
v 3.168392 56.921825 35.052967
v -5.067709 56.921825 37.692936
v 5.218292 56.921825 37.692936
v 3.168392 56.921825 35.052967
v -5.067709 56.921825 35.052967
v -5.067709 56.921825 37.692936
v -37.116337 -5.769534 39.928120
v -23.997421 -0.394016 44.815712
v -27.291237 3.418309 42.306087
v -33.822517 -9.581866 42.437748
v 27.291212 3.418317 42.306095
v 33.822483 -9.581851 42.437771
v 37.116302 -5.769526 39.928131
v 23.997383 -0.394001 44.815720
v 4.839943 62.787579 37.700783
v 9.487093 62.787579 37.700790
v 7.153512 65.959015 37.164886
v -31.419275 -43.188641 -27.837212
v -25.922209 -49.000195 -31.744255
v -25.996414 -48.259777 -29.149696
v -32.749107 -42.616070 -30.091934
v 25.922497 -49.000195 -31.744247
v 31.419565 -43.188663 -27.837202
v 25.996695 -48.259777 -29.149689
v 25.922497 -49.000195 -31.744247
v 32.749397 -42.616077 -30.091932
v 31.419565 -43.188663 -27.837202
v 15.026968 -34.481274 -44.843094
v 30.160959 -38.538311 -36.522156
v 23.238138 -45.012135 -38.197685
v 22.178957 -27.793156 -43.112091
v 7.153517 64.867126 5.208472
v 9.487093 62.787575 5.271025
v 7.153515 64.867119 -7.125001
v -6.971608 59.673500 -7.125012
v -8.679184 58.536453 -6.957654
v -8.412676 58.393505 0.744357
v 7.153513 59.673500 -7.125010
v 8.594580 58.393505 0.744360
v 8.861090 58.536453 -6.957651
v -30.160667 -38.538288 -36.522163
v -13.845918 -34.481266 -44.843098
v -23.237852 -45.012127 -38.197693
v -20.997908 -27.793140 -43.112095
v 7.153516 64.867126 12.326712
v 9.487097 62.787582 15.514639
v 9.487097 62.787582 12.326712
v 7.153516 64.867126 12.326712
v 7.153516 64.867126 15.514639
v 9.487097 62.787582 15.514639
v -33.636581 -46.952576 13.624778
v -37.374260 -22.877687 20.966373
v -38.250111 -22.586382 20.395538
v -33.636581 -46.952576 13.624778
v -32.866371 -46.685959 14.350654
v -37.374260 -22.877687 20.966373
v 33.636566 -46.952576 13.624788
v 37.374252 -22.877687 20.966385
v 32.866364 -46.685959 14.350664
v 33.636566 -46.952576 13.624788
v 38.250103 -22.586382 20.395550
v 37.374252 -22.877687 20.966385
v -13.675592 -45.096539 -34.494465
v -24.938231 -49.304165 -35.583458
v -13.845918 -34.481266 -44.843098
v 7.247880 64.929489 29.825979
v 9.548820 62.777550 15.668135
v 7.247881 64.929489 15.668135
v 9.548818 62.777546 29.825979
v 13.675879 -45.096539 -34.494461
v 15.026968 -34.481274 -44.843094
v 24.938515 -49.304165 -35.583450
v -33.822517 -9.581866 42.437748
v -30.194773 -15.427356 37.428539
v -26.323801 -16.594212 40.622860
v 23.997408 -63.651630 28.443697
v 16.498697 -56.639286 30.258596
v 16.963568 -59.527058 26.014868
v 33.822498 -54.463779 30.821650
v 16.498697 -56.639286 30.258596
v 23.997408 -63.651630 28.443697
v 26.323792 -47.451435 32.636559
v -23.997427 -63.651630 28.443691
v -26.323811 -47.451435 32.636555
v -33.822521 -54.463764 30.821642
v -16.498716 -56.639286 30.258587
v 33.822483 -9.581851 42.437771
v 16.498684 -7.406360 43.000824
v 26.323782 -16.594204 40.622868
v 23.997383 -0.394001 44.815720
v 33.822483 -9.581851 42.437771
v 26.323782 -16.594204 40.622868
v 30.194748 -15.427341 37.428551
v -23.997421 -0.394016 44.815712
v -26.323801 -16.594212 40.622860
v -16.498711 -7.406360 43.000816
v -33.822517 -9.581866 42.437748
v -23.997427 -63.651630 28.443691
v -16.963587 -59.527058 26.014866
v -16.498716 -56.639286 30.258587
v 7.144674 65.078835 12.123693
v 9.575042 62.700935 5.475005
v 7.144675 65.078835 5.475005
v 9.575041 62.700935 12.123693
v 16.963568 -59.527058 26.014868
v 27.291229 -65.999664 24.339664
v 23.997408 -63.651630 28.443697
v -27.291252 -65.999649 24.339655
v -16.963587 -59.527058 26.014866
v -23.997427 -63.651630 28.443691
v 24.938515 -49.304165 -35.583450
v 13.675876 -46.710949 -27.202806
v 13.675879 -45.096539 -34.494461
v 24.938515 -49.304165 -35.583450
v 24.938513 -50.918560 -28.291801
v 13.675876 -46.710949 -27.202806
v -13.675593 -46.710949 -27.202810
v -24.938231 -49.304165 -35.583458
v -13.675592 -45.096539 -34.494465
v -24.938232 -50.918560 -28.291809
v 13.284109 -66.360016 23.824608
v -24.965986 -4.689403 41.089725
v -13.284121 -66.360016 23.824604
v -38.250111 -26.107386 35.093605
v -33.636581 -50.463017 28.275080
v -0.000008 3.769223 43.457771
v 33.636566 -50.463017 28.275091
v 24.965971 -4.689403 41.089733
v 38.250103 -26.107386 35.093616
v -0.000008 3.769223 43.457771
v 24.965971 4.313282 43.601200
v -0.000008 9.826694 45.144722
v -0.000008 3.769223 43.457771
v -24.965986 4.313282 43.601192
v -24.965986 -4.689403 41.089725
v -0.000008 3.769223 43.457771
v 24.965971 -4.689403 41.089733
v 24.965971 4.313282 43.601200
v -0.000008 3.769223 43.457771
v -0.000008 9.826694 45.144722
v -24.965986 4.313282 43.601192
v -5.596541 7.803036 43.693863
v 5.745195 13.245853 45.145550
v -5.596541 13.245853 45.145550
v 7.422019 49.753433 5.184659
v 9.487094 49.753429 29.074461
v 9.487098 49.753433 5.184659
v 7.422016 49.753429 29.074461
v 7.141925 60.561199 29.923555
v 4.839946 62.787582 15.514639
v 4.839944 62.787579 29.951212
v -5.596541 7.803036 43.693863
v 5.745194 7.803036 43.693863
v 5.745195 13.245853 45.145550
v 7.141925 60.561199 29.923555
v 7.141927 60.561203 15.329649
v 4.839946 62.787582 15.514639
v 10.452132 10.722356 41.482777
v 5.745194 7.803036 43.693863
v 10.452132 7.908688 41.177078
v -10.268955 10.722356 41.482773
v -10.268954 7.908688 41.177074
v -5.596541 7.803036 43.693863
v 33.916557 -40.908451 -33.410511
v 30.160959 -38.538311 -36.522156
v 22.178957 -27.793156 -43.112091
v -21.765764 -44.726398 -32.914215
v -30.160667 -38.538288 -36.522163
v -23.237852 -45.012127 -38.197693
v -28.688578 -38.252583 -31.238701
v 28.688869 -38.252605 -31.238707
v 23.238138 -45.012135 -38.197685
v 30.160959 -38.538311 -36.522156
v 21.766045 -44.726421 -32.914215
v -5.067710 56.713947 39.661144
v 5.218291 14.747251 38.888954
v 5.218291 56.713947 39.661144
v -5.067707 14.747251 38.888954
v 9.487094 62.787579 30.055021
v 7.153512 65.959015 37.164886
v 9.487093 62.787579 37.700790
v 9.487094 62.787579 30.055021
v 7.153513 65.959015 30.096338
v 7.153512 65.959015 37.164886
v -9.305199 62.787579 37.700787
v -5.773041 65.596611 37.700790
v -7.572989 66.360016 37.700790
v -9.305199 62.787579 37.700787
v -5.067708 62.787579 37.700787
v -5.773041 65.596611 37.700790
v 9.487093 62.787579 37.700790
v 4.839943 62.787579 37.700783
v 5.218292 56.921825 37.692936
v -9.305193 14.797269 37.590851
v -5.067707 14.797269 37.590851
v -5.067709 56.921825 37.692936
v 5.218292 56.921825 37.692936
v 5.218291 14.797269 37.590851
v 9.487087 14.797269 37.590855
v 9.487087 14.797269 37.590855
v 9.487093 62.787579 37.700790
v 5.218292 56.921825 37.692936
v -5.067708 62.787579 37.700787
v -9.305199 62.787579 37.700787
v -5.067709 56.921825 37.692936
v -9.305199 62.787579 37.700787
v -9.305193 14.797269 37.590851
v -5.067709 56.921825 37.692936
v 5.745195 13.245853 45.145550
v 5.745194 7.803036 43.693863
v 10.452132 10.722356 41.482777
v -10.268955 10.722356 41.482773
v -5.596541 7.803036 43.693863
v -5.596541 13.245853 45.145550
v -33.636581 -47.247543 14.846374
v -38.250111 -26.107386 35.093605
v -38.250111 -22.881357 21.617142
v -33.636581 -50.463017 28.275080
v 33.636566 -47.247543 14.846384
v 38.250103 -26.107386 35.093616
v 33.636566 -50.463017 28.275091
v 38.250103 -22.881357 21.617153
v -37.116337 -5.769534 39.928120
v -30.194773 -15.427356 37.428539
v -33.822517 -9.581866 42.437748
v 30.194748 -15.427341 37.428551
v 37.116302 -5.769526 39.928131
v 33.822483 -9.581851 42.437771
v -34.203182 -11.861471 -26.153967
v -22.813999 -27.109722 -42.127071
v -30.077751 -33.640362 -32.250954
v -25.943142 -10.590352 -37.502491
v 34.203472 -11.861471 -26.153957
v 22.814301 -27.109722 -42.127068
v 25.943443 -10.590352 -37.502483
v 30.078051 -33.640362 -32.250942
v 21.853170 -46.072071 -26.797005
v 24.510015 -46.606091 -29.979759
v 24.510019 -47.243633 -27.100220
v 21.853170 -44.704792 -32.972557
v -21.852888 -46.072071 -26.797012
v -24.509729 -46.606091 -29.979759
v -21.852882 -44.704792 -32.972565
v -24.509733 -47.243618 -27.100227
v 4.839947 62.787582 12.326712
v 7.153516 64.867126 15.514639
v 7.153516 64.867126 12.326712
v 4.839946 62.787582 15.514639
v 4.839948 62.787582 5.208471
v 7.153515 64.867119 -7.125001
v 4.839947 62.787575 -7.125002
v 4.839948 62.787582 5.208471
v 7.153517 64.867126 5.208472
v 7.153515 64.867119 -7.125001
v 4.906622 62.814606 29.825979
v 7.247881 64.929489 15.668135
v 4.906625 62.814610 15.668135
v 7.247880 64.929489 29.825979
v 4.671719 62.741890 12.123693
v 7.144675 65.078835 5.475005
v 4.671720 62.741890 5.475004
v 7.144674 65.078835 12.123693
v -24.965984 7.696096 29.471916
v -24.965984 -1.159090 26.349636
v -24.394316 -1.941042 26.784145
v 24.394308 -1.941042 26.784153
v 24.965973 -1.159090 26.349644
v 24.965973 7.696096 29.471924
v -30.736504 -35.647064 -23.989586
v -38.250111 -22.586382 20.395538
v -34.952290 -13.391196 -17.758902
v -30.736504 -35.647064 -23.989586
v -33.636581 -46.952576 13.624778
v -38.250111 -22.586382 20.395538
v 38.250103 -22.586382 20.395550
v 30.736803 -35.647064 -23.989576
v 34.952583 -13.391196 -17.758892
v 38.250103 -22.586382 20.395550
v 33.636566 -46.952576 13.624788
v 30.736803 -35.647064 -23.989576
v -38.250111 -22.586382 20.395538
v -24.394316 -1.941042 26.784145
v -24.965984 -1.159090 26.349636
v -37.374260 -22.877687 20.966373
v 38.250103 -22.586382 20.395550
v 24.394308 -1.941042 26.784153
v 37.374252 -22.877687 20.966385
v 24.965973 -1.159090 26.349644
v -32.133038 -42.472355 -27.561424
v -23.697041 -47.283627 -29.988686
v -25.210224 -48.946178 -29.236938
v -30.619850 -40.809795 -28.313164
v 32.133327 -42.472378 -27.561415
v 23.697321 -47.283627 -29.988678
v 30.620142 -40.809811 -28.313162
v 25.210503 -48.946209 -29.236931
v -33.916264 -40.908428 -33.410515
v -20.997908 -27.793140 -43.112095
v -30.160667 -38.538288 -36.522163
v -30.077751 -33.640362 -32.250954
v -34.203182 -13.838576 -17.898199
v -34.203182 -11.861471 -26.153967
v -30.077753 -35.617493 -23.995186
v 34.203472 -13.838576 -17.898190
v 30.078051 -33.640362 -32.250942
v 34.203472 -11.861471 -26.153957
v 30.078049 -35.617493 -23.995176
v -13.675592 -45.096539 -34.494465
v -13.845918 -34.481266 -44.843098
v -9.470550 -32.290623 -42.524227
v 13.675879 -45.096539 -34.494461
v 10.651601 -32.290623 -42.524223
v 15.026968 -34.481274 -44.843094
v 29.417068 -4.798819 -24.064800
v 21.569792 -1.592999 -35.940228
v 29.666670 0.938746 -26.344173
v 29.417068 -4.798819 -24.064800
v 19.571060 -7.100118 -36.004536
v 21.569792 -1.592999 -35.940228
v -29.416784 -4.798826 -24.064810
v -33.916264 5.733316 -21.338932
v -20.997896 -0.792936 -36.124035
v 33.916542 5.733324 -21.338907
v 29.417068 -4.798819 -24.064800
v 29.666670 0.938746 -26.344173
v 24.938513 -50.968929 -28.064384
v 16.963568 -59.527058 26.014868
v 15.501232 -45.054317 -26.533594
v 24.938513 -50.968929 -28.064384
v 27.291229 -65.999664 24.339664
v 16.963568 -59.527058 26.014868
v -16.963587 -59.527058 26.014866
v -24.938234 -50.968929 -28.064392
v -15.500950 -45.054317 -26.533598
v -16.963587 -59.527058 26.014866
v -27.291252 -65.999649 24.339655
v -24.938234 -50.968929 -28.064392
v 26.323782 -16.594204 40.622868
v 23.465893 -18.534594 36.624348
v 30.194748 -15.427341 37.428551
v -30.194773 -15.427356 37.428539
v -23.465912 -18.534601 36.624336
v -26.323801 -16.594212 40.622860
v -9.305199 40.629311 29.146017
v -10.665648 40.629314 22.402048
v -10.665648 40.629311 28.689703
v -9.305197 40.629314 21.945734
v -6.718918 40.629314 20.371264
v -9.305197 40.629314 20.371264
v -6.718920 40.629311 30.720484
v -9.305199 40.629311 30.720484
v 30.160944 4.923281 -25.273645
v 33.916542 5.733324 -21.338907
v 29.666670 0.938746 -26.344173
v -33.916264 5.733316 -21.338932
v -30.160662 4.923265 -25.273655
v -20.997896 -0.792936 -36.124035
v -29.416784 -4.798826 -24.064810
v -20.997896 -0.792936 -36.124035
v -18.263023 -5.251363 -35.526066
v 7.153513 41.281281 -7.125011
v 8.594580 40.001289 0.744359
v 8.861090 40.144234 -6.957653
v -9.305199 40.629311 29.146017
v -10.665648 40.629311 28.689703
v -10.665648 37.673801 28.689703
v -9.305199 35.718281 29.146017
v -6.971608 41.281281 -7.125013
v -8.679184 40.144234 -6.957655
v -8.412676 40.001289 0.744356
v 4.906622 62.814606 29.825979
v 9.548818 62.777546 29.825979
v 7.247880 64.929489 29.825979
v -9.305199 62.787579 37.700787
v -7.572986 66.360016 15.643848
v -9.305195 62.787582 12.176471
v -7.572989 66.360016 37.700790
v 7.711856 49.984554 29.466768
v 9.548818 62.777546 29.825979
v 4.906622 62.814606 29.825979
v -29.416784 -4.798826 -24.064810
v -33.916264 4.118913 -14.047276
v -33.916264 5.733316 -21.338932
v 7.711856 49.984554 29.466768
v 9.548818 49.984554 29.466768
v 9.548818 62.777546 29.825979
v -29.416784 -4.798826 -24.064810
v -29.416790 -6.413237 -16.773153
v -33.916264 4.118913 -14.047276
v 33.916542 5.733324 -21.338907
v 29.417067 -6.413222 -16.773144
v 29.417068 -4.798819 -24.064800
v 33.916542 4.118936 -14.047251
v 5.745195 13.245853 45.145550
v 10.452132 10.722356 41.482777
v 9.487087 14.797269 37.590855
v -10.268955 10.722356 41.482773
v -5.596541 13.245853 45.145550
v -9.305193 14.797269 37.590851
v 4.839944 62.787579 29.951212
v 7.153512 65.959015 37.164886
v 7.153513 65.959015 30.096338
v 4.839944 62.787579 29.951212
v 4.839943 62.787579 37.700783
v 7.153512 65.959015 37.164886
v -9.305198 38.096024 24.232843
v -10.665648 39.251556 23.725359
v -10.665648 37.673546 23.725359
v -9.305198 36.140499 24.232843
v 16.498684 -7.406360 43.000824
v 23.465893 -18.534594 36.624348
v 26.323782 -16.594204 40.622868
v 16.498684 -7.406360 43.000824
v 13.640792 -9.346744 39.002304
v 23.465893 -18.534594 36.624348
v -26.323801 -16.594212 40.622860
v -13.640817 -9.346744 39.002289
v -16.498711 -7.406360 43.000816
v -23.465912 -18.534601 36.624336
v -30.194773 -15.427356 37.428539
v -33.916260 4.068566 -13.819860
v -27.591431 -4.756613 -16.103947
v -30.194773 -15.427356 37.428539
v -37.116337 -5.769534 39.928120
v -33.916260 4.068566 -13.819860
v 33.916542 4.068574 -13.819849
v 30.194748 -15.427341 37.428551
v 27.591711 -4.756598 -16.103939
v 33.916542 4.068574 -13.819849
v 37.116302 -5.769526 39.928131
v 30.194748 -15.427341 37.428551
v -7.572986 66.360016 15.643848
v -6.934022 62.787582 12.176472
v -9.305195 62.787582 12.176471
v 19.571060 -7.100118 -36.004536
v 18.196747 -6.158963 -35.760952
v 21.569792 -1.592999 -35.940228
v 27.742352 -0.977514 -25.345470
v 34.203472 -11.861471 -26.153957
v 26.169085 -0.303419 -26.966335
v -28.679787 1.183335 -14.566593
v -29.932585 4.305414 -16.803097
v -28.679781 2.550630 -20.742130
v -28.679787 1.183335 -14.566593
v -29.932585 3.667863 -13.923565
v -29.932585 4.305414 -16.803097
v -16.933134 3.936496 -33.435703
v -6.820279 7.362795 -32.476501
v -4.401489 3.467936 -33.471611
v 28.680059 1.183351 -14.566585
v 29.932865 4.305421 -16.803095
v 29.932865 3.667878 -13.923556
v 28.680061 2.550638 -20.742123
v -9.009858 -37.891926 -45.145557
v 16.453932 -3.421048 -35.432117
v 9.010157 -37.891926 -45.145554
v -25.943142 -10.590352 -37.502491
v -16.933134 3.936496 -33.435703
v -4.401489 3.467936 -33.471611
v 25.943443 -10.590352 -37.502483
v 26.169085 -0.303419 -26.966335
v 34.203472 -11.861471 -26.153957
v 14.168317 -0.022367 -34.460308
v 16.453932 -3.421048 -35.432117
v -4.401489 3.467936 -33.471611
v -0.766800 5.034747 -33.030205
v 14.168317 -0.022367 -34.460308
v -4.401489 3.467936 -33.471611
v 16.453932 -3.421048 -35.432117
v 20.562504 -1.914662 -35.073719
v 25.943443 -10.590352 -37.502483
v 22.814301 -27.109722 -42.127068
v 9.010157 -37.891926 -45.145554
v 16.453932 -3.421048 -35.432117
v -9.009858 -37.891926 -45.145557
v -22.813999 -27.109722 -42.127071
v -4.401489 3.467936 -33.471611
v -22.813999 -27.109722 -42.127071
v -25.943142 -10.590352 -37.502491
v -4.401489 3.467936 -33.471611
v -9.009858 -37.891926 -45.145557
v -4.401489 3.467936 -33.471611
v 16.453932 -3.421048 -35.432117
v 25.943443 -10.590352 -37.502483
v 22.814301 -27.109722 -42.127068
v 16.453932 -3.421048 -35.432117
v 7.141929 60.561203 5.208471
v 3.231443 55.303810 12.176473
v 7.141928 60.561203 12.326712
v 7.141929 60.561203 5.208471
v 3.231445 55.303810 5.208470
v 3.231443 55.303810 12.176473
v -7.572986 66.360016 15.643848
v -5.928901 65.596611 15.643848
v -6.934022 62.787582 12.176472
v -7.911251 13.643206 -29.837364
v -15.314731 9.343500 -30.950205
v -15.970110 11.549456 -30.379267
v -7.911251 13.643206 -29.837364
v -6.719647 11.576571 -30.372238
v -15.314731 9.343500 -30.950205
v -0.940858 7.069796 -31.455467
v -0.663566 13.073183 -29.901688
v 2.885554 8.063929 -31.198164
v 3.056926 11.774218 -30.237883
v -1.782248 4.464846 -31.418297
v -6.719647 11.576571 -30.372238
v -3.516884 10.393251 -30.595291
v -0.940858 7.069796 -31.455467
v -3.516884 10.393251 -30.595291
v -0.663566 13.073183 -29.901688
v -24.938217 14.129053 -19.165987
v -23.237841 11.397081 -23.598131
v -25.965826 13.168108 -19.414692
v -33.916264 5.733316 -21.338932
v -32.888649 6.694276 -21.090214
v -30.160662 4.923265 -25.273655
v -1.782248 4.464846 -31.418297
v 2.885554 8.063929 -31.198164
v 5.058776 6.242205 -30.958296
v -1.782248 4.464846 -31.418297
v -0.940858 7.069796 -31.455467
v 2.885554 8.063929 -31.198164
v -23.237841 11.397081 -23.598131
v -20.997896 -0.792936 -36.124035
v -30.160662 4.923265 -25.273655
v 30.160944 4.923281 -25.273645
v 32.888931 6.694292 -21.090204
v 33.916542 5.733324 -21.338907
v 24.938503 14.129076 -19.165964
v 25.966110 13.168116 -19.414682
v 23.238123 11.397089 -23.598125
v -23.237841 11.397081 -23.598131
v -13.845914 5.895190 -34.393051
v -20.997896 -0.792936 -36.124035
v -1.782248 4.464846 -31.418297
v -3.516884 10.393251 -30.595291
v -0.940858 7.069796 -31.455467
v 5.365163 12.875643 -29.241453
v 2.885554 8.063929 -31.198164
v 3.056926 11.774218 -30.237883
v 5.365163 12.875643 -29.241453
v 5.058776 6.242205 -30.958296
v 2.885554 8.063929 -31.198164
v -1.286497 15.197985 -28.640404
v -3.516884 10.393251 -30.595291
v -6.719647 11.576571 -30.372238
v -25.943142 -10.590352 -37.502491
v -34.203182 -11.861471 -26.153967
v -22.324490 7.757250 -22.900171
v 25.943443 -10.590352 -37.502483
v 20.562504 -1.914662 -35.073719
v 26.169085 -0.303419 -26.966335
v -15.970110 11.549456 -30.379267
v -16.748192 8.387682 -28.411547
v -17.403568 10.593622 -27.840609
v -15.314731 9.343500 -30.950205
v -1.286497 15.197985 -28.640404
v -6.719647 11.576571 -30.372238
v -7.911251 13.643206 -29.837364
v -1.286497 15.197985 -28.640404
v -0.663566 13.073183 -29.901688
v -3.516884 10.393251 -30.595291
v -18.263023 -5.251363 -35.526066
v -13.845914 5.895190 -34.393051
v -9.470545 2.970843 -33.398026
v -20.997896 -0.792936 -36.124035
v -25.943142 -10.590352 -37.502491
v -22.324490 7.757250 -22.900171
v -16.933134 3.936496 -33.435703
v -1.286497 15.197985 -28.640404
v 3.056926 11.774218 -30.237883
v -0.663566 13.073183 -29.901688
v 5.365163 12.875643 -29.241453
v 24.938503 14.129076 -19.165964
v 23.238123 11.397089 -23.598125
v 22.225677 12.083574 -23.512852
v 26.169085 -0.303419 -26.966335
v 22.324783 7.757250 -22.900166
v 27.742352 -0.977514 -25.345470
v 16.498697 -56.639286 30.258596
v 13.640804 -53.234623 27.643450
v 16.963568 -59.527058 26.014868
v 26.169085 -0.303419 -26.966335
v 21.557943 7.329668 -24.905178
v 22.324783 7.757250 -22.900166
v -16.963587 -59.527058 26.014866
v -13.640823 -53.234623 27.643450
v -16.498716 -56.639286 30.258587
v -24.965984 -1.454073 27.571243
v -24.965986 4.313282 43.601192
v -24.965984 7.696096 29.471916
v -24.965986 -4.689403 41.089725
v 24.965973 -1.454073 27.571251
v 24.965971 4.313282 43.601200
v 24.965971 -4.689403 41.089733
v 24.965973 7.696096 29.471924
v -9.305197 45.053955 20.371264
v -6.718918 40.629314 20.371264
v -6.718918 45.053955 20.371264
v -9.305197 40.629314 20.371264
v 14.168317 -0.022367 -34.460308
v 22.902679 -0.635687 -27.044735
v 16.453932 -3.421048 -35.432117
v 14.168317 -0.022367 -34.460308
v 19.047604 4.503008 -25.636776
v 22.902679 -0.635687 -27.044735
v -15.678339 15.012400 -23.799913
v -15.621809 11.056536 -27.720797
v -17.403568 10.593622 -27.840609
v -11.560217 17.346087 -22.287659
v -7.911251 13.059793 -27.202324
v -12.161334 15.926134 -23.563416
v -7.911251 13.059793 -27.202324
v -9.693017 12.596895 -27.322128
v -12.161334 15.926134 -23.563416
v -11.560217 17.346087 -22.287659
v -15.678339 15.012400 -23.799913
v -17.081495 15.911631 -22.658922
v -12.161334 15.926134 -23.563416
v -24.965984 -1.159090 26.349636
v -22.813435 14.406793 -9.984774
v -22.813435 6.180268 -12.279735
v -15.678339 15.012400 -23.799913
v -17.403568 10.593622 -27.840609
v -17.081495 15.911631 -22.658922
v -24.965984 -1.159090 26.349636
v -24.965984 7.696096 29.471916
v -22.813435 14.406793 -9.984774
v 24.965973 -1.159090 26.349644
v 22.813726 14.406793 -9.984767
v 24.965973 7.696096 29.471924
v 24.965973 -1.159090 26.349644
v 22.813726 6.180268 -12.279728
v 22.813726 14.406793 -9.984767
v -15.312709 11.049250 -27.304384
v -12.211773 15.477503 -23.261246
v -10.002114 12.428988 -26.947296
v -15.435975 14.639833 -23.478045
v -12.161334 15.926134 -23.563416
v -9.693017 12.596895 -27.322128
v -10.002114 12.428988 -26.947296
v -33.916260 4.068566 -13.819860
v -27.291237 3.418309 42.306087
v -24.938219 12.464311 -11.646914
v -33.916260 4.068566 -13.819860
v -37.116337 -5.769534 39.928120
v -27.291237 3.418309 42.306087
v -38.250111 -22.881357 21.617142
v -24.965986 -4.689403 41.089725
v -24.965984 -1.454073 27.571243
v 27.291212 3.418317 42.306095
v 33.916542 4.068574 -13.819849
v 24.938501 12.464326 -11.646907
v -38.250111 -22.881357 21.617142
v -38.250111 -26.107386 35.093605
v -24.965986 -4.689403 41.089725
v 27.291212 3.418317 42.306095
v 37.116302 -5.769526 39.928131
v 33.916542 4.068574 -13.819849
v 38.250103 -22.881357 21.617153
v 24.965971 -4.689403 41.089733
v 38.250103 -26.107386 35.093616
v 38.250103 -22.881357 21.617153
v 24.965973 -1.454073 27.571251
v 24.965971 -4.689403 41.089733
v -32.888649 5.886461 -17.441555
v -24.938219 12.514657 -11.874324
v -25.965828 12.360269 -15.766040
v -33.916264 5.733316 -21.338932
v -32.888649 5.886461 -17.441555
v -32.888649 6.694276 -21.090214
v -33.916264 4.118913 -14.047276
v -24.938217 14.129053 -19.165987
v -25.965828 12.360269 -15.766040
v -24.938219 12.514657 -11.874324
v -25.965826 13.168108 -19.414692
v -32.888649 5.886461 -17.441555
v -33.916264 4.118913 -14.047276
v -24.938219 12.514657 -11.874324
v 24.938503 14.129076 -19.165964
v 25.966108 12.360276 -15.766025
v 25.966110 13.168116 -19.414682
v 24.938501 12.514665 -11.874309
v 33.916542 5.733324 -21.338907
v 32.888931 5.886461 -17.441545
v 33.916542 4.118936 -14.047251
v 33.916542 5.733324 -21.338907
v 32.888931 6.694292 -21.090204
v 32.888931 5.886461 -17.441545
v 25.966108 12.360276 -15.766025
v 33.916542 4.118936 -14.047251
v 32.888931 5.886461 -17.441545
v 25.966108 12.360276 -15.766025
v 24.938501 12.514665 -11.874309
v 33.916542 4.118936 -14.047251
v -32.749100 6.529886 -20.542583
v -25.922197 12.250123 -15.891742
v -25.922197 12.914010 -18.890270
v -32.749100 5.865999 -17.544056
v 32.749382 6.529909 -20.542574
v 25.922478 12.250138 -15.891734
v 32.749382 5.866014 -17.544039
v 32.749382 6.529909 -20.542574
v 25.922478 12.914033 -18.890261
v 25.922478 12.250138 -15.891734
v 22.225677 12.083574 -23.512852
v 23.238123 11.397089 -23.598125
v 14.167928 7.093157 -24.825300
v 24.510015 -46.606091 -29.979759
v 21.853170 -44.704792 -32.972557
v 25.922493 -48.336285 -34.742783
v 24.246500 -0.779325 -26.749561
v 14.167928 7.093157 -24.825300
v 23.238123 11.397089 -23.598125
v -25.922209 -48.336285 -34.742790
v -21.852882 -44.704792 -32.972565
v -24.509729 -46.606091 -29.979759
v 21.557943 7.329668 -24.905178
v 26.169085 -0.303419 -26.966335
v 22.902679 -0.635687 -27.044735
v -24.938217 14.129053 -19.165987
v -13.845914 5.895190 -34.393051
v -23.237841 11.397081 -23.598131
v 21.557943 7.329668 -24.905178
v 0.033678 10.941225 -23.816101
v 0.000146 14.633593 -22.860456
v 0.000146 14.633593 -22.860456
v -5.753100 8.960741 -24.319565
v -8.791329 11.541384 -23.650391
v 21.557943 7.329668 -24.905178
v 19.047604 4.503008 -25.636776
v 0.033678 10.941225 -23.816101
v 0.000146 14.633593 -22.860456
v 0.033678 10.941225 -23.816101
v -5.753100 8.960741 -24.319565
v 21.557943 7.329668 -24.905178
v 22.902679 -0.635687 -27.044735
v 19.047604 4.503008 -25.636776
v 24.246500 -0.779325 -26.749561
v 23.238123 11.397089 -23.598125
v 30.160944 4.923281 -25.273645
v 24.246500 -0.779325 -26.749561
v 30.160944 4.923281 -25.273645
v 29.666670 0.938746 -26.344173
v -9.305193 14.797269 37.590851
v -5.596541 13.245853 45.145550
v -5.067707 14.747251 38.888954
v 5.745195 13.245853 45.145550
v 9.487087 14.797269 37.590855
v 5.218291 14.747251 38.888954
v -5.067707 14.747251 38.888954
v 5.745195 13.245853 45.145550
v 5.218291 14.747251 38.888954
v -5.067707 14.747251 38.888954
v -5.596541 13.245853 45.145550
v 5.745195 13.245853 45.145550
v -34.952290 -13.391196 -17.758902
v -24.965984 -1.159090 26.349636
v -22.813435 6.180268 -12.279735
v -34.952290 -13.391196 -17.758902
v -38.250111 -22.586382 20.395538
v -24.965984 -1.159090 26.349636
v 24.965973 -1.159090 26.349644
v 34.952583 -13.391196 -17.758892
v 22.813726 6.180268 -12.279728
v 24.965973 -1.159090 26.349644
v 38.250103 -22.586382 20.395550
v 34.952583 -13.391196 -17.758892
v -32.749100 6.529886 -20.542583
v -28.679781 2.550630 -20.742130
v -29.932585 4.305414 -16.803097
v 29.932865 4.305421 -16.803095
v 28.680061 2.550638 -20.742123
v 32.749382 6.529909 -20.542574
v -25.210209 11.151887 -13.682651
v -30.619850 3.510568 -16.842381
v -32.133034 4.678086 -15.358159
v -23.697027 9.984384 -15.166858
v 32.133308 4.678086 -15.358150
v 23.697309 9.984391 -15.166842
v 25.210495 11.151917 -13.682635
v 30.620127 3.510576 -16.842363
v -29.416788 -30.376287 -30.684624
v -20.997908 -27.793140 -43.112095
v -33.916264 -40.908428 -33.410515
v 4.839943 62.787579 37.700783
v 3.168392 56.921825 35.052967
v 5.218292 56.921825 37.692936
v -24.509724 9.376542 -15.490611
v -29.932585 3.667863 -13.923565
v -24.509726 8.739007 -12.611072
v -24.509724 9.376542 -15.490611
v -29.932585 4.305414 -16.803097
v -29.932585 3.667863 -13.923565
v 29.932865 3.667878 -13.923556
v 24.510000 9.376550 -15.490596
v 24.510002 8.739015 -12.611064
v 29.932865 3.667878 -13.923556
v 29.932865 4.305421 -16.803095
v 24.510000 9.376550 -15.490596
v -22.324492 5.313447 -12.536578
v -34.203182 -11.861471 -26.153967
v -34.203182 -13.838576 -17.898199
v -22.324492 5.313447 -12.536578
v -22.324490 7.757250 -22.900171
v -34.203182 -11.861471 -26.153967
v 6.197448 21.140518 7.000102
v 9.487095 17.352041 25.400537
v 9.487098 21.140518 7.000102
v 6.197445 17.352041 25.400537
v 34.203472 -13.838576 -17.898190
v 27.742352 -0.977514 -25.345470
v 22.324783 7.757250 -22.900166
v 22.324781 5.313447 -12.536572
v 34.203472 -13.838576 -17.898190
v 34.203472 -11.861471 -26.153957
v 27.742352 -0.977514 -25.345470
v 29.417080 -30.376310 -30.684629
v 33.916557 -40.908451 -33.410511
v 22.178957 -27.793156 -43.112091
v 4.839943 62.787579 37.700783
v 3.231440 62.787579 35.047585
v 3.168392 56.921825 35.052967
v 23.997383 -0.394001 44.815720
v 16.963551 -3.054309 40.630878
v 16.498684 -7.406360 43.000824
v -33.822521 -54.463764 30.821642
v -26.323811 -47.451435 32.636555
v -30.194780 -47.153980 29.217201
v -23.997421 -0.394016 44.815712
v -16.498711 -7.406360 43.000816
v -16.963581 -3.054317 40.630882
v 33.822498 -54.463779 30.821650
v 30.194761 -47.154011 29.217199
v 26.323792 -47.451435 32.636559
v -17.403568 9.582003 -23.271456
v -17.081495 15.911631 -22.658922
v -17.403568 10.593622 -27.840609
v -17.081495 15.323214 -20.001261
v 7.153516 64.867126 15.514639
v 4.839946 62.787582 15.514639
v 7.141927 60.561203 15.329649
v 10.452137 19.340733 -5.914014
v 7.153512 23.699898 -7.125012
v 9.487085 19.586098 5.271022
v -16.933134 3.936496 -33.435703
v -8.791329 11.541384 -23.650391
v -6.820279 7.362795 -32.476501
v -9.305182 19.586098 5.271019
v -6.971604 23.699898 -7.125014
v -10.268945 19.340733 -5.914017
v -16.933134 3.936496 -33.435703
v -22.324490 7.757250 -22.900171
v -8.791329 11.541384 -23.650391
v -12.161334 15.926134 -23.563416
v -10.002114 12.428988 -26.947296
v -12.211773 15.477503 -23.261246
v 7.153516 64.867126 15.514639
v 7.141927 60.561203 15.329649
v 9.487097 62.787582 15.514639
v -17.403568 9.582003 -23.271456
v -16.748192 8.387682 -28.411547
v -16.748192 7.376047 -23.842394
v -17.403568 10.593622 -27.840609
v -24.965984 7.696096 29.471916
v -0.000008 9.826694 45.144722
v -0.000006 13.211897 31.004633
v -0.000008 9.826694 45.144722
v 24.965973 7.696096 29.471924
v -0.000006 13.211897 31.004633
v -24.965984 7.696096 29.471916
v -24.965986 4.313282 43.601192
v -0.000008 9.826694 45.144722
v -0.000008 9.826694 45.144722
v 24.965971 4.313282 43.601200
v 24.965973 7.696096 29.471924
v 7.144674 65.078835 12.123693
v 5.296410 62.736671 12.123693
v 7.139248 64.478149 12.123693
v 8.950351 62.706154 12.123693
v 4.671719 62.741890 12.123693
v 9.575041 62.700935 12.123693
v 7.107511 60.964668 12.123693
v 7.102086 60.363991 12.123693
v -28.688576 1.152215 -14.815098
v -21.765753 8.929583 -19.027239
v -28.688574 2.455766 -20.702763
v -21.765755 7.626039 -13.139575
v 0.033678 10.941225 -23.816101
v 14.168317 -0.022367 -34.460308
v -0.766800 5.034747 -33.030205
v 19.047604 4.503008 -25.636776
v 21.766031 7.626046 -13.139561
v 28.688858 2.455782 -20.702755
v 21.766033 8.929590 -19.027225
v 28.688856 1.152223 -14.815082
v -0.766800 5.034747 -33.030205
v -4.401489 3.467936 -33.471611
v -5.753100 8.960741 -24.319565
v -25.996401 10.503358 -13.940906
v -32.749100 5.865999 -17.544056
v -31.419270 5.432206 -15.253400
v -25.922197 12.250123 -15.891742
v 10.452137 19.340733 -5.914014
v 9.487085 19.586098 5.271022
v 10.452135 17.780540 4.261104
v -10.268945 19.340733 -5.914017
v -10.268947 17.780540 4.261101
v -9.305182 19.586098 5.271019
v 31.419546 5.432221 -15.253383
v 25.922478 12.250138 -15.891734
v 25.996681 10.503373 -13.940898
v 32.749382 5.866014 -17.544039
v -9.305193 14.797269 37.590851
v -9.305182 19.586098 5.271019
v -10.268947 17.780540 4.261101
v -8.791329 11.541384 -23.650391
v -22.324490 7.757250 -22.900171
v 0.000146 15.320971 -20.782713
v -32.749100 6.529886 -20.542583
v -29.932585 4.305414 -16.803097
v -32.749100 5.865999 -17.544056
v 29.932865 4.305421 -16.803095
v 32.749382 6.529909 -20.542574
v 32.749382 5.866014 -17.544039
v -0.766800 5.034747 -33.030205
v -5.753100 8.960741 -24.319565
v 0.033678 10.941225 -23.816101
v -8.791329 11.541384 -23.650391
v 0.000146 15.320971 -20.782713
v 0.000146 14.633593 -22.860456
v 0.000146 15.320971 -20.782713
v 21.557943 7.329668 -24.905178
v 0.000146 14.633593 -22.860456
v 22.324783 7.757250 -22.900166
v 9.487087 14.797269 37.590855
v 10.452132 10.722356 41.482777
v 9.487095 17.352041 25.400537
v 30.620142 -40.809811 -28.313162
v 32.888947 -41.869404 -33.659218
v 32.888947 -42.677235 -30.010565
v 10.452137 19.340733 -5.914014
v 8.747853 19.842480 -7.728482
v 7.153512 23.699898 -7.125012
v -23.697027 9.984384 -15.166858
v -25.965826 13.168108 -19.414692
v -21.765753 8.929583 -19.027239
v -25.965828 12.360269 -15.766040
v -25.210209 11.151887 -13.682651
v 32.888947 -42.677235 -30.010565
v 32.133327 -42.472378 -27.561415
v 30.620142 -40.809811 -28.313162
v 30.620142 -41.362148 -25.818449
v 28.688869 -39.556149 -25.351019
v 28.688869 -38.252605 -31.238707
v 32.888947 -41.869404 -33.659218
v 30.160959 -38.538311 -36.522156
v -21.765755 7.626039 -13.139575
v -23.697027 9.984384 -15.166858
v -21.765753 8.929583 -19.027239
v -23.697027 9.432054 -12.672153
v -25.965826 13.168108 -19.414692
v -23.237841 11.397081 -23.598131
v -6.971604 23.699898 -7.125014
v -8.564660 19.842480 -7.728485
v -10.268945 19.340733 -5.914017
v -30.619850 -40.809795 -28.313164
v -32.888657 -41.869404 -33.659225
v -28.688578 -38.252583 -31.238701
v -32.888657 -42.677212 -30.010574
v -28.688578 -39.556126 -25.351028
v 23.697309 9.984391 -15.166842
v 25.966110 13.168116 -19.414682
v 25.966108 12.360276 -15.766025
v 25.966108 12.360276 -15.766025
v 25.210495 11.151917 -13.682635
v 23.697309 9.984391 -15.166842
v 23.697309 9.432061 -12.672146
v 21.766031 7.626046 -13.139561
v 21.766033 8.929590 -19.027225
v 25.966110 13.168116 -19.414682
v 23.238123 11.397089 -23.598125
v -30.619850 -40.809795 -28.313164
v -32.133038 -42.472355 -27.561424
v -32.888657 -42.677212 -30.010574
v -28.688578 -39.556126 -25.351028
v -30.619850 -41.362125 -25.818459
v -32.888657 -41.869404 -33.659225
v -30.160667 -38.538288 -36.522163
v -28.688578 -38.252583 -31.238701
v -9.305193 14.797269 37.590851
v -10.268947 17.780540 4.261101
v -10.268955 10.722356 41.482773
v 10.452132 10.722356 41.482777
v 10.452135 17.780540 4.261104
v 9.487095 17.352041 25.400537
v -9.470550 -32.290623 -42.524227
v -20.997908 -27.793140 -43.112095
v -18.263033 -24.068401 -40.396198
v -13.845918 -34.481266 -44.843098
v 22.813726 14.406793 -9.984767
v -0.000006 13.211897 31.004633
v 24.965973 7.696096 29.471924
v 0.000144 19.444862 -8.574324
v -22.813435 14.406793 -9.984774
v -0.000006 13.211897 31.004633
v 0.000144 19.444862 -8.574324
v -24.965984 7.696096 29.471916
v 9.487095 17.352041 25.400537
v 10.452135 17.780540 4.261104
v 9.487098 21.140518 7.000102
v 10.651601 -32.290623 -42.524223
v 22.178957 -27.793156 -43.112091
v 15.026968 -34.481274 -44.843094
v 10.651601 -32.290623 -42.524223
v 19.444082 -24.068409 -40.396194
v 22.178957 -27.793156 -43.112091
v -29.932585 4.305414 -16.803097
v -31.419270 5.432206 -15.253400
v -32.749100 5.865999 -17.544056
v 31.419546 5.432221 -15.253383
v 29.932865 4.305421 -16.803095
v 32.749382 5.866014 -17.544039
v 21.853153 8.934755 -19.089825
v 32.749382 6.529909 -20.542574
v 28.680061 2.550638 -20.742123
v 25.922478 12.914033 -18.890261
v -32.749100 6.529886 -20.542583
v -21.852875 8.934748 -19.089830
v -28.679781 2.550630 -20.742130
v -25.922197 12.914010 -18.890270
v 13.284111 -63.151443 10.427083
v -12.979940 -62.225693 10.032548
v 12.979936 -62.225693 10.032552
v -13.284119 -63.151443 10.427079
v -33.916264 -40.908428 -33.410515
v -29.416788 -31.990683 -23.392982
v -29.416788 -30.376287 -30.684624
v -33.916264 -42.522831 -26.118858
v 9.487087 14.797269 37.590855
v 5.218291 14.797269 37.590851
v 5.218291 14.747251 38.888954
v -5.067707 14.797269 37.590851
v -9.305193 14.797269 37.590851
v -5.067707 14.747251 38.888954
v 29.417082 -31.990705 -23.392973
v 33.916557 -40.908451 -33.410511
v 29.417080 -30.376310 -30.684629
v 33.916561 -42.522846 -26.118849
v -30.194780 -47.153980 29.217201
v -37.116341 -56.811817 26.717611
v -33.822521 -54.463764 30.821642
v 37.116322 -56.811817 26.717619
v 30.194761 -47.154011 29.217199
v 33.822498 -54.463779 30.821650
v 8.747853 19.842480 -7.728482
v 10.452137 19.340733 -5.914014
v 10.452137 16.785370 -6.636754
v -8.564660 19.842480 -7.728485
v -10.268945 16.785370 -6.636757
v -10.268945 19.340733 -5.914017
v -17.081495 15.911631 -22.658922
v -11.560218 16.757677 -19.629997
v -11.560217 17.346087 -22.287659
v -17.081495 15.323214 -20.001261
v 8.747853 19.842480 -7.728482
v 10.452137 16.785370 -6.636754
v 8.747853 17.084839 -8.421842
v -8.564660 19.842480 -7.728485
v -8.564660 17.084839 -8.421844
v -10.268945 16.785370 -6.636757
v -10.665648 37.673801 28.689703
v -10.665648 39.251553 27.366388
v -10.665648 37.673542 27.366388
v -10.665648 40.629311 28.689703
v -10.665648 40.629314 22.402048
v -10.665648 39.251556 23.725359
v -10.665648 37.673805 22.402048
v -10.665648 37.673546 23.725359
v 10.452137 19.340733 -5.914014
v 10.452135 17.780540 4.261104
v 10.452137 16.785370 -6.636754
v 10.452132 10.722356 41.482777
v 10.452132 7.908688 41.177078
v 10.452135 17.780540 4.261104
v 10.452132 7.908688 41.177078
v 10.452137 16.785370 -6.636754
v -10.268954 7.908688 41.177074
v -10.268955 10.722356 41.482773
v -10.268947 17.780540 4.261101
v -10.268945 16.785370 -6.636757
v -10.268954 7.908688 41.177074
v -10.268947 17.780540 4.261101
v -10.268945 19.340733 -5.914017
v -10.268945 16.785370 -6.636757
v -10.268947 17.780540 4.261101
v 6.197447 48.578060 8.367162
v 9.487098 21.140518 7.000102
v 9.487098 48.578060 8.367162
v 6.197448 21.140518 7.000102
v 9.548821 49.984558 5.765005
v 9.548820 61.419521 15.668135
v 9.548818 49.984554 29.466768
v 9.548818 62.777546 29.825979
v 9.548821 49.984558 5.765005
v 9.548821 61.419521 5.370009
v 9.548820 61.419521 15.668135
v 9.548820 61.419521 15.668135
v 9.548820 62.777550 15.668135
v 9.548818 62.777546 29.825979
v 9.487095 17.352041 25.400537
v 9.487095 48.578056 27.460962
v 9.487087 14.797269 37.590855
v 9.487094 49.753429 29.074461
v 9.487098 48.578060 8.367162
v 9.487094 62.787579 30.055021
v 9.487093 62.787579 37.700790
v 9.487094 49.753429 29.074461
v 9.487098 48.578060 8.367162
v 9.487098 49.753433 5.184659
v 10.452135 17.780540 4.261104
v 9.487085 19.586098 5.271022
v 9.487098 21.140518 7.000102
v 9.487085 19.586098 5.271022
v 9.487098 49.753433 5.184659
v 9.487098 48.578060 8.367162
v 9.487098 21.140518 7.000102
v 9.487094 49.753429 29.074461
v 9.487093 62.787579 37.700790
v 9.487087 14.797269 37.590855
v -9.305193 14.797269 37.590851
v -9.305199 62.787579 37.700787
v -9.305199 40.629311 30.720484
v -9.305199 45.053951 30.720484
v -9.305197 45.053955 20.371264
v -9.305195 62.787582 12.176471
v -9.305189 62.787575 5.271022
v -9.305197 40.629314 20.371264
v -9.305188 53.759632 5.271022
v -9.305182 19.586098 5.271019
v -9.305199 35.718281 29.146017
v -9.305199 40.629311 29.146017
v -9.305197 35.718285 21.945734
v -9.305197 40.629314 21.945734
v -9.305198 36.140495 26.858904
v -9.305198 36.140499 24.232843
v -9.305198 38.096024 24.232843
v -9.305198 38.096020 26.858904
v -29.932594 -42.172489 -25.787743
v -24.938234 -50.968929 -28.064392
v -33.916264 -42.573170 -25.891441
v -24.509733 -47.243618 -27.100227
v -28.679781 -39.687965 -25.144707
v -21.852888 -46.072071 -26.797012
v -27.591429 -33.748001 -23.607353
v -15.500950 -45.054317 -26.533598
v 7.153517 64.867126 5.208472
v 7.141929 60.561203 5.208471
v 9.487098 62.787582 5.208472
v 3.231445 62.787582 5.208471
v 7.141929 60.561203 5.208471
v 4.839948 62.787582 5.208471
v 7.153517 64.867126 5.208472
v 7.141929 60.561203 5.208471
v 3.231445 62.787582 5.208471
v 3.231445 55.303810 5.208470
v 24.938513 -50.968929 -28.064384
v 29.932880 -42.172497 -25.787733
v 33.916557 -42.573193 -25.891432
v 28.680082 -39.687965 -25.144697
v 24.510019 -47.243633 -27.100220
v 27.591724 -33.748001 -23.607351
v 21.853170 -46.072071 -26.797005
v 15.501232 -45.054317 -26.533594
v 33.916542 4.068574 -13.819849
v 28.680059 1.183351 -14.566585
v 29.932865 3.667878 -13.923556
v 27.591711 -4.756598 -16.103939
v 24.938501 12.464326 -11.646907
v 15.501219 6.549714 -13.177686
v 24.510002 8.739015 -12.611064
v 21.853155 7.567475 -12.914280
v -24.938219 12.464311 -11.646914
v -21.852879 7.567460 -12.914287
v -24.509726 8.739007 -12.611072
v -29.932585 3.667863 -13.923565
v -15.500942 6.549699 -13.177698
v -33.916260 4.068566 -13.819860
v -28.679787 1.183335 -14.566593
v -27.591431 -4.756613 -16.103947
v 9.487098 62.787582 5.208472
v 7.141929 60.561203 5.208471
v 9.487098 49.753433 5.184659
v -12.979940 -62.225693 10.032548
v -33.636581 -47.247543 14.846374
v -32.866371 -46.685959 14.350654
v -13.284119 -63.151443 10.427079
v 7.141929 60.561203 5.208471
v 7.422019 49.753433 5.184659
v 9.487098 49.753433 5.184659
v 12.979936 -62.225693 10.032552
v 33.636566 -47.247543 14.846384
v 13.284111 -63.151443 10.427083
v 32.866364 -46.685959 14.350664
v 23.238123 11.397089 -23.598125
v 28.688858 2.455782 -20.702755
v 30.160944 4.923281 -25.273645
v 21.766033 8.929590 -19.027225
v -30.160662 4.923265 -25.273655
v -21.765753 8.929583 -19.027239
v -23.237841 11.397081 -23.598131
v -28.688574 2.455766 -20.702763
v 8.594580 58.393505 0.744360
v 8.594580 56.534821 0.744360
v 8.861090 56.550446 -6.957651
v 8.861090 58.536453 -6.957651
v 8.594580 58.393505 0.744360
v 8.861090 56.550446 -6.957651
v 8.594580 40.001289 0.744359
v 8.594580 38.142601 0.744358
v 8.861090 38.158230 -6.957653
v 8.861090 40.144234 -6.957653
v 8.594580 40.001289 0.744359
v 8.861090 38.158230 -6.957653
v -8.412676 40.001289 0.744356
v -8.679184 38.158230 -6.957655
v -8.412676 38.142601 0.744356
v -8.412676 58.393505 0.744357
v -8.679184 56.550446 -6.957654
v -8.412676 56.534821 0.744357
v -8.679184 58.536453 -6.957654
v -8.679184 56.550446 -6.957654
v -8.412676 58.393505 0.744357
v -8.679184 40.144234 -6.957655
v -8.679184 38.158230 -6.957655
v -8.412676 40.001289 0.744356
v 7.141929 60.561203 5.208471
v 7.422016 49.753429 29.074461
v 7.422019 49.753433 5.184659
v 7.422016 49.753429 29.074461
v 7.141928 60.561203 12.326712
v 7.141927 60.561203 15.329649
v 7.141927 60.561203 15.329649
v 7.141925 60.561199 29.923555
v 7.422016 49.753429 29.074461
v 7.422016 49.753429 29.074461
v 7.141929 60.561203 5.208471
v 7.141928 60.561203 12.326712
v -22.813435 14.406793 -9.984774
v 0.000144 19.444862 -8.574324
v -22.813435 6.180268 -12.279735
v -22.813435 6.180268 -12.279735
v 0.000144 19.444862 -8.574324
v 22.813726 6.180268 -12.279728
v 22.813726 6.180268 -12.279728
v -12.138701 -50.173519 -28.056364
v -22.813435 6.180268 -12.279735
v -34.952290 -13.391196 -17.758902
v -30.736504 -35.647064 -23.989586
v 30.736803 -35.647064 -23.989576
v 12.138995 -50.173519 -28.056360
v 34.952583 -13.391196 -17.758892
v 0.000144 19.444862 -8.574324
v 22.813726 14.406793 -9.984767
v 22.813726 6.180268 -12.279728
v 28.680077 -38.320683 -31.320234
v 25.922493 -48.336285 -34.742783
v 21.853170 -44.704792 -32.972557
v 32.749397 -41.952175 -33.090469
v -25.922209 -48.336285 -34.742790
v -28.679785 -38.320660 -31.320244
v -21.852882 -44.704792 -32.972565
v -32.749107 -41.952175 -33.090477
v 9.487085 19.586098 5.271022
v 7.153512 23.699898 -7.125012
v 8.594580 38.142601 0.744358
v 7.153513 41.281281 -7.125011
v 8.594580 56.534821 0.744360
v 8.594580 40.001289 0.744359
v 7.153513 59.673500 -7.125010
v 7.153515 64.867119 -7.125001
v 8.594580 58.393505 0.744360
v 7.153512 23.699898 -7.125012
v 7.153512 37.021179 -7.125011
v 8.594580 38.142601 0.744358
v -8.412676 38.142601 0.744356
v -6.971604 23.699898 -7.125014
v -9.305182 19.586098 5.271019
v 7.153513 41.281281 -7.125011
v 7.153512 55.413399 -7.125010
v 8.594580 56.534821 0.744360
v -8.412676 38.142601 0.744356
v -6.971606 37.021179 -7.125013
v -6.971604 23.699898 -7.125014
v 8.594580 38.142601 0.744358
v 8.594580 40.001289 0.744359
v 9.487092 53.759632 5.271025
v 9.487092 53.759632 5.271025
v 8.594580 56.534821 0.744360
v 8.594580 58.393505 0.744360
v 9.487092 53.759632 5.271025
v 9.487085 19.586098 5.271022
v 8.594580 38.142601 0.744358
v -6.971608 41.281281 -7.125013
v -8.412676 56.534821 0.744357
v -6.971606 55.413399 -7.125012
v 8.594580 40.001289 0.744359
v 8.594580 56.534821 0.744360
v 9.487092 53.759632 5.271025
v -6.971608 62.787575 -7.125004
v -6.971608 59.673500 -7.125012
v -8.412676 58.393505 0.744357
v 8.594580 58.393505 0.744360
v 9.487093 62.787575 5.271025
v 9.487092 53.759632 5.271025
v -6.971608 41.281281 -7.125013
v -8.412676 40.001289 0.744356
v -8.412676 56.534821 0.744357
v -8.412676 58.393505 0.744357
v -9.305188 53.759632 5.271022
v -9.305189 62.787575 5.271022
v -8.412676 38.142601 0.744356
v -9.305182 19.586098 5.271019
v -9.305188 53.759632 5.271022
v -8.412676 56.534821 0.744357
v -9.305188 53.759632 5.271022
v -8.412676 58.393505 0.744357
v -8.412676 40.001289 0.744356
v -8.412676 38.142601 0.744356
v -8.412676 56.534821 0.744357
v -8.412676 40.001289 0.744356
v -9.305188 53.759632 5.271022
v 8.747853 17.084839 -8.421842
v -8.564660 19.842480 -7.728485
v 8.747853 19.842480 -7.728482
v -8.564660 17.084839 -8.421844
v 14.167928 7.093157 -24.825300
v 13.675861 9.921427 -20.254972
v 22.225677 12.083574 -23.512852
v 7.153515 64.867119 -7.125001
v 9.487093 62.787575 5.271025
v 8.594580 58.393505 0.744360
v -9.305189 62.787575 5.271022
v -6.971608 62.787575 -7.125004
v -8.412676 58.393505 0.744357
v -12.211773 15.477503 -23.261246
v -15.678339 15.012400 -23.799913
v -12.161334 15.926134 -23.563416
v -12.211773 15.477503 -23.261246
v -15.435975 14.639833 -23.478045
v -15.678339 15.012400 -23.799913
v 25.996695 -48.259777 -29.149689
v 24.510015 -46.606091 -29.979759
v 25.922497 -49.000195 -31.744247
v -24.509729 -46.606091 -29.979759
v -25.996414 -48.259777 -29.149696
v -25.922209 -49.000195 -31.744255
v -22.324492 5.313447 -12.536578
v 0.000146 15.320971 -20.782713
v -22.324490 7.757250 -22.900171
v -22.324492 5.313447 -12.536578
v 0.000144 12.877168 -10.419105
v 0.000146 15.320971 -20.782713
v 22.324781 5.313447 -12.536572
v 0.000146 15.320971 -20.782713
v 0.000144 12.877168 -10.419105
v 22.324781 5.313447 -12.536572
v 22.324783 7.757250 -22.900166
v 0.000146 15.320971 -20.782713
v 6.197444 48.578056 27.460960
v 6.197448 21.140518 7.000102
v 6.197447 48.578060 8.367162
v 6.197445 17.352041 25.400537
v -8.564660 19.842480 -7.728485
v 7.153512 23.699898 -7.125012
v 8.747853 19.842480 -7.728482
v -8.564660 19.842480 -7.728485
v -6.971604 23.699898 -7.125014
v 7.153512 23.699898 -7.125012
v -15.970110 11.549456 -30.379267
v -9.693017 12.596895 -27.322128
v -7.911251 13.643206 -29.837364
v -15.621809 11.056536 -27.720797
v -17.403568 10.593622 -27.840609
v -7.911251 13.059793 -27.202324
v -1.286497 15.197985 -28.640404
v -1.286498 13.769335 -22.187714
v -7.911252 12.048174 -22.633171
v -15.621809 11.056536 -27.720797
v -10.002114 12.428988 -26.947296
v -9.693017 12.596895 -27.322128
v -15.312709 11.049250 -27.304384
v 5.218291 56.713947 39.661144
v 5.218291 14.797269 37.590851
v 5.218292 56.921825 37.692936
v 5.218291 14.747251 38.888954
v -13.640823 -53.234623 27.643450
v -26.323811 -47.451435 32.636555
v -16.498716 -56.639286 30.258587
v -1.782248 4.464846 -31.418297
v 5.058775 4.813555 -24.505613
v -1.782249 3.036211 -24.965607
v 5.058776 6.242205 -30.958296
v 26.323792 -47.451435 32.636559
v 13.640804 -53.234623 27.643450
v 16.498697 -56.639286 30.258596
v 5.365163 12.875643 -29.241453
v 5.058775 4.813555 -24.505613
v 5.058776 6.242205 -30.958296
v -13.640823 -53.234623 27.643450
v -23.465918 -44.046757 30.021412
v -26.323811 -47.451435 32.636555
v 26.323792 -47.451435 32.636559
v 23.465900 -44.046757 30.021420
v 13.640804 -53.234623 27.643450
v 5.365163 12.875643 -29.241453
v 5.365162 11.446993 -22.788771
v 5.058775 4.813555 -24.505613
v -5.067710 56.713947 39.661144
v -5.067707 14.797269 37.590851
v -5.067707 14.747251 38.888954
v -5.067709 56.921825 37.692936
v -13.675588 9.921419 -20.254976
v -13.845914 5.895190 -34.393051
v -24.938217 14.129053 -19.165987
v -28.679781 -39.687965 -25.144707
v -29.932594 -41.534939 -28.667274
v -29.932594 -42.172489 -25.787743
v -28.679781 -39.687965 -25.144707
v -28.679785 -38.320660 -31.320244
v -29.932594 -41.534939 -28.667274
v -1.782248 4.464846 -31.418297
v -6.719648 9.981539 -23.168045
v -6.719647 11.576571 -30.372238
v 28.680082 -39.687965 -25.144697
v 29.932880 -41.534939 -28.667265
v 28.680077 -38.320683 -31.320234
v 28.680082 -39.687965 -25.144697
v 29.932880 -42.172497 -25.787733
v 29.932880 -41.534939 -28.667265
v -1.782248 4.464846 -31.418297
v -1.782249 3.036211 -24.965607
v -6.719648 9.981539 -23.168045
v -6.820279 7.362795 -32.476501
v -8.791329 11.541384 -23.650391
v -5.753100 8.960741 -24.319565
v -15.678339 15.012400 -23.799913
v -15.312709 11.049250 -27.304384
v -15.621809 11.056536 -27.720797
v 13.675861 9.921427 -20.254972
v 24.938503 14.129076 -19.165964
v 22.225677 12.083574 -23.512852
v 27.291212 3.418317 42.306095
v 16.963551 -3.054309 40.630878
v 23.997383 -0.394001 44.815720
v 5.365163 12.875643 -29.241453
v -1.286498 13.769335 -22.187714
v 5.365162 11.446993 -22.788771
v -1.286497 15.197985 -28.640404
v -16.963581 -3.054317 40.630882
v -27.291237 3.418309 42.306087
v -23.997421 -0.394016 44.815712
v 24.510015 -46.606091 -29.979759
v 25.922493 -48.336285 -34.742783
v 25.922497 -49.000195 -31.744247
v -25.922209 -48.336285 -34.742790
v -24.509729 -46.606091 -29.979759
v -25.922209 -49.000195 -31.744255
v -6.971608 59.673500 -7.125012
v -8.679184 56.550446 -6.957654
v -8.679184 58.536453 -6.957654
v -6.971606 55.413399 -7.125012
v 7.153513 59.673500 -7.125010
v 8.861090 56.550446 -6.957651
v 7.153512 55.413399 -7.125010
v 8.861090 58.536453 -6.957651
v 7.153513 41.281281 -7.125011
v 8.861090 38.158230 -6.957653
v 7.153512 37.021179 -7.125011
v 8.861090 40.144234 -6.957653
v -6.971608 41.281281 -7.125013
v -8.679184 38.158230 -6.957655
v -8.679184 40.144234 -6.957655
v -6.971606 37.021179 -7.125013
v 4.839947 62.787575 -7.125002
v 7.153515 64.867119 -7.125001
v 7.153513 59.673500 -7.125010
v -6.971608 59.673500 -7.125012
v 4.839947 62.787575 -7.125002
v 7.153513 59.673500 -7.125010
v -6.971606 37.021179 -7.125013
v 7.153512 23.699898 -7.125012
v -6.971604 23.699898 -7.125014
v 7.153512 37.021179 -7.125011
v -6.971608 41.281281 -7.125013
v 7.153513 41.281281 -7.125011
v 7.153513 59.673500 -7.125010
v -6.971606 55.413399 -7.125012
v -6.971608 59.673500 -7.125012
v 7.153512 55.413399 -7.125010
v -6.971606 55.413399 -7.125012
v 7.153513 41.281281 -7.125011
v -6.971608 41.281281 -7.125013
v 7.153512 55.413399 -7.125010
v -6.971608 59.673500 -7.125012
v -6.971608 62.787575 -7.125004
v 4.839947 62.787575 -7.125002
v 16.963551 -3.054309 40.630878
v 13.640792 -9.346744 39.002304
v 16.498684 -7.406360 43.000824
v 29.417080 -30.376310 -30.684629
v 22.178957 -27.793156 -43.112091
v 19.444082 -24.068409 -40.396194
v -29.416788 -30.376287 -30.684624
v -18.263033 -24.068401 -40.396198
v -20.997908 -27.793140 -43.112095
v -16.498711 -7.406360 43.000816
v -13.640817 -9.346744 39.002289
v -16.963581 -3.054317 40.630882
v -6.820279 7.362795 -32.476501
v -5.753100 8.960741 -24.319565
v -4.401489 3.467936 -33.471611
v -13.675588 9.921419 -20.254976
v -9.470545 2.970843 -33.398026
v -13.845914 5.895190 -34.393051
v 7.711860 49.984558 5.765004
v 9.548820 61.419521 15.668135
v 9.548821 61.419521 5.370009
v 7.711860 49.984558 5.765004
v 7.711858 49.984558 15.668134
v 9.548820 61.419521 15.668135
v -33.916264 -42.573170 -25.891441
v -30.194780 -47.153980 29.217201
v -27.591429 -33.748001 -23.607353
v -33.916264 -42.573170 -25.891441
v -37.116341 -56.811817 26.717611
v -30.194780 -47.153980 29.217201
v -32.866371 -46.685959 14.350654
v -38.250111 -22.881357 21.617142
v -37.374260 -22.877687 20.966373
v -33.636581 -47.247543 14.846374
v 32.866364 -46.685959 14.350664
v 38.250103 -22.881357 21.617153
v 33.636566 -47.247543 14.846384
v 37.374252 -22.877687 20.966385
v 33.916557 -42.573193 -25.891432
v 30.194761 -47.154011 29.217199
v 37.116322 -56.811817 26.717619
v 33.916557 -42.573193 -25.891432
v 27.591724 -33.748001 -23.607351
v 30.194761 -47.154011 29.217199
v 3.231444 62.787575 -5.426463
v -5.189332 23.333782 -5.426467
v 3.231446 23.333782 -5.426466
v -5.189332 62.787575 -5.426464
v -24.394316 -1.941042 26.784145
v -24.965984 -1.454073 27.571243
v -24.965984 7.696096 29.471916
v 24.965973 7.696096 29.471924
v 24.965973 -1.454073 27.571251
v 24.394308 -1.941042 26.784153
v 3.231440 62.787579 35.047585
v 3.231443 62.787582 12.326711
v 3.168392 56.921825 35.052967
v -6.718918 40.629314 20.371264
v -5.189332 62.787575 -5.426464
v -6.934022 62.787582 12.176472
v -6.719648 9.981539 -23.168045
v -16.748192 8.387682 -28.411547
v -6.719647 11.576571 -30.372238
v -15.314731 9.343500 -30.950205
v -16.748192 7.376047 -23.842394
v 3.231443 55.303810 12.176473
v 3.231446 23.333782 -5.426466
v 3.231440 35.887913 35.052307
v 3.231446 23.333782 -5.426466
v 3.231440 11.479070 35.057022
v 3.231440 35.887913 35.052307
v 3.231445 55.303810 5.208470
v 3.231444 62.787575 -5.426463
v 3.231446 23.333782 -5.426466
v 3.231445 62.787582 5.208471
v -13.675588 9.921419 -20.254976
v -24.938219 12.514657 -11.874324
v -13.675586 8.307023 -12.963320
v 13.675861 9.921427 -20.254972
v 24.938501 12.514665 -11.874309
v 24.938503 14.129076 -19.165964
v 13.675860 8.307031 -12.963315
v 3.231445 55.303810 5.208470
v 3.231446 23.333782 -5.426466
v 3.231443 55.303810 12.176473
v 3.231443 62.787582 12.326711
v 3.231443 55.303810 12.176473
v 3.168392 56.921825 35.052967
v -13.675588 9.921419 -20.254976
v -24.938217 14.129053 -19.165987
v -24.938219 12.514657 -11.874324
v 3.231440 35.887913 35.052307
v 3.168392 56.921825 35.052967
v 3.231443 55.303810 12.176473
v 20.562504 -1.914662 -35.073719
v 22.902679 -0.635687 -27.044735
v 26.169085 -0.303419 -26.966335
v -6.718918 40.629314 20.371264
v -6.934026 35.887905 35.052307
v -5.189332 23.333782 -5.426467
v -7.911252 12.048174 -22.633171
v -11.560217 17.346087 -22.287659
v -11.560218 16.757677 -19.629997
v -7.911251 13.059793 -27.202324
v -15.678339 15.012400 -23.799913
v -15.435975 14.639833 -23.478045
v -15.312709 11.049250 -27.304384
v -6.718920 40.629311 30.720484
v -6.718920 45.053951 30.720484
v -6.934026 35.887905 35.052307
v -6.934026 62.787579 35.047588
v -5.067708 62.787579 37.700787
v -5.067709 56.921825 37.692936
v -5.067709 56.921825 35.052967
v -6.934026 35.887905 35.052307
v -6.934025 11.479062 35.057026
v -5.189332 23.333782 -5.426467
v -6.718918 40.629314 20.371264
v -5.189332 23.333782 -5.426467
v -5.189332 62.787575 -5.426464
v -6.934026 62.787579 35.047588
v -6.718918 45.053955 20.371264
v -6.934022 62.787582 12.176472
v -6.718920 45.053951 30.720484
v -6.934022 62.787582 12.176472
v -6.718918 45.053955 20.371264
v -6.718918 40.629314 20.371264
v -10.665648 37.673805 22.402048
v -9.305197 35.718285 21.945734
v -9.305198 36.140499 24.232843
v 21.853155 7.567475 -12.914280
v 24.510000 9.376550 -15.490596
v 21.853153 8.934755 -19.089825
v 24.510002 8.739015 -12.611064
v -21.852879 7.567460 -12.914287
v -24.509724 9.376542 -15.490611
v -24.509726 8.739007 -12.611072
v -21.852875 8.934748 -19.089830
v 16.963551 -3.054309 40.630878
v 24.938501 12.464326 -11.646907
v 15.501219 6.549714 -13.177686
v 16.963551 -3.054309 40.630878
v 27.291212 3.418317 42.306095
v 24.938501 12.464326 -11.646907
v -24.938219 12.464311 -11.646914
v -16.963581 -3.054317 40.630882
v -15.500942 6.549699 -13.177698
v -24.938219 12.464311 -11.646914
v -27.291237 3.418309 42.306087
v -16.963581 -3.054317 40.630882
v 0.000144 12.877168 -10.419105
v 30.078049 -35.617493 -23.995176
v 22.324781 5.313447 -12.536572
v 34.203472 -13.838576 -17.898190
v 11.878832 -49.832623 -27.974718
v -11.878540 -49.832623 -27.974722
v -30.077753 -35.617493 -23.995186
v -34.203182 -13.838576 -17.898199
v -22.324492 5.313447 -12.536578
v -6.718918 40.629314 20.371264
v -6.718920 40.629311 30.720484
v -6.934026 35.887905 35.052307
v 30.194761 -47.154011 29.217199
v 23.465900 -44.046757 30.021420
v 26.323792 -47.451435 32.636559
v -26.323811 -47.451435 32.636555
v -23.465918 -44.046757 30.021412
v -30.194780 -47.153980 29.217201
v 9.487085 19.586098 5.271022
v 9.487092 53.759632 5.271025
v 9.487098 49.753433 5.184659
v 9.487093 62.787575 5.271025
v 9.487098 62.787582 5.208472
v 9.487098 62.787582 5.208472
v 9.487098 49.753433 5.184659
v 9.487092 53.759632 5.271025
v 23.697309 9.432061 -12.672146
v 33.916542 4.118936 -14.047251
v 24.938501 12.514665 -11.874309
v 21.766031 7.626046 -13.139561
v 29.417082 -31.990705 -23.392973
v 21.766043 -46.029964 -27.026550
v 28.688869 -39.556149 -25.351019
v 33.916561 -42.522846 -26.118849
v 23.697319 -47.835964 -27.493973
v 30.620142 -41.362148 -25.818449
v 24.938513 -50.918560 -28.291801
v 21.766043 -46.029964 -27.026550
v 13.675876 -46.710949 -27.202806
v 29.417082 -31.990705 -23.392973
v 28.688869 -39.556149 -25.351019
v 30.620142 -41.362148 -25.818449
v 33.916561 -42.522846 -26.118849
v 23.697319 -47.835964 -27.493973
v 24.938513 -50.918560 -28.291801
v 21.766043 -46.029964 -27.026550
v -23.697041 -47.835949 -27.493980
v -33.916264 -42.522831 -26.118858
v -24.938232 -50.918560 -28.291809
v -21.765766 -46.029964 -27.026558
v -30.619850 -41.362125 -25.818459
v -28.688578 -39.556126 -25.351028
v -29.416790 -6.413237 -16.773153
v -21.765755 7.626039 -13.139575
v -28.688576 1.152215 -14.815098
v -33.916264 4.118913 -14.047276
v -23.697027 9.432054 -12.672153
v -30.619852 2.958223 -14.347676
v -24.938219 12.514657 -11.874324
v -21.765755 7.626039 -13.139575
v -13.675586 8.307023 -12.963320
v -29.416790 -6.413237 -16.773153
v -28.688576 1.152215 -14.815098
v -30.619852 2.958223 -14.347676
v -33.916264 4.118913 -14.047276
v -23.697027 9.432054 -12.672153
v -24.938219 12.514657 -11.874324
v -21.765755 7.626039 -13.139575
v 13.675860 8.307031 -12.963315
v 28.688856 1.152223 -14.815082
v 21.766031 7.626046 -13.139561
v 24.938501 12.514665 -11.874309
v 33.916542 4.118936 -14.047251
v 28.688856 1.152223 -14.815082
v 29.417067 -6.413222 -16.773144
v 13.675860 8.307031 -12.963315
v 23.697309 9.432061 -12.672146
v 30.620127 2.958238 -14.347667
v 33.916542 4.118936 -14.047251
v 30.620127 2.958238 -14.347667
v 28.688856 1.152223 -14.815082
v -13.675593 -46.710949 -27.202810
v -28.688578 -39.556126 -25.351028
v -21.765766 -46.029964 -27.026558
v -24.938232 -50.918560 -28.291809
v -33.916264 -42.522831 -26.118858
v -28.688578 -39.556126 -25.351028
v -29.416788 -31.990683 -23.392982
v -13.675593 -46.710949 -27.202810
v -23.697041 -47.835949 -27.493980
v -30.619850 -41.362125 -25.818459
v 7.102087 60.363991 5.475004
v 8.950352 62.706154 5.475005
v 9.575042 62.700935 5.475005
v 7.144675 65.078835 5.475005
v 7.107512 60.964668 5.475004
v 7.139249 64.478149 5.475004
v 4.671720 62.741890 5.475004
v 5.296411 62.736671 5.475004
v 29.417068 -4.798819 -24.064800
v 13.675860 8.307031 -12.963315
v 13.675861 9.921427 -20.254972
v 29.417067 -6.413222 -16.773144
v -29.416784 -4.798826 -24.064810
v -13.675586 8.307023 -12.963320
v -29.416790 -6.413237 -16.773153
v -29.416784 -4.798826 -24.064810
v -13.675588 9.921419 -20.254976
v -13.675586 8.307023 -12.963320
v 20.562504 -1.914662 -35.073719
v 16.453932 -3.421048 -35.432117
v 22.902679 -0.635687 -27.044735
v 9.548821 49.984558 5.765005
v 7.711860 49.984558 5.765004
v 9.548821 61.419521 5.370009
v -37.374260 -22.877687 20.966373
v -24.965984 -1.454073 27.571243
v -24.394316 -1.941042 26.784145
v -37.374260 -22.877687 20.966373
v -38.250111 -22.881357 21.617142
v -24.965984 -1.454073 27.571243
v 37.374252 -22.877687 20.966385
v 24.965973 -1.454073 27.571251
v 38.250103 -22.881357 21.617153
v 24.394308 -1.941042 26.784153
v 29.666670 0.938746 -26.344173
v 21.569792 -1.592999 -35.940228
v 24.246500 -0.779325 -26.749561
v -5.067708 62.787579 37.700787
v -5.067709 56.921825 35.052967
v -6.934026 62.787579 35.047588
v -10.665648 37.673805 22.402048
v -9.305198 36.140499 24.232843
v -10.665648 37.673546 23.725359
v -9.305198 36.140495 26.858904
v -10.665648 37.673801 28.689703
v -10.665648 37.673542 27.366388
v -9.305198 36.140495 26.858904
v -9.305199 35.718281 29.146017
v -10.665648 37.673801 28.689703
v 32.888931 5.886461 -17.441545
v 25.210495 11.151917 -13.682635
v 25.966108 12.360276 -15.766025
v 32.133308 4.678086 -15.358150
v -32.888649 5.886461 -17.441555
v -25.210209 11.151887 -13.682651
v -32.133034 4.678086 -15.358159
v -25.965828 12.360269 -15.766040
v 3.231443 55.303810 12.176473
v 3.231443 62.787582 12.326711
v 7.141928 60.561203 12.326712
v -5.067708 62.787579 37.700787
v -6.934026 62.787579 35.047588
v -5.773041 65.596611 37.700790
v 21.853153 8.934755 -19.089825
v 28.680059 1.183351 -14.566585
v 21.853155 7.567475 -12.914280
v 21.853153 8.934755 -19.089825
v 28.680061 2.550638 -20.742123
v 28.680059 1.183351 -14.566585
v 32.749397 -41.952175 -33.090469
v 28.680077 -38.320683 -31.320234
v 29.932880 -41.534939 -28.667265
v -29.932594 -41.534939 -28.667274
v -28.679785 -38.320660 -31.320244
v -32.749107 -41.952175 -33.090477
v -21.852879 7.567460 -12.914287
v -28.679781 2.550630 -20.742130
v -21.852875 8.934748 -19.089830
v -28.679787 1.183335 -14.566593
v 7.141928 60.561203 12.326712
v 7.153516 64.867126 12.326712
v 9.487097 62.787582 12.326712
v 4.839947 62.787582 12.326712
v 4.839947 62.787582 12.326712
v 7.141928 60.561203 12.326712
v 3.231443 62.787582 12.326711
v 4.906625 62.814610 15.668135
v 7.711856 49.984554 29.466768
v 4.906622 62.814606 29.825979
v 4.906625 62.814610 15.668135
v 7.711858 49.984558 15.668134
v 7.711856 49.984554 29.466768
v 25.922478 12.914033 -18.890261
v 21.853153 8.934755 -19.089825
v 24.510000 9.376550 -15.490596
v -24.509724 9.376542 -15.490611
v -21.852875 8.934748 -19.089830
v -25.922197 12.914010 -18.890270
v 30.620127 3.510576 -16.842363
v 23.697309 9.432061 -12.672146
v 23.697309 9.984391 -15.166842
v 30.620127 3.510576 -16.842363
v 30.620127 2.958238 -14.347667
v 23.697309 9.432061 -12.672146
v -30.619850 3.510568 -16.842381
v -23.697027 9.432054 -12.672153
v -30.619852 2.958223 -14.347676
v -30.619850 3.510568 -16.842381
v -23.697027 9.984384 -15.166858
v -23.697027 9.432054 -12.672153
v -13.675588 9.921419 -20.254976
v -18.263023 -5.251363 -35.526066
v -9.470545 2.970843 -33.398026
v -29.416784 -4.798826 -24.064810
v -9.305198 38.096020 26.858904
v -10.665648 39.251556 23.725359
v -9.305198 38.096024 24.232843
v -10.665648 39.251553 27.366388
v 9.548820 62.777550 15.668135
v 4.906625 62.814610 15.668135
v 7.247881 64.929489 15.668135
v 9.548820 61.419521 15.668135
v 7.711858 49.984558 15.668134
v 4.906625 62.814610 15.668135
v 9.548820 62.777550 15.668135
v 9.548820 61.419521 15.668135
v 4.906625 62.814610 15.668135
v -1.286498 13.769335 -22.187714
v -1.782249 3.036211 -24.965607
v 5.058775 4.813555 -24.505613
v 5.365162 11.446993 -22.788771
v -7.911252 12.048174 -22.633171
v -16.748192 7.376047 -23.842394
v -6.719648 9.981539 -23.168045
v -17.403568 9.582003 -23.271456
v -1.286498 13.769335 -22.187714
v -29.932585 4.305414 -16.803097
v -25.996401 10.503358 -13.940906
v -31.419270 5.432206 -15.253400
v -24.509724 9.376542 -15.490611
v 29.932865 4.305421 -16.803095
v 25.996681 10.503373 -13.940898
v 24.510000 9.376550 -15.490596
v 31.419546 5.432221 -15.253383
v -1.286498 13.769335 -22.187714
v -6.719648 9.981539 -23.168045
v -1.782249 3.036211 -24.965607
v -11.560218 16.757677 -19.629997
v -17.403568 9.582003 -23.271456
v -7.911252 12.048174 -22.633171
v -17.081495 15.323214 -20.001261
v 25.922478 12.914033 -18.890261
v 24.510000 9.376550 -15.490596
v 25.922478 12.250138 -15.891734
v -24.509724 9.376542 -15.490611
v -25.922197 12.914010 -18.890270
v -25.922197 12.250123 -15.891742
v -9.305197 40.629314 21.945734
v -9.305197 35.718285 21.945734
v -10.665648 37.673805 22.402048
v -10.665648 40.629314 22.402048
v 24.510000 9.376550 -15.490596
v 25.996681 10.503373 -13.940898
v 25.922478 12.250138 -15.891734
v -25.996401 10.503358 -13.940906
v -24.509724 9.376542 -15.490611
v -25.922197 12.250123 -15.891742
v 7.153512 37.021179 -7.125011
v 8.861090 38.158230 -6.957653
v 8.594580 38.142601 0.744358
v -8.412676 38.142601 0.744356
v -8.679184 38.158230 -6.957655
v -6.971606 37.021179 -7.125013
v 30.620127 3.510576 -16.842363
v 32.888931 6.694292 -21.090204
v 28.688858 2.455782 -20.702755
v 32.888931 5.886461 -17.441545
v 32.133308 4.678086 -15.358150
v 28.688856 1.152223 -14.815082
v 30.620127 3.510576 -16.842363
v 28.688858 2.455782 -20.702755
v 30.620127 2.958238 -14.347667
v 32.888931 6.694292 -21.090204
v 30.160944 4.923281 -25.273645
v -23.697041 -47.283627 -29.988686
v -25.965839 -48.343227 -35.334755
v -25.965839 -49.151043 -31.686089
v -25.210224 -48.946178 -29.236938
v -21.765764 -44.726398 -32.914215
v -23.237852 -45.012127 -38.197693
v -21.765766 -46.029964 -27.026558
v -23.697041 -47.835949 -27.493980
v -23.697041 -47.283627 -29.988686
v -21.765764 -44.726398 -32.914215
v -25.965839 -48.343227 -35.334755
v 23.697321 -47.283627 -29.988678
v 25.210503 -48.946209 -29.236931
v 25.966120 -49.151043 -31.686081
v 21.766043 -46.029964 -27.026550
v 23.697319 -47.835964 -27.493973
v 21.766045 -44.726421 -32.914215
v 25.966124 -48.343227 -35.334747
v 23.238138 -45.012135 -38.197685
v -32.888649 5.886461 -17.441555
v -32.133034 4.678086 -15.358159
v -30.619850 3.510568 -16.842381
v -32.888649 6.694276 -21.090214
v -28.688574 2.455766 -20.702763
v -30.619852 2.958223 -14.347676
v -28.688576 1.152215 -14.815098
v -30.619850 3.510568 -16.842381
v -28.688576 1.152215 -14.815098
v -28.688574 2.455766 -20.702763
v -30.160662 4.923265 -25.273655
v -32.888649 6.694276 -21.090214
v 23.697321 -47.283627 -29.988678
v 25.966120 -49.151043 -31.686081
v 25.966124 -48.343227 -35.334747
v -9.305198 38.096020 26.858904
v -9.305198 36.140495 26.858904
v -10.665648 37.673542 27.366388
v -10.665648 39.251553 27.366388
v -6.934026 62.787579 35.047588
v -6.934022 62.787582 12.176472
v -5.928901 65.596611 15.643848
v 6.197445 17.352041 25.400537
v 9.487095 48.578056 27.460962
v 9.487095 17.352041 25.400537
v 6.197444 48.578056 27.460960
v -6.934026 62.787579 35.047588
v -5.928901 65.596611 15.643848
v -5.773041 65.596611 37.700790
v -31.419275 -43.188641 -27.837212
v -29.932594 -41.534939 -28.667274
v -32.749107 -42.616070 -30.091934
v 29.932880 -41.534939 -28.667265
v 31.419565 -43.188663 -27.837202
v 32.749397 -42.616077 -30.091932
v 9.487094 49.753429 29.074461
v 7.422016 49.753429 29.074461
v 9.487094 62.787579 30.055021
v 7.141925 60.561199 29.923555
v 9.487094 62.787579 30.055021
v 7.422016 49.753429 29.074461
v 4.839944 62.787579 29.951212
v 9.487094 62.787579 30.055021
v 7.141925 60.561199 29.923555
v 32.749397 -41.952175 -33.090469
v 29.932880 -41.534939 -28.667265
v 32.749397 -42.616077 -30.091932
v -29.932594 -41.534939 -28.667274
v -32.749107 -41.952175 -33.090477
v -32.749107 -42.616070 -30.091934
v 4.839944 62.787579 29.951212
v 7.153513 65.959015 30.096338
v 9.487094 62.787579 30.055021
v -9.305199 40.629311 30.720484
v -6.718920 45.053951 30.720484
v -6.718920 40.629311 30.720484
v -9.305199 45.053951 30.720484
v 9.487097 62.787582 12.326712
v 7.141927 60.561203 15.329649
v 7.141928 60.561203 12.326712
v 9.487097 62.787582 15.514639
v 9.575041 62.700935 12.123693
v 7.102087 60.363991 5.475004
v 9.575042 62.700935 5.475005
v 7.102086 60.363991 12.123693
v -8.412676 56.534821 0.744357
v -8.679184 56.550446 -6.957654
v -6.971606 55.413399 -7.125012
v 7.153512 55.413399 -7.125010
v 8.861090 56.550446 -6.957651
v 8.594580 56.534821 0.744360
v -6.934026 62.787579 35.047588
v -5.067709 56.921825 35.052967
v -6.934026 35.887905 35.052307
v 3.231440 35.887913 35.052307
v -5.067709 56.921825 35.052967
v 3.168392 56.921825 35.052967
v -6.934026 35.887905 35.052307
v -6.934025 11.479062 35.057026
v 3.231440 35.887913 35.052307
v 3.231440 11.479070 35.057022
v -6.934026 35.887905 35.052307
v 29.932880 -41.534939 -28.667265
v 25.996695 -48.259777 -29.149689
v 31.419565 -43.188663 -27.837202
v 24.510015 -46.606091 -29.979759
v -29.932594 -41.534939 -28.667274
v -25.996414 -48.259777 -29.149696
v -24.509729 -46.606091 -29.979759
v -31.419275 -43.188641 -27.837212
v -9.305199 45.053951 30.720484
v -6.718918 45.053955 20.371264
v -6.718920 45.053951 30.720484
v -9.305197 45.053955 20.371264
v 6.197444 48.578056 27.460960
v 9.487098 48.578060 8.367162
v 9.487095 48.578056 27.460962
v 6.197447 48.578060 8.367162
v 4.671720 62.741890 5.475004
v 7.102086 60.363991 12.123693
v 4.671719 62.741890 12.123693
v 7.102087 60.363991 5.475004
v 9.548818 49.984554 29.466768
v 7.711856 49.984554 29.466768
v 7.711858 49.984558 15.668134
v 7.711860 49.984558 5.765004
v 9.548821 49.984558 5.765005
v 9.548821 49.984558 5.765005
v 9.548818 49.984554 29.466768
v 7.711858 49.984558 15.668134
v -29.416788 -30.376287 -30.684624
v -9.470550 -32.290623 -42.524227
v -18.263033 -24.068401 -40.396198
v -13.675592 -45.096539 -34.494465
v 29.417080 -30.376310 -30.684629
v 10.651601 -32.290623 -42.524223
v 13.675879 -45.096539 -34.494461
v 19.444082 -24.068409 -40.396194
v 25.966120 -49.151043 -31.686081
v 32.133327 -42.472378 -27.561415
v 32.888947 -42.677235 -30.010565
v 25.210503 -48.946209 -29.236931
v -32.888657 -42.677212 -30.010574
v -25.210224 -48.946178 -29.236938
v -25.965839 -49.151043 -31.686089
v -32.133038 -42.472355 -27.561424
v 13.675879 -45.096539 -34.494461
v 29.417082 -31.990705 -23.392973
v 29.417080 -30.376310 -30.684629
v 13.675879 -45.096539 -34.494461
v 13.675876 -46.710949 -27.202806
v 29.417082 -31.990705 -23.392973
v -13.675592 -45.096539 -34.494465
v -29.416788 -31.990683 -23.392982
v -13.675593 -46.710949 -27.202810
v -13.675592 -45.096539 -34.494465
v -29.416788 -30.376287 -30.684624
v -29.416788 -31.990683 -23.392982
v 7.153517 64.867126 5.208472
v 9.487098 62.787582 5.208472
v 9.487093 62.787575 5.271025
v 28.680077 -38.320683 -31.320234
v 21.853170 -46.072071 -26.797005
v 28.680082 -39.687965 -25.144697
v 21.853170 -44.704792 -32.972557
v -28.679781 -39.687965 -25.144707
v -21.852882 -44.704792 -32.972565
v -28.679785 -38.320660 -31.320244
v -28.679781 -39.687965 -25.144707
v -21.852888 -46.072071 -26.797012
v -21.852882 -44.704792 -32.972565
v 23.697321 -47.283627 -29.988678
v 30.620142 -41.362148 -25.818449
v 30.620142 -40.809811 -28.313162
v 23.697321 -47.283627 -29.988678
v 23.697319 -47.835964 -27.493973
v 30.620142 -41.362148 -25.818449
v -30.619850 -40.809795 -28.313164
v -23.697041 -47.835949 -27.493980
v -23.697041 -47.283627 -29.988686
v -30.619850 -41.362125 -25.818459
vn -0.4081 -0.6118 0.6776
vn -0.4079 -0.6120 0.6775
vn 0.4081 -0.6118 0.6776
vn 0.4079 -0.6120 0.6775
vn -0.0003 -0.9725 -0.2330
vn -0.0006 -0.9725 -0.2330
vn -0.0005 -0.7951 0.6065
vn -0.0003 -0.7951 0.6065
vn -0.0000 -0.7951 0.6064
vn -0.6939 -0.6833 -0.2271
vn 0.6939 -0.6833 -0.2271
vn -0.6941 -0.7028 -0.1558
vn -0.6942 -0.7027 -0.1557
vn -0.6945 -0.7023 -0.1560
vn 0.6943 -0.7027 -0.1557
vn 0.6942 -0.7027 -0.1557
vn 0.6941 -0.7029 -0.1558
vn 0.6945 -0.7023 -0.1560
vn 0.6945 -0.7023 -0.1561
vn -0.0005 -0.9467 -0.3221
vn -0.0005 -0.6669 -0.7451
vn -0.0003 -0.6669 -0.7452
vn -0.0005 1.0000 -0.0005
vn -0.3784 -0.6636 0.6453
vn -0.3786 -0.6639 0.6449
vn 0.3785 -0.6638 0.6450
vn 0.3784 -0.6636 0.6453
vn -0.6297 -0.7555 -0.1809
vn 0.6945 -0.7024 -0.1559
vn 0.6297 -0.7555 -0.1809
vn -0.0005 0.9945 0.1051
vn -0.0003 0.9945 0.1051
vn 0.0493 -0.5057 -0.8613
vn -0.0377 -0.5086 -0.8602
vn 0.4850 -0.3062 -0.8191
vn 0.4850 -0.3067 -0.8190
vn -0.4850 -0.3064 -0.8191
vn -0.4850 -0.3062 -0.8191
vn -0.6943 -0.7026 -0.1557
vn 0.6943 -0.7026 -0.1557
vn 0.6941 -0.7028 -0.1558
vn -0.6945 -0.7024 -0.1555
vn 0.6288 -0.7300 -0.2679
vn -0.6288 -0.7300 -0.2679
vn 0.6287 -0.7301 -0.2678
vn -0.6285 -0.7301 -0.2681
vn 0.3903 0.9207 -0.0025
vn -0.5268 -0.4775 -0.7032
vn -0.5272 -0.4773 -0.7030
vn 0.5268 -0.4775 -0.7032
vn 0.5272 -0.4773 -0.7030
vn 0.5270 -0.4774 -0.7031
vn 0.4214 0.9069 -0.0004
vn -0.4184 0.2192 0.8814
vn 0.4184 0.2192 0.8814
vn 0.4182 0.2190 0.8816
vn 0.4185 0.2193 0.8813
vn -0.0005 0.1665 0.9860
vn -0.6453 -0.7392 0.1929
vn -0.6453 -0.7391 0.1930
vn 0.6453 -0.7391 0.1930
vn 0.4227 -0.2242 -0.8781
vn 0.4226 -0.2246 -0.8781
vn 0.6649 0.7470 -0.0005
vn -0.5519 0.8332 0.0348
vn 0.5516 0.8334 0.0346
vn -0.4051 -0.2018 -0.8917
vn -0.4050 -0.2018 -0.8918
vn -0.4052 -0.2018 -0.8917
vn 0.6649 0.7469 -0.0004
vn -0.5896 -0.3180 0.7424
vn -0.5898 -0.3181 0.7422
vn 0.5899 -0.3182 0.7421
vn 0.5896 -0.3180 0.7424
vn 0.3130 -0.6607 -0.6823
vn 0.6832 0.7302 -0.0004
vn 0.6833 0.7301 -0.0006
vn -0.3082 -0.6437 -0.7005
vn -0.5623 -0.7108 0.4225
vn -0.0005 -0.2507 0.9681
vn -0.0003 -0.2506 0.9681
vn -0.0000 -0.2506 0.9681
vn 0.5623 -0.7108 0.4226
vn -0.0006 -0.2507 0.9681
vn 0.6993 0.7148 -0.0000
vn 0.6993 0.7148 -0.0003
vn 0.6993 0.7149 -0.0005
vn -0.5220 -0.8502 0.0679
vn 0.5220 -0.8502 0.0679
vn -0.3598 -0.9110 -0.2017
vn -0.3603 -0.9108 -0.2018
vn 0.3598 -0.9110 -0.2017
vn 0.3601 -0.9108 -0.2017
vn -0.0004 -0.2693 0.9631
vn -0.0003 -0.2694 0.9630
vn -0.0005 -0.2693 0.9631
vn 0.0003 -0.2683 0.9633
vn -0.0005 -0.2692 0.9631
vn 0.0005 -0.2692 0.9631
vn -0.0003 -0.2683 0.9633
vn -0.0006 -0.2576 0.9663
vn 0.6953 0.7187 -0.0005
vn -0.0005 -0.2576 0.9663
vn 0.4713 -0.0953 0.8768
vn -0.4735 -0.0952 0.8757
vn 0.6392 0.0032 -0.7691
vn -0.6385 -0.7383 0.2174
vn -0.6384 -0.7384 0.2175
vn 0.6386 -0.7382 0.2174
vn 0.6385 -0.7383 0.2174
vn 0.6384 -0.7383 0.2175
vn -0.0005 -0.0181 0.9998
vn -0.0006 -0.0180 0.9998
vn 0.8055 0.5926 -0.0005
vn -0.0005 0.0005 1.0000
vn -0.0003 -0.0014 1.0000
vn -0.0003 -0.0024 1.0000
vn -0.0006 -0.0024 1.0000
vn 0.0015 -0.0025 1.0000
vn -0.0013 -0.0023 1.0000
vn 0.5231 -0.2196 0.8235
vn -0.5259 -0.2192 0.8218
vn -0.9837 -0.1746 -0.0418
vn -0.9838 -0.1745 -0.0415
vn -0.9838 -0.1744 -0.0414
vn 0.9837 -0.1746 -0.0418
vn 0.9838 -0.1744 -0.0414
vn 0.9838 -0.1745 -0.0415
vn -0.7902 -0.5996 0.1266
vn 0.7903 -0.5995 0.1267
vn -0.8091 0.0112 -0.5876
vn 0.8091 0.0112 -0.5876
vn -0.4147 -0.8884 -0.1968
vn -0.4148 -0.8884 -0.1969
vn 0.4146 -0.8885 -0.1968
vn 0.4147 -0.8884 -0.1968
vn -0.6685 0.7437 -0.0005
vn -0.6685 0.7437 -0.0006
vn -0.6685 0.7437 -0.0007
vn -0.6706 0.7419 -0.0005
vn -0.6705 0.7419 -0.0004
vn -0.6868 0.7268 -0.0003
vn -0.6868 0.7268 -0.0000
vn -0.7606 -0.2159 0.6122
vn 0.7606 -0.2159 0.6122
vn -0.9809 -0.1520 -0.1217
vn -0.9809 -0.1520 -0.1218
vn 0.9809 -0.1518 -0.1214
vn 0.9809 -0.1520 -0.1218
vn -0.5233 0.0883 0.8476
vn -0.5230 0.0887 0.8477
vn -0.5232 0.0884 0.8476
vn 0.5233 0.0883 0.8476
vn 0.5230 0.0887 0.8477
vn 0.5232 0.0884 0.8476
vn -0.3357 -0.1171 -0.9347
vn 0.3357 -0.1171 -0.9347
vn 0.3357 -0.1166 -0.9347
vn -0.6834 0.1441 -0.7157
vn 0.5887 -0.5593 -0.5837
vn -0.5886 -0.5247 -0.6150
vn 0.7705 -0.2643 -0.5800
vn 0.7673 -0.2720 -0.5807
vn -0.7785 -0.1767 -0.6022
vn 0.8397 -0.2321 -0.4909
vn -0.5435 -0.8131 -0.2085
vn -0.5434 -0.8131 -0.2088
vn 0.5434 -0.8131 -0.2088
vn 0.3991 -0.9040 0.1534
vn -0.3990 -0.9040 0.1538
vn -0.0004 1.0000 -0.0004
vn 0.7095 0.0994 -0.6977
vn -0.6791 0.2328 -0.6961
vn -0.6403 -0.4743 -0.6042
vn -0.3180 0.0005 0.9481
vn -0.3180 -0.0000 0.9481
vn -0.5518 0.8332 0.0347
vn -0.8997 0.4364 -0.0005
vn -0.8997 0.4364 -0.0006
vn -0.8998 0.4363 -0.0000
vn -0.0005 -0.0278 0.9996
vn -0.9240 -0.3734 -0.0827
vn -0.9238 -0.3738 -0.0826
vn 0.9239 -0.3737 -0.0826
vn 0.9240 -0.3734 -0.0827
vn 0.6687 0.5905 0.4518
vn -0.6711 0.5889 0.4504
vn -0.8076 0.5897 -0.0004
vn -0.8076 0.5897 -0.0005
vn -0.3495 0.0005 0.9369
vn -0.3495 0.0003 0.9369
vn -0.4451 -0.6388 0.6276
vn -0.4451 -0.6385 0.6279
vn 0.4451 -0.6385 0.6279
vn -0.8213 -0.5505 -0.1499
vn 0.8213 -0.5505 -0.1499
vn 0.8212 -0.5505 -0.1500
vn -0.0004 0.6963 -0.7177
vn -0.1341 0.0602 -0.9891
vn 0.7236 0.4675 -0.5078
vn -0.8985 -0.4285 -0.0952
vn 0.0066 0.2514 -0.9679
vn 0.8985 -0.4285 -0.0952
vn 0.8985 -0.4285 -0.0949
vn -0.0004 0.2711 -0.9626
vn 0.0072 0.2655 -0.9641
vn 0.7353 0.4773 -0.4812
vn 0.0006 0.2753 -0.9614
vn -0.0004 0.2712 -0.9625
vn -0.0121 0.2626 -0.9648
vn -0.0015 0.2710 -0.9626
vn 0.0015 0.2710 -0.9626
vn 0.0035 0.2702 -0.9628
vn -0.0006 0.2720 -0.9623
vn -0.0055 0.2703 -0.9628
vn -0.8026 0.5966 -0.0004
vn 0.3198 0.6887 -0.6507
vn -0.0000 0.2506 -0.9681
vn -0.0005 0.2507 -0.9681
vn -0.0003 0.2506 -0.9681
vn -0.0204 0.1316 -0.9911
vn -0.0006 0.2507 -0.9681
vn -0.4726 0.6574 -0.5869
vn -0.4726 0.6573 -0.5870
vn 0.0775 -0.0394 -0.9962
vn -0.4127 0.6150 -0.6719
vn 0.4726 0.6573 -0.5870
vn -0.2408 0.0640 -0.9685
vn 0.2926 0.2274 -0.9288
vn 0.2927 0.2269 -0.9289
vn 0.0644 0.3503 -0.9344
vn -0.7205 0.5133 -0.4663
vn 0.6344 0.5465 -0.5467
vn -0.8454 -0.1168 -0.5211
vn -0.8455 -0.1163 -0.5212
vn -0.8455 -0.1166 -0.5212
vn 0.1002 0.3035 -0.9476
vn -0.2135 0.4519 -0.8661
vn 0.2272 0.0092 -0.9738
vn 0.2272 0.0094 -0.9738
vn 0.2272 0.0093 -0.9738
vn -0.6463 0.5492 -0.5299
vn 0.1090 0.5308 -0.8404
vn 0.1088 0.5308 -0.8405
vn 0.4197 0.6919 -0.5875
vn 0.6994 0.5585 -0.4461
vn -0.8280 -0.5016 0.2505
vn 0.7335 0.5508 -0.3983
vn 0.8279 -0.5017 0.2506
vn -1.0000 0.0005 -0.0005
vn 1.0000 0.0005 -0.0005
vn 0.5613 0.5534 -0.6154
vn 0.5516 0.5779 -0.6014
vn -0.1333 0.6969 -0.7047
vn -0.1377 0.6936 -0.7071
vn -0.1336 0.6967 -0.7048
vn -0.1323 0.6929 -0.7088
vn -0.9985 0.0150 -0.0531
vn -0.1285 0.6963 -0.7062
vn -0.9985 0.0181 -0.0514
vn 0.9985 0.0181 -0.0514
vn 0.9985 0.0152 -0.0533
vn -0.1413 0.7196 -0.6798
vn -0.7891 0.0994 -0.6062
vn -0.6919 0.7164 0.0903
vn -0.8584 0.4990 0.1194
vn 0.6919 0.7163 0.0904
vn -0.8584 0.4989 0.1194
vn 0.8584 0.4988 0.1197
vn 0.8584 0.4990 0.1194
vn -0.6941 0.7028 0.1558
vn -0.6942 0.7027 0.1557
vn 0.6945 0.7024 0.1559
vn 0.6945 0.7023 0.1561
vn 0.6942 0.7027 0.1557
vn 0.6945 0.7023 0.1560
vn 0.6945 0.7024 0.1558
vn 0.6941 0.7028 0.1558
vn -0.6943 0.7026 0.1557
vn 0.0444 0.1871 -0.9813
vn -0.6424 -0.7614 0.0866
vn 0.0112 0.2516 -0.9678
vn 0.6424 -0.7615 0.0865
vn -0.0033 0.2586 -0.9660
vn -0.1773 0.8064 -0.5641
vn -0.0075 0.2508 -0.9680
vn -0.0005 0.2496 -0.9684
vn -0.0060 0.2556 -0.9668
vn -0.0015 0.2505 -0.9681
vn -0.0092 0.2584 -0.9660
vn -0.0102 0.2602 -0.9655
vn -0.0585 0.9718 0.2283
vn 0.0580 0.9719 0.2283
vn -0.0005 0.9725 0.2330
vn -0.8550 0.5162 0.0504
vn -0.8551 0.5161 0.0505
vn 0.8550 0.5162 0.0504
vn 0.8551 0.5161 0.0505
vn -0.6934 -0.7140 0.0975
vn 0.6934 -0.7140 0.0975
vn -0.3287 0.5504 -0.7674
vn -0.3287 0.5505 -0.7674
vn -0.3286 0.5501 -0.7677
vn 0.3287 0.5504 -0.7674
vn -0.7810 0.4470 -0.4361
vn -0.7890 -0.0514 0.6122
vn -0.8584 0.4988 0.1198
vn -0.8580 0.4999 0.1179
vn -0.0003 0.9794 0.2017
vn -0.0005 0.9794 0.2017
vn 0.8583 0.4994 0.1178
vn 0.8578 0.4999 0.1197
vn 0.8112 0.4449 -0.3794
vn -0.8551 0.0097 0.5184
vn -0.5762 0.4375 0.6904
vn 0.5762 0.4375 0.6904
vn -0.9987 0.0495 0.0112
vn -0.9987 0.0493 0.0112
vn -0.9987 0.0498 0.0110
vn 0.0386 -0.0435 0.9983
vn 0.7889 0.6121 0.0543
vn -0.2457 0.8537 -0.4591
vn -0.7889 0.6121 0.0541
vn -0.2644 0.8556 -0.4451
vn -0.9008 -0.1687 -0.4001
vn -0.0375 -0.0425 0.9984
vn -0.9609 -0.2702 -0.0602
vn -0.9610 -0.2700 -0.0598
vn -0.2234 0.9479 0.2269
vn 0.2234 0.9479 0.2269
vn -0.2234 0.9479 0.2270
vn 0.2234 0.9479 0.2270
vn 0.2233 0.8115 -0.5400
vn 0.2234 0.8114 -0.5401
vn 0.6943 0.7026 0.1557
vn -0.2827 0.8035 -0.5240
vn -0.6556 0.5747 0.4898
vn -0.6558 0.5746 0.4896
vn 0.8954 0.4401 0.0679
vn -0.8954 0.4401 0.0678
vn 0.6558 0.5746 0.4896
vn 0.6556 0.5747 0.4898
vn -0.8952 0.4410 0.0650
vn -0.2702 0.8957 -0.3531
vn -0.4353 -0.8789 -0.1949
vn 0.4355 -0.8789 -0.1948
vn -0.2387 0.8268 -0.5093
vn -0.2924 0.9079 -0.3004
vn 0.2802 0.9114 -0.3015
vn 0.9571 0.2837 0.0592
vn -0.6945 -0.7023 -0.1561
vn 0.7225 0.3883 -0.5720
vn -0.6945 -0.7025 -0.1555
vn -0.6945 -0.7024 -0.1559
vn -0.7225 0.3883 -0.5720
vn 0.6945 -0.7024 -0.1558
vn 0.6945 -0.7024 -0.1555
vn -0.9594 0.2771 0.0525
vn 0.9644 0.2600 0.0493
vn 0.2239 0.4615 -0.8584
vn 0.2221 0.9632 0.1517
vn 0.2223 0.9631 0.1519
vn -0.2221 0.9632 0.1517
vn -0.2223 0.9631 0.1519
vn 0.9698 0.2389 0.0494
vn -0.2239 0.4615 -0.8584
vn -0.5069 -0.8517 0.1330
vn 0.5067 -0.8517 0.1334
vn -0.0982 0.1500 -0.9838
vn -0.0983 0.1501 -0.9838
vn 0.0981 0.1497 -0.9839
vn 0.0982 0.1500 -0.9838
vn -0.0004 -0.3922 -0.9199
vn -0.0003 -0.3922 -0.9199
vn -0.9240 0.3734 0.0827
vn -0.9239 0.3737 0.0826
vn -0.0003 0.9993 0.0386
vn -0.0006 0.9993 0.0386
vn 0.9239 0.3737 0.0826
vn 0.9240 0.3734 0.0827
vn -0.7983 0.4772 0.3674
vn 0.7983 0.4772 0.3674
vn 0.7413 0.1827 -0.6458
vn -0.7415 0.1822 -0.6457
vn -0.2594 0.9430 0.2085
vn -0.2593 0.9430 0.2086
vn -0.2590 0.9430 0.2088
vn 0.7272 0.1675 -0.6657
vn -0.7272 0.1675 -0.6657
vn -0.0005 -0.0493 0.9988
vn -0.0004 -0.0494 0.9988
vn 0.5693 0.6113 -0.5497
vn -1.0000 0.0004 -0.0004
vn -1.0000 0.0003 -0.0003
vn 0.0014 -0.0014 1.0000
vn -0.3882 -0.2504 -0.8869
vn -0.3885 -0.2508 -0.8867
vn -0.0004 -0.0024 1.0000
vn 0.3882 -0.2504 -0.8869
vn 0.6494 0.5618 0.5124
vn 0.6492 0.5621 0.5124
vn 0.6491 0.5623 0.5124
vn -0.6494 0.5618 0.5124
vn -0.6492 0.5621 0.5124
vn 0.9994 0.0006 0.0347
vn 0.9994 0.0005 0.0347
vn 0.9994 0.0003 0.0347
vn -0.9994 0.0005 0.0347
vn -0.9994 0.0006 0.0347
vn -0.9994 0.0003 0.0347
vn 0.9997 0.0259 -0.0003
vn 0.9997 0.0259 -0.0000
vn 0.9997 0.0259 -0.0005
vn 0.0004 0.2690 -0.9631
vn -0.0000 0.2690 -0.9631
vn -0.0005 0.2693 -0.9631
vn -0.0003 0.2694 -0.9630
vn -0.0004 0.2693 -0.9631
vn -0.0004 0.2690 -0.9631
vn -0.0972 0.3454 -0.9334
vn 0.0973 0.3455 -0.9334
vn 0.9829 0.0023 -0.1843
vn 0.9836 0.0003 -0.1802
vn 0.9836 0.0005 -0.1803
vn -0.9829 0.0023 -0.1843
vn -0.9836 0.0005 -0.1803
vn 0.9812 0.0005 -0.1929
vn 0.9812 0.0005 -0.1930
vn -0.9836 0.0003 -0.1802
vn -0.9812 0.0005 -0.1929
vn -0.9812 0.0004 -0.1930
vn -0.0003 0.2438 -0.9698
vn -0.0005 0.2438 -0.9698
vn -0.3896 0.7638 -0.5146
vn 0.9825 -0.0074 -0.1862
vn -0.9827 -0.0090 -0.1850
vn 0.1998 -0.5626 -0.8022
vn 0.1999 -0.5626 -0.8022
vn -0.7760 -0.6002 0.1939
vn 0.7759 -0.6004 0.1935
vn -0.3316 0.9182 0.2165
vn -0.3319 0.9181 0.2164
vn 0.3316 0.9182 0.2165
vn -0.0003 0.1547 -0.9880
vn -0.0004 0.1548 -0.9879
vn 0.4564 0.2685 0.8483
vn 0.2590 -0.9430 -0.2088
vn 0.2593 -0.9430 -0.2086
vn 0.2594 -0.9430 -0.2085
vn -0.4566 0.2681 0.8483
vn 0.9990 -0.0436 -0.0097
vn 0.4566 0.2682 0.8483
vn -0.4564 0.2685 0.8483
vn 0.3151 0.9117 -0.2634
vn -0.8985 0.4285 0.0949
vn -0.8236 -0.5538 -0.1226
vn 0.8985 0.4285 0.0954
vn 0.6003 0.7663 -0.2290
vn 0.6941 0.5117 -0.5063
vn -0.3211 0.9182 -0.2321
vn -0.5300 0.7352 0.4226
vn 0.3394 0.9183 0.2037
vn 0.3391 0.9185 0.2034
vn 0.5295 0.7356 0.4224
vn -0.8874 -0.4499 -0.0999
vn 0.8875 -0.4499 -0.1001
vn -0.0973 0.0004 -0.9953
vn 0.0973 0.0004 -0.9953
vn -0.0005 0.0005 -1.0000
vn -0.8369 0.3279 0.4383
vn 0.6817 0.6860 -0.2544
vn -0.6532 0.6962 -0.2975
vn 0.8369 0.3279 0.4383
vn 0.8044 0.5542 -0.2138
vn 0.5764 0.7841 -0.2302
vn -0.9873 0.1586 -0.0000
vn -0.8209 0.5619 0.1021
vn -0.5934 0.1090 -0.7975
vn -0.5934 0.1089 -0.7975
vn 0.5933 0.1091 -0.7976
vn 0.5934 0.1089 -0.7975
vn 0.8209 0.5619 0.1021
vn -0.7615 0.1318 -0.6346
vn 0.7617 0.1312 -0.6346
vn -0.9999 0.0103 -0.0005
vn 0.9941 0.0463 0.0983
vn 0.3601 0.9108 0.2018
vn -0.3601 0.9108 0.2017
vn -0.3598 0.9110 0.2017
vn -0.3601 0.9108 0.2018
vn -1.0000 0.0006 -0.0024
vn 0.3598 0.9110 0.2017
vn -1.0000 -0.0033 -0.0025
vn -0.0973 0.9869 -0.1288
vn 0.9986 0.0445 0.0288
vn 0.8211 0.5572 0.1237
vn 0.8210 0.5574 0.1234
vn 0.8973 0.3356 -0.2867
vn 0.9988 0.0005 0.0493
vn 0.9988 0.0004 0.0494
vn 0.9988 0.0003 0.0494
vn 0.9991 0.0004 0.0434
vn 0.9983 0.0006 0.0591
vn 0.9999 0.0122 -0.0005
vn 0.9999 0.0122 -0.0006
vn 0.9999 0.0122 -0.0003
vn 0.9997 0.0004 -0.0260
vn -0.8041 -0.5846 0.1079
vn -0.4148 0.8884 0.1969
vn 0.4146 0.8885 0.1968
vn 0.4147 0.8884 0.1968
vn 0.4143 0.8886 0.1967
vn -0.5428 0.8241 0.1618
vn 0.5428 0.8242 0.1615
vn -0.0000 -0.2696 0.9630
vn 0.9990 -0.0453 -0.0000
vn 0.4080 0.7461 0.5262
vn -0.4078 0.7462 0.5262
vn -0.0007 -0.2507 0.9681
vn -0.3396 0.9392 -0.0504
vn -0.0003 -0.0346 -0.9994
vn -0.5143 0.5104 -0.6893
vn 0.5143 0.5104 -0.6893
vn -0.3024 0.9532 0.0037
vn 0.7920 0.2517 -0.5562
vn -0.7479 -0.6638 -0.0001
vn -0.7479 -0.6638 0.0001
vn -0.8043 -0.5843 -0.1079
vn -0.6389 -0.5419 -0.5460
vn -0.6388 -0.5422 -0.5459
vn 0.6389 -0.5419 -0.5460
vn 0.6388 -0.5422 -0.5459
vn 0.0114 0.0201 -0.9997
vn 0.8016 0.2007 -0.5631
vn 0.7020 0.5956 0.3904
vn -0.7020 0.5956 0.3904
vn -0.9769 -0.2136 -0.0006
vn -0.9769 -0.2136 -0.0003
vn -0.6501 0.6454 0.4011
vn 0.6502 0.6453 0.4010
vn 0.5107 -0.6817 0.5239
vn 0.5105 -0.6815 0.5243
vn -0.6472 -0.7623 -0.0004
vn -0.6472 -0.7623 -0.0003
vn 0.3490 -0.5664 0.7466
vn 0.3491 -0.5661 0.7467
vn -0.3492 -0.5660 0.7468
vn -0.3491 -0.5661 0.7467
vn -0.3490 -0.5664 0.7466
vn 0.0709 -0.4967 0.8650
vn -0.8874 0.4499 0.0999
vn 0.8875 0.4499 0.1001
vn -0.3180 0.0005 -0.9481
vn -0.3180 -0.0000 -0.9481
vn -0.7851 0.4461 0.4296
vn 0.7851 0.4461 0.4296
vn 0.5527 -0.8332 0.0171
vn -0.5530 -0.8330 0.0174
vn -0.6945 0.7024 0.1559
vn -0.6945 0.7023 0.1560
vn -0.6945 0.7025 0.1555
vn -0.6943 0.7027 0.1557
vn 0.6943 0.7027 0.1557
vn 0.6945 0.7023 0.1562
vn -0.3495 0.0006 -0.9370
vn -0.3495 0.0005 -0.9370
vn 0.9416 -0.3367 -0.0005
vn -0.0005 0.0659 -0.9978
vn -0.0006 0.0660 -0.9978
vn 0.9263 -0.3767 -0.0065
vn -0.5161 0.7068 0.4839
vn 0.5162 0.7066 0.4840
vn -0.0004 0.0748 -0.9972
vn -0.0180 0.0778 -0.9968
vn 0.0219 0.0357 -0.9991
vn 0.4354 0.8789 0.1949
vn -0.4355 0.8789 0.1948
vn 0.0223 0.0294 -0.9993
vn 0.6883 -0.7254 -0.0004
vn 0.6868 -0.7268 -0.0000
vn -0.5528 -0.8331 0.0172
vn 0.5528 -0.8331 0.0172
vn 0.0023 -0.0002 -1.0000
vn -0.0004 -0.0004 -1.0000
vn -0.3572 0.1422 0.9231
vn -0.3573 0.1422 0.9231
vn -0.3572 0.1423 0.9231
vn 0.3572 0.1423 0.9231
vn 0.3573 0.1422 0.9231
vn 0.3572 0.1422 0.9231
vn -0.0005 -1.0000 -0.0005
vn -0.6993 -0.7149 -0.0005
vn -0.6993 -0.7148 -0.0003
vn -0.6993 -0.7148 -0.0000
vn 0.5047 0.3336 0.7963
vn -0.5239 0.3599 0.7720
vn -0.6269 0.7363 -0.2546
vn 0.6269 0.7364 -0.2545
vn 0.6269 0.7363 -0.2546
vn 0.6269 0.7364 -0.2544
vn -0.6650 -0.7469 -0.0004
vt 0.375000 1.000000
vt 0.375000 0.750000
vt 0.555556 0.809902
vt 0.444444 0.809902
vt 0.625000 1.000000
vt 0.625000 0.750000
vt 0.625000 0.250000
vt 0.625000 0.500000
vt 0.625000 0.000000
vt 0.625000 0.475331
vt 0.625000 0.549116
vt 0.444444 0.628627
vt 0.555556 0.628627
vt 0.555556 0.732056
vt 0.444444 0.732056
vt 0.875000 0.500000
vt 0.856998 0.518001
vt 0.750000 0.500000
vt 0.643002 0.518001
vt 0.856998 0.625000
vt 0.875000 0.562500
vt 0.000000 0.000000
vt 0.875000 0.625000
vt 0.643002 0.625000
vt 0.643002 0.731999
vt 0.625000 0.833333
vt 0.333333 0.809902
vt 0.666667 0.809902
vt 0.625000 0.776700
vt 0.625000 0.698854
vt 0.607072 0.833333
vt 0.607227 0.916667
vt 0.607227 0.833333
vt 0.607072 0.916667
vt 0.666667 0.628627
vt 0.333333 0.628627
vt 0.875000 0.750000
vt 0.791667 0.750000
vt 0.333333 0.732056
vt 0.666667 0.732056
vt 0.625000 0.562500
vt 0.500000 0.250000
vt 0.543255 0.231946
vt 0.500000 0.500000
vt 0.500000 0.561309
vt 0.156250 0.156250
vt 0.312500 0.312500
vt 0.222222 0.809902
vt 0.777778 0.809902
vt 0.375000 0.250000
vt 0.375000 0.500000
vt 0.332085 0.024474
vt 0.095731 0.433851
vt 0.167915 0.024474
vt 0.013646 0.291676
vt 0.042154 0.130000
vt 0.250000 0.490000
vt 0.457846 0.130000
vt 0.404269 0.433851
vt 0.486354 0.291676
vt 0.303715 0.490000
vt 0.375000 0.916667
vt 0.375000 0.833333
vt 0.625000 0.625000
vt 0.625000 0.687500
vt 0.282928 0.282928
vt 0.625000 0.916667
vt 0.222222 0.732056
vt 0.222222 0.628627
vt 0.777778 0.732056
vt 0.777778 0.628627
vt 0.375000 0.000000
vt 0.111111 0.809902
vt 0.888889 0.809902
vt 0.625000 0.125000
vt 0.837700 0.732055
vt 0.776652 0.732054
vt 0.843666 0.716065
vt 0.109185 0.628631
vt 0.043978 0.628629
vt 0.075056 0.629480
vt 0.852423 0.629663
vt 0.779704 0.628631
vt 0.888233 0.628632
vt 1.000000 0.628627
vt 0.844911 0.628628
vt 0.409606 0.409606
vt 0.346267 0.346267
vt 0.000000 1.000000
vt 0.800000 1.000000
vt 0.478254 0.324164
vt 0.391068 0.055836
vt 0.108932 0.055836
vt 0.021746 0.324164
vt 0.600000 1.000000
vt 0.768125 1.000000
vt 0.464358 0.281399
vt 0.400000 1.000000
vt 0.200000 1.000000
vt 0.111111 0.732056
vt 0.800000 0.750000
vt 0.000000 0.750000
vt 0.111111 0.628627
vt 0.888889 0.732056
vt 0.889067 0.716065
vt 0.847697 0.716065
vt 0.888889 0.628627
vt 1.000181 0.716065
vt -0.000178 0.716065
vt 0.039666 0.716065
vt 0.045223 0.716065
vt 0.000000 0.500000
vt 0.375000 0.625000
vt 0.375000 0.125000
vt 0.112237 0.732054
vt 0.800000 0.500000
vt -0.029637 0.809902
vt -0.029637 0.809962
vt 0.961312 0.809902
vt 0.593150 0.718150
vt 0.593150 0.531850
vt 0.406850 0.531850
vt 0.406850 0.718150
vt 0.000942 0.628635
vt 0.000000 0.732056
vt 1.000000 0.732056
vt 0.961312 0.628627
vt -0.029637 0.628714
vt 0.469878 0.548567
vt 0.437500 0.500000
vt 0.437500 0.250000
vt 0.500000 0.231556
vt 0.595731 0.433851
vt 0.803715 0.490000
vt 0.904269 0.433851
vt 0.667915 0.024474
vt 0.513646 0.291676
vt 0.542154 0.130000
vt 0.957846 0.130000
vt 0.832085 0.024474
vt 0.986354 0.291676
vt 0.500000 0.593750
vt 0.400000 0.500000
vt 0.600000 0.500000
vt 0.608932 0.055836
vt 0.521746 0.324164
vt 0.200000 0.500000
vt 0.375000 0.875000
vt 0.856998 0.731999
vt 0.125000 0.500000
vt 0.156850 0.718150
vt 0.125000 0.750000
vt 0.156850 0.531850
vt 0.343150 0.718150
vt 0.343150 0.531850
vt 0.750000 0.490000
vt 0.891068 0.055836
vt 0.978254 0.324164
s 1
f 1/1/1 2/2/2 3/2/1
f 1/1/1 4/1/1 2/2/2
f 5/1/3 6/2/4 7/1/3
f 5/1/3 8/2/3 6/2/4
f 9/3/5 10/4/5 11/3/6
f 9/3/5 12/4/6 10/4/5
f 13/3/7 14/4/8 15/3/9
f 13/3/7 16/4/9 14/4/8
f 17/5/10 18/2/10 19/6/10
f 20/5/10 21/1/10 22/2/10
f 23/1/11 24/6/11 25/5/11
f 26/1/11 27/2/11 28/6/11
f 29/7/12 30/6/12 31/8/12
f 32/9/12 33/7/12 34/7/12
f 35/6/12 36/8/13 37/6/13
f 35/6/12 38/8/13 36/8/13
f 39/9/14 40/9/14 41/7/14
f 42/7/13 43/9/13 44/6/13
f 45/9/15 46/7/15 47/7/15
f 48/6/15 49/8/15 50/6/15
f 51/9/16 52/9/16 53/7/16
f 54/6/17 55/8/17 56/8/17
f 57/7/18 58/6/18 59/8/18
f 60/7/16 61/9/16 62/6/16
f 63/10/13 64/11/13 65/11/13
f 66/10/14 67/10/14 68/11/14
f 69/11/16 70/10/16 71/11/16
f 72/11/19 73/10/19 74/10/19
f 75/3/20 76/12/20 77/13/20
f 75/3/20 78/4/20 76/12/20
f 79/14/21 80/12/22 81/13/21
f 79/14/21 82/15/22 80/12/22
f 83/16/23 84/17/23 85/18/23
f 84/17/23 86/19/23 85/18/23
f 87/20/23 88/17/23 89/21/23
f 90/17/23 91/16/23 92/21/23
f 93/22/23 94/19/23 95/22/23
f 96/21/23 97/23/23 98/20/23
f 99/4/6 100/14/6 101/3/5
f 99/4/6 102/15/5 100/14/6
f 103/22/23 104/24/23 105/25/23
f 106/22/23 107/22/23 108/24/23
f 109/22/23 106/22/23 108/24/23
f 110/22/23 111/18/23 112/19/23
f 113/26/23 114/22/23 115/25/23
f 116/4/24 117/27/24 118/27/25
f 116/4/24 119/4/24 117/27/24
f 120/3/26 121/28/27 122/3/26
f 120/3/26 123/28/27 121/28/27
f 124/29/12 125/30/12 126/29/12
f 127/29/12 128/30/12 129/30/12
f 130/30/16 131/29/16 132/30/16
f 133/4/28 134/27/28 135/27/28
f 133/4/28 136/4/28 134/27/28
f 137/30/29 138/29/29 139/29/29
f 140/3/30 141/28/30 142/3/30
f 140/3/30 143/28/30 141/28/30
f 144/31/31 145/32/32 146/33/32
f 144/31/31 147/34/31 145/32/32
f 148/6/33 149/6/33 150/8/33
f 151/9/34 152/7/34 153/9/34
f 154/6/35 155/8/35 156/8/35
f 157/9/36 158/7/36 159/7/36
f 160/6/37 161/8/37 162/8/37
f 163/9/38 164/7/38 165/7/38
f 166/7/39 167/8/39 168/8/39
f 169/7/16 170/8/40 171/8/41
f 169/7/16 172/7/16 170/8/40
f 173/7/42 174/7/42 175/8/42
f 176/28/43 177/13/43 178/35/43
f 179/12/44 180/27/44 181/36/44
f 182/28/45 183/3/45 184/13/45
f 185/12/46 186/4/46 187/27/46
f 188/37/47 189/38/47 190/20/47
f 191/15/48 192/36/49 193/12/48
f 191/15/48 194/39/49 192/36/49
f 195/35/50 196/14/51 197/13/50
f 195/35/50 198/40/52 196/14/51
f 199/37/53 200/20/53 201/23/53
f 202/27/28 203/15/28 204/4/28
f 202/27/28 205/39/28 203/15/28
f 206/28/30 207/14/30 208/40/30
f 206/28/30 209/3/30 207/14/30
f 210/31/23 211/34/23 212/31/23
f 213/31/23 214/34/23 215/34/23
f 216/1/54 217/2/54 218/2/54
f 216/1/54 219/1/54 217/2/54
f 220/1/55 221/2/55 222/2/56
f 220/1/55 223/1/57 221/2/55
f 224/26/58 225/6/58 226/22/58
f 227/30/59 228/10/60 229/29/59
f 227/30/59 230/11/59 228/10/60
f 231/11/61 232/29/61 233/30/61
f 234/11/61 235/10/61 236/29/61
f 237/6/62 238/7/63 239/8/63
f 237/6/62 240/9/63 238/7/63
f 241/22/64 242/41/64 243/8/64
f 244/42/65 245/42/65 246/43/65
f 247/44/66 248/45/66 249/44/66
f 250/8/67 251/9/68 252/7/67
f 250/8/67 253/6/69 251/9/68
f 254/22/70 255/46/70 256/47/70
f 257/22/70 258/22/70 259/46/70
f 260/27/71 261/48/71 262/48/71
f 263/27/72 264/27/72 265/48/72
f 266/28/73 267/49/73 268/28/73
f 269/28/74 270/49/74 271/49/74
f 272/7/75 273/9/75 274/9/75
f 275/5/76 276/2/77 277/6/76
f 275/5/76 278/1/76 276/2/77
f 279/8/78 280/6/78 281/6/78
f 282/1/79 283/50/79 284/1/79
f 285/2/79 286/2/79 287/51/79
f 288/1/80 289/2/80 290/2/81
f 288/1/80 291/1/80 289/2/80
f 292/1/80 293/2/81 294/2/82
f 292/1/80 295/1/80 293/2/81
f 296/2/81 297/1/81 298/2/80
f 296/2/81 299/1/80 297/1/81
f 300/2/83 301/2/83 302/51/83
f 303/2/82 304/1/82 305/2/80
f 303/2/82 306/1/84 304/1/82
f 307/1/83 308/50/83 309/1/83
f 310/5/85 311/2/86 312/6/87
f 310/5/85 313/1/85 311/2/86
f 314/51/88 315/2/88 316/2/88
f 317/1/89 318/50/89 319/1/89
f 320/6/90 321/8/90 322/8/90
f 323/6/91 324/6/91 325/8/91
f 326/7/92 327/9/93 328/7/93
f 326/7/92 329/9/93 327/9/93
f 330/52/94 331/53/95 332/54/94
f 331/53/95 333/55/96 332/54/94
f 333/55/96 334/56/95 332/54/94
f 330/52/94 335/57/94 331/53/95
f 335/57/94 330/52/94 336/58/94
f 335/57/94 336/58/94 337/59/95
f 338/60/96 337/59/95 336/58/94
f 339/57/97 340/59/97 341/61/97
f 342/57/98 343/53/98 344/53/98
f 345/57/99 346/59/99 347/59/99
f 348/57/100 349/61/100 350/53/100
f 351/62/101 352/63/101 353/62/101
f 354/64/23 355/65/23 356/64/23
f 354/64/23 357/65/23 355/65/23
f 358/22/102 359/22/102 360/22/102
f 361/62/103 362/63/103 363/63/103
f 364/22/102 365/66/102 366/22/102
f 367/2/104 368/63/104 369/2/104
f 370/1/105 371/1/105 372/62/105
f 373/9/106 374/7/106 375/9/106
f 376/7/107 377/8/107 378/7/107
f 376/7/107 379/8/108 377/8/107
f 380/7/109 381/8/110 382/7/110
f 380/7/109 383/8/111 381/8/110
f 384/32/112 385/63/112 386/33/113
f 384/32/112 387/62/113 385/63/112
f 388/22/114 389/22/114 390/6/114
f 391/22/114 392/22/114 393/22/114
f 394/5/115 395/67/115 396/5/115
f 397/5/115 398/67/115 399/67/115
f 400/6/116 401/26/116 402/31/116
f 403/1/117 404/62/117 405/34/117
f 406/31/118 407/63/118 408/2/118
f 409/2/119 410/6/119 411/31/119
f 412/67/116 413/5/116 414/34/116
f 415/5/120 416/1/120 417/34/120
f 418/63/121 419/63/121 420/2/121
f 421/1/122 422/62/122 423/62/122
f 424/27/123 425/48/124 426/48/125
f 424/27/123 427/27/123 425/48/124
f 428/28/126 429/49/127 430/28/126
f 428/28/126 431/49/128 429/49/127
f 432/1/129 433/50/129 434/1/129
f 435/51/130 436/2/130 437/2/130
f 438/68/131 439/36/131 440/39/131
f 438/68/131 441/69/131 439/36/131
f 442/70/132 443/35/132 444/71/132
f 442/70/132 445/40/132 443/35/132
f 446/11/133 447/30/133 448/30/133
f 446/11/133 449/11/134 447/30/133
f 450/10/135 451/29/136 452/10/135
f 450/10/135 453/29/135 451/29/136
f 454/22/137 455/22/137 456/22/138
f 454/22/137 457/22/137 455/22/137
f 458/22/139 459/8/139 460/18/139
f 461/22/138 462/22/138 463/8/138
f 464/7/140 465/72/141 466/9/140
f 464/7/140 467/50/140 465/72/141
f 468/7/142 469/72/142 470/9/143
f 468/7/142 471/50/143 469/72/142
f 472/73/144 473/73/144 474/73/144
f 475/74/145 476/74/145 477/74/145
f 478/36/146 479/48/146 480/69/146
f 481/36/147 482/27/147 483/48/147
f 484/49/148 485/35/148 486/71/148
f 487/49/149 488/28/149 489/35/149
f 490/48/150 491/73/151 492/73/152
f 490/48/150 493/48/151 491/73/151
f 494/49/153 495/74/154 496/49/154
f 494/49/153 497/74/155 495/74/154
f 498/8/156 499/7/156 500/7/156
f 498/8/156 501/8/156 499/7/156
f 502/7/157 503/8/157 504/7/157
f 502/7/157 505/8/158 503/8/157
f 506/6/159 507/6/159 508/8/159
f 509/39/124 510/48/123 511/68/123
f 509/39/124 512/27/123 510/48/123
f 513/49/126 514/40/128 515/70/128
f 513/49/126 516/28/126 514/40/128
f 517/7/160 518/9/160 519/7/160
f 520/8/161 521/8/161 522/6/161
f 523/8/162 524/6/162 525/8/162
f 526/8/163 527/8/163 528/6/163
f 529/7/164 530/9/164 531/9/164
f 532/6/165 533/8/165 534/8/165
f 535/6/166 536/51/166 537/8/166
f 538/6/167 539/2/167 540/51/167
f 541/50/168 542/9/168 543/7/168
f 544/50/168 545/72/168 546/9/168
f 547/2/169 548/51/169 549/51/169
f 550/50/170 551/50/170 552/1/170
f 553/22/171 554/22/23 555/22/23
f 553/22/171 556/22/23 554/22/23
f 557/22/23 556/22/23 553/22/171
f 557/22/23 558/22/23 556/22/23
f 557/22/23 553/22/171 559/22/23
f 553/22/171 560/22/23 559/22/23
f 561/8/172 562/6/172 563/8/172
f 564/9/173 565/7/173 566/9/173
f 567/7/174 568/9/174 569/7/174
f 570/44/66 571/45/66 572/44/66
f 573/22/175 574/22/175 575/22/175
f 573/22/175 575/22/175 576/22/176
f 577/42/177 578/42/177 579/43/177
f 580/7/115 581/1/115 582/5/115
f 583/9/178 584/75/179 585/75/180
f 583/9/178 586/9/179 584/75/179
f 587/1/181 588/1/181 589/7/181
f 590/7/182 591/9/182 592/9/182
f 593/1/181 594/1/181 595/1/181
f 596/7/183 597/7/183 598/9/183
f 599/6/184 600/8/184 601/8/185
f 599/6/184 602/6/185 600/8/184
f 603/63/186 604/2/186 605/2/186
f 606/1/187 607/62/187 608/1/187
f 609/22/188 610/22/188 611/22/188
f 612/22/189 613/26/189 614/22/189
f 615/22/190 616/22/191 617/22/190
f 615/22/190 617/22/190 618/22/191
f 619/1/192 620/51/192 621/2/192
f 622/1/193 623/50/193 624/51/193
f 625/1/194 626/51/194 627/2/194
f 625/1/194 628/50/194 626/51/194
f 629/50/195 630/9/195 631/7/195
f 632/50/195 633/72/195 634/9/195
f 635/6/196 636/51/196 637/8/196
f 638/6/197 639/2/197 640/51/197
f 641/23/198 642/20/198 643/23/198
f 644/8/199 645/8/199 646/6/199
f 647/76/200 648/77/200 649/78/200
f 650/10/201 651/29/201 652/10/201
f 653/10/201 654/29/201 655/29/201
f 656/79/202 657/80/202 658/81/202
f 659/11/203 660/30/204 661/30/204
f 659/11/203 662/11/204 660/30/204
f 663/12/205 664/82/205 665/13/205
f 666/69/206 667/79/206 668/81/206
f 669/83/207 670/78/207 671/77/207
f 672/84/208 673/82/208 674/81/208
f 675/85/209 676/84/209 677/81/209
f 678/82/210 679/86/210 680/71/210
f 681/35/211 682/13/211 683/82/211
f 684/12/212 685/36/212 686/81/212
f 687/36/213 688/69/213 689/81/213
f 690/12/214 691/81/214 692/82/214
f 693/71/215 694/35/215 695/82/215
f 696/87/216 697/22/216 698/88/216
f 699/87/216 700/22/216 701/22/216
f 702/23/217 703/20/217 704/20/217
f 705/89/218 706/90/218 707/89/218
f 708/89/219 709/91/219 710/90/219
f 711/92/219 712/57/219 713/93/220
f 714/94/220 713/93/220 712/57/219
f 715/95/221 716/90/221 717/96/221
f 718/92/222 719/97/222 720/57/222
f 721/6/223 722/8/223 723/8/223
f 724/9/224 725/7/224 726/7/224
f 727/95/225 728/98/225 729/98/225
f 730/95/225 731/95/225 732/98/225
f 733/8/226 734/9/226 735/7/226
f 736/8/227 737/8/227 738/6/227
f 739/9/227 740/7/227 741/7/227
f 742/8/226 743/6/226 744/9/226
f 745/95/228 746/96/228 747/95/228
f 748/99/229 749/93/229 750/99/229
f 751/99/230 752/93/230 753/93/230
f 754/89/231 755/97/231 756/91/231
f 757/69/232 758/68/232 759/100/232
f 760/83/233 761/86/233 762/78/233
f 763/89/234 764/101/235 765/102/235
f 763/89/234 766/90/236 764/101/235
f 767/89/237 768/91/237 769/89/237
f 770/89/238 771/89/238 772/97/238
f 773/16/239 774/6/239 775/8/240
f 773/16/239 776/37/241 774/6/239
f 777/69/242 778/100/242 779/103/242
f 780/89/243 781/99/243 782/89/243
f 780/89/243 783/99/244 781/99/243
f 784/9/245 785/7/245 786/9/245
f 787/78/246 788/104/246 789/76/246
f 790/2/247 791/51/247 792/51/247
f 793/78/248 794/105/248 795/104/248
f 796/50/249 797/50/249 798/1/249
f 799/73/250 800/73/250 801/73/250
f 799/73/250 802/73/250 800/73/250
f 803/74/251 804/74/251 805/74/251
f 803/74/251 806/74/251 804/74/251
f 807/22/115 808/22/115 809/22/115
f 807/22/115 810/22/115 808/22/115
f 811/84/252 812/106/252 813/82/252
f 814/84/253 815/105/253 816/106/253
f 817/22/254 818/22/254 819/102/254
f 820/102/255 821/102/255 822/22/255
f 823/102/256 824/22/256 825/22/256
f 826/102/257 827/22/257 828/102/257
f 826/102/257 829/22/257 827/22/257
f 830/73/258 831/103/258 832/103/258
f 833/22/259 834/102/259 835/102/259
f 836/73/260 837/73/260 838/103/260
f 839/74/261 840/107/261 841/74/261
f 842/74/262 843/107/262 844/107/262
f 845/102/263 846/102/263 847/102/263
f 845/102/263 848/102/263 846/102/263
f 849/22/264 850/22/264 851/22/264
f 852/5/265 853/2/265 854/6/265
f 855/5/265 856/1/265 857/2/265
f 858/48/266 859/73/266 860/73/266
f 861/1/267 862/6/267 863/5/267
f 864/48/268 865/48/268 866/73/268
f 867/1/267 868/2/267 869/6/267
f 870/49/269 871/74/269 872/49/269
f 873/49/270 874/74/270 875/74/270
f 876/7/271 877/6/271 878/8/271
f 879/9/271 880/7/271 881/7/271
f 879/9/271 882/9/272 880/7/271
f 883/6/271 884/8/272 885/6/271
f 883/6/271 886/8/271 884/8/272
f 887/7/272 888/9/272 889/6/272
f 890/9/273 891/7/273 892/7/274
f 890/9/273 893/9/273 891/7/273
f 894/6/275 895/8/275 896/6/275
f 897/6/276 898/8/276 899/8/276
f 900/7/277 901/6/277 902/8/277
f 903/7/278 904/9/278 905/6/278
f 906/10/271 907/11/272 908/11/279
f 906/10/271 909/10/272 907/11/272
f 910/11/276 911/10/276 912/11/276
f 913/11/278 914/10/278 915/10/278
f 916/9/280 917/7/280 918/7/280
f 919/30/281 920/11/281 921/11/281
f 922/22/282 923/7/282 924/7/282
f 925/10/283 926/10/283 927/29/283
f 928/105/284 929/78/284 930/106/284
f 931/6/285 932/6/285 933/8/285
f 934/105/286 935/108/286 936/108/286
f 937/109/287 938/110/287 939/111/287
f 940/105/288 941/105/288 942/108/288
f 943/109/289 944/109/289 945/110/289
f 946/105/290 947/106/290 948/105/290
f 949/22/220 950/7/220 951/8/220
f 952/22/291 953/8/291 954/8/291
f 955/1/292 956/62/292 957/62/292
f 958/63/293 959/2/293 960/63/293
f 961/62/294 962/63/294 963/63/294
f 964/62/294 965/62/294 966/63/294
f 967/69/295 968/73/295 969/103/295
f 970/69/296 971/48/296 972/73/296
f 973/74/297 974/71/297 975/107/297
f 976/74/298 977/49/298 978/71/298
f 979/10/299 980/10/299 981/29/299
f 982/30/300 983/11/300 984/11/300
f 985/8/301 986/7/302 987/7/302
f 985/8/301 988/8/303 986/7/302
f 989/8/304 990/7/304 991/7/304
f 989/8/304 992/8/304 990/7/304
f 993/8/305 994/6/305 995/6/305
f 996/26/306 997/31/306 998/31/306
f 999/30/271 1000/29/271 1001/30/271
f 1002/30/271 1003/29/271 1004/29/271
f 1005/30/275 1006/29/275 1007/29/275
f 1008/30/278 1009/30/278 1010/29/278
f 1011/73/307 1012/68/307 1013/48/307
f 1014/73/308 1015/100/308 1016/68/308
f 1017/64/309 1018/65/309 1019/64/309
f 1017/64/309 1020/65/310 1018/65/309
f 1021/49/311 1022/76/311 1023/104/311
f 1023/104/311 1024/74/311 1021/49/311
f 1025/49/312 1026/77/312 1027/76/312
f 1028/7/313 1029/9/313 1030/9/313
f 1031/26/314 1032/25/314 1033/31/314
f 1034/1/315 1035/50/315 1036/1/315
f 1037/2/315 1038/2/315 1039/51/315
f 1040/2/316 1041/2/316 1042/51/316
f 1043/1/316 1044/50/316 1045/1/316
f 1046/112/317 1047/102/318 1048/102/319
f 1046/112/317 1049/112/317 1047/102/318
f 1050/22/320 1051/22/320 1052/66/320
f 1053/22/321 1054/51/321 1055/113/321
f 1056/79/322 1057/111/322 1058/80/322
f 1059/114/323 1060/50/323 1061/22/323
f 1062/79/324 1063/115/324 1064/111/324
f 1065/22/325 1066/22/325 1067/22/325
f 1068/22/326 1069/66/326 1070/46/326
f 1071/112/327 1072/101/327 1073/116/327
f 1071/112/327 1074/102/328 1072/101/327
f 1075/73/329 1076/117/329 1077/118/329
f 1078/119/330 1079/74/330 1080/119/330
f 1081/73/331 1082/73/331 1083/117/331
f 1084/119/332 1085/74/332 1086/74/332
f 1087/8/115 1088/120/115 1089/121/115
f 1087/8/115 1089/121/115 1090/122/115
f 1087/8/115 1091/6/115 1088/120/115
f 1087/8/115 1090/122/115 1092/51/115
f 1091/6/115 1093/123/115 1088/120/115
f 1094/2/115 1092/51/115 1090/122/115
f 1091/6/115 1094/2/115 1093/123/115
f 1094/2/115 1090/122/115 1093/123/115
f 1095/7/271 1096/8/271 1097/7/272
f 1095/7/271 1098/8/271 1096/8/271
f 1099/108/333 1100/84/333 1101/85/334
f 1099/108/333 1102/105/334 1100/84/333
f 1103/7/278 1104/8/275 1105/7/335
f 1103/7/278 1106/8/275 1104/8/275
f 1107/124/336 1108/81/336 1109/110/336
f 1110/30/337 1111/10/338 1112/29/337
f 1110/30/337 1113/11/338 1111/10/338
f 1114/22/339 1115/113/339 1116/113/339
f 1117/22/340 1118/114/340 1119/114/340
f 1120/30/341 1121/10/342 1122/29/341
f 1120/30/341 1123/11/341 1121/10/342
f 1124/72/343 1125/114/343 1126/114/343
f 1127/111/344 1128/115/344 1129/125/344
f 1130/10/345 1131/29/345 1132/10/345
f 1133/30/346 1134/11/346 1135/11/346
f 1136/124/347 1137/110/347 1138/109/347
f 1139/111/348 1140/125/348 1141/109/348
f 1142/126/349 1143/105/349 1144/108/349
f 1142/126/349 1145/104/349 1143/105/349
f 1146/2/350 1147/2/350 1148/65/350
f 1149/7/351 1150/7/351 1151/7/351
f 1152/22/352 1153/22/352 1154/51/352
f 1155/8/353 1156/8/14 1157/8/354
f 1155/8/353 1158/8/14 1156/8/14
f 1155/8/353 1159/8/14 1158/8/14
f 1160/7/12 1161/7/12 1162/7/12
f 1162/7/13 1163/7/12 1164/7/13
f 1162/7/13 1164/7/13 1165/7/13
f 1162/7/13 1165/7/13 1166/7/12
f 1165/7/13 1167/7/12 1166/7/12
f 1168/8/12 1169/8/12 1170/8/12
f 1168/8/12 1171/8/13 1169/8/12
f 1172/8/13 1173/8/13 1170/8/13
f 1174/50/355 1175/22/355 1176/22/355
f 1177/8/41 1178/8/41 1179/8/41
f 1177/8/41 1180/8/41 1178/8/41
f 1181/8/16 1177/8/41 1179/8/41
f 1182/7/18 1183/7/18 1184/7/18
f 1185/7/16 1186/7/16 1187/7/16
f 1187/7/41 1188/7/16 1189/7/41
f 1187/7/41 1189/7/41 1190/7/16
f 1187/7/41 1190/7/16 1191/7/40
f 1190/7/16 1192/7/41 1191/7/40
f 1193/8/356 1194/8/356 1195/8/356
f 1196/8/19 1197/8/19 1193/8/19
f 1198/8/357 1199/8/357 1200/8/357
f 1201/72/358 1202/114/358 1203/72/358
f 1204/2/359 1205/113/359 1206/65/359
f 1207/16/360 1208/6/360 1209/8/360
f 1207/16/360 1210/37/360 1208/6/360
f 1211/107/361 1212/119/362 1213/74/362
f 1211/107/361 1214/127/361 1212/119/362
f 1215/103/363 1216/118/364 1217/128/363
f 1215/103/363 1218/73/363 1216/118/364
f 1219/65/365 1220/113/365 1221/64/365
f 1222/8/366 1223/37/366 1224/6/366
f 1225/8/366 1226/16/366 1227/37/366
f 1228/29/367 1229/29/367 1230/10/367
f 1231/30/368 1232/30/368 1233/11/368
f 1234/10/369 1235/11/370 1236/11/370
f 1234/10/369 1237/10/369 1235/11/370
f 1238/10/371 1239/11/371 1240/10/372
f 1238/10/371 1241/11/371 1239/11/371
f 1242/3/373 1243/4/373 1244/3/373
f 1242/3/373 1245/4/374 1243/4/373
f 1246/6/375 1247/8/375 1248/8/376
f 1246/6/375 1249/6/375 1247/8/375
f 1250/2/377 1251/63/377 1252/63/377
f 1253/62/378 1254/1/378 1255/62/378
f 1256/7/379 1257/9/380 1258/7/379
f 1256/7/379 1259/9/380 1257/9/380
f 1260/51/381 1261/2/381 1262/2/381
f 1263/1/382 1264/50/382 1265/1/382
f 1266/22/383 1267/22/383 1268/22/383
f 1269/22/384 1270/22/384 1271/22/384
f 1272/102/385 1273/112/386 1274/102/386
f 1272/102/385 1275/112/387 1273/112/386
f 1276/22/388 1277/22/388 1278/22/388
f 1279/22/389 1280/22/389 1281/22/389
f 1282/22/250 1283/22/250 1284/22/250
f 1285/22/250 1283/22/250 1282/22/250
f 1285/22/250 1286/22/250 1283/22/250
f 1283/22/250 1286/22/250 1287/22/250
f 1287/22/250 1286/22/250 1288/22/250
f 1287/22/250 1288/22/250 1289/22/250
f 1290/22/251 1291/113/251 1292/22/251
f 1291/113/251 1293/2/251 1294/2/251
f 1295/113/251 1296/2/251 1297/22/251
f 1298/72/250 1299/72/250 1300/114/250
f 1301/22/250 1302/72/250 1303/114/250
f 1304/22/250 1305/22/250 1306/114/250
f 1307/64/390 1308/64/390 1309/64/391
f 1307/64/390 1310/64/391 1308/64/390
f 1311/2/251 1312/2/251 1313/1/251
f 1312/2/251 1314/1/251 1313/1/251
f 1315/2/251 1316/2/251 1317/2/251
f 1318/2/251 1319/2/251 1320/1/251
f 1321/65/251 1322/65/251 1323/2/251
f 1322/65/251 1324/65/251 1323/2/251
f 1324/65/251 1322/65/251 1325/64/251
f 1324/65/251 1326/65/251 1327/6/251
f 1328/65/251 1329/64/251 1330/64/251
f 1331/113/392 1332/113/392 1333/64/392
f 1334/113/251 1335/64/251 1336/64/251
f 1334/113/251 1336/64/251 1337/64/251
f 1338/65/251 1339/6/251 1340/2/251
f 1341/22/250 1342/22/250 1343/22/250
f 1342/22/250 1344/22/250 1343/22/250
f 1345/22/250 1344/22/250 1342/22/250
f 1345/22/250 1342/22/250 1346/22/250
f 1347/22/250 1345/22/250 1346/22/250
f 1345/22/250 1347/22/250 1348/22/393
f 1348/22/393 1347/22/250 1349/22/250
f 1348/22/393 1349/22/250 1350/22/250
f 1343/22/250 1351/22/250 1341/22/250
f 1343/22/250 1352/22/250 1351/22/250
f 1353/22/394 1350/22/250 1341/22/250
f 1348/22/393 1350/22/250 1353/22/394
f 1351/22/250 1353/22/394 1341/22/250
f 1354/22/250 1348/22/393 1353/22/394
f 1355/22/250 1353/22/394 1351/22/250
f 1355/22/250 1356/22/250 1353/22/394
f 1357/22/250 1356/22/250 1355/22/250
f 1357/22/250 1355/22/250 1358/22/250
f 1359/30/219 1360/5/219 1361/6/220
f 1359/30/219 1362/29/222 1360/5/219
f 1361/6/220 1363/11/220 1359/30/219
f 1360/5/219 1362/29/222 1364/10/219
f 1361/6/220 1365/8/220 1363/11/220
f 1360/5/219 1364/10/219 1366/7/220
f 1366/7/220 1363/11/220 1365/8/220
f 1366/7/220 1364/10/219 1363/11/220
f 1367/22/115 1368/47/115 1369/22/115
f 1370/22/115 1371/47/115 1372/22/115
f 1373/22/115 1372/22/115 1371/47/115
f 1374/87/115 1375/22/115 1376/22/115
f 1377/6/219 1378/29/220 1379/5/220
f 1379/5/220 1378/29/220 1380/10/219
f 1377/6/219 1381/30/220 1378/29/220
f 1379/5/220 1380/10/219 1382/7/219
f 1377/6/219 1383/11/219 1381/30/220
f 1382/7/219 1380/10/219 1383/11/219
f 1377/6/219 1384/8/219 1383/11/219
f 1382/7/219 1383/11/219 1384/8/219
f 1385/6/218 1386/11/220 1387/30/219
f 1385/6/218 1388/8/222 1386/11/220
f 1389/5/219 1385/6/218 1387/30/219
f 1390/7/219 1386/11/220 1388/8/222
f 1389/5/219 1387/30/219 1391/29/219
f 1390/7/219 1392/10/219 1386/11/220
f 1389/5/219 1391/29/219 1392/10/219
f 1389/5/219 1392/10/219 1390/7/219
f 1393/6/222 1394/11/219 1395/30/222
f 1393/6/222 1395/30/222 1396/29/222
f 1393/6/222 1397/8/220 1394/11/219
f 1393/6/222 1396/29/222 1398/5/220
f 1399/10/218 1394/11/219 1397/8/220
f 1398/5/220 1396/29/222 1399/10/218
f 1399/10/218 1397/8/220 1400/7/219
f 1398/5/220 1399/10/218 1400/7/219
f 1401/22/395 1402/47/395 1403/64/395
f 1404/4/396 1405/27/396 1406/27/397
f 1404/4/396 1407/4/396 1405/27/396
f 1408/47/398 1409/64/398 1410/64/398
f 1411/3/399 1412/28/399 1413/3/399
f 1411/3/399 1414/28/399 1412/28/399
f 1415/7/400 1416/8/401 1417/8/402
f 1415/7/400 1418/7/400 1416/8/401
f 1419/7/403 1420/8/404 1421/8/403
f 1419/7/403 1422/7/404 1420/8/404
f 1423/45/405 1424/129/405 1425/130/405
f 1426/44/406 1427/45/406 1428/130/406
f 1429/45/406 1430/129/406 1431/130/406
f 1432/44/407 1433/45/407 1434/130/407
f 1435/43/408 1436/131/408 1437/132/408
f 1438/43/409 1439/131/409 1440/132/409
f 1441/42/408 1442/131/408 1443/43/408
f 1444/42/410 1445/131/410 1446/43/410
f 1447/87/411 1448/65/411 1449/64/411
f 1450/65/412 1451/88/412 1452/66/412
f 1453/66/413 1454/46/413 1455/65/413
f 1456/65/413 1457/87/413 1458/88/413
f 1459/133/414 1460/134/414 1461/133/414
f 1462/133/415 1463/134/415 1464/135/415
f 1465/135/416 1466/136/417 1467/133/418
f 1468/137/417 1467/133/418 1466/136/417
f 1466/136/417 1469/138/418 1468/137/417
f 1465/135/416 1470/139/417 1466/136/417
f 1470/139/417 1471/140/418 1466/136/417
f 1465/135/416 1472/141/417 1470/139/417
f 1473/134/419 1474/135/419 1475/135/419
f 1476/10/420 1477/11/420 1478/11/420
f 1476/10/420 1479/10/420 1477/11/420
f 1480/10/421 1481/11/421 1482/10/421
f 1480/10/421 1483/11/421 1481/11/421
f 1484/113/422 1485/51/422 1486/129/422
f 1487/44/423 1488/129/423 1489/45/423
f 1490/44/423 1491/8/423 1492/45/423
f 1493/51/424 1494/130/424 1495/129/424
f 1496/132/425 1497/50/425 1498/22/425
f 1499/44/423 1500/130/423 1501/129/423
f 1502/132/426 1503/131/426 1504/50/426
f 1505/129/427 1506/45/427 1507/142/427
f 1508/142/428 1509/129/428 1510/45/428
f 1511/142/428 1512/113/428 1513/129/428
f 1514/42/429 1515/132/429 1516/131/429
f 1517/45/428 1518/129/428 1519/142/428
f 1520/16/429 1521/42/429 1522/43/429
f 1523/45/427 1524/41/427 1525/142/427
f 1526/42/429 1527/43/429 1528/132/429
f 1529/43/430 1530/22/430 1531/21/430
f 1532/132/430 1533/22/430 1534/22/430
f 1535/132/431 1536/22/431 1537/43/431
f 1538/43/430 1539/132/430 1536/22/430
f 1540/132/430 1541/43/430 1542/22/430
f 1543/22/432 1544/22/432 1545/22/433
f 1543/22/432 1546/22/433 1544/22/432
f 1547/7/434 1548/7/434 1549/9/434
f 1550/8/435 1551/41/435 1552/45/435
f 1553/21/436 1554/16/436 1555/43/436
f 1556/22/437 1557/22/437 1558/22/437
f 1559/22/438 1560/22/438 1561/22/438
f 1562/30/439 1563/30/439 1564/11/439
f 1565/29/440 1566/29/440 1567/10/440
f 1568/53/441 1569/125/441 1570/100/441
f 1571/53/442 1572/57/442 1573/125/442
f 1574/74/443 1575/125/443 1576/57/443
f 1577/74/443 1578/104/443 1579/125/443
f 1580/65/251 1581/64/251 1582/64/251
f 1580/65/251 1583/65/251 1581/64/251
f 1584/22/444 1585/51/444 1586/22/444
f 1587/22/445 1588/50/445 1589/51/445
f 1590/89/386 1591/102/387 1592/89/386
f 1590/89/386 1593/102/386 1591/102/387
f 1590/89/386 1594/102/387 1593/102/386
f 1591/102/387 1595/102/387 1592/89/386
f 1596/89/385 1592/89/386 1595/102/387
f 1597/112/386 1596/89/385 1595/102/387
f 1597/112/386 1595/102/387 1598/112/386
f 1599/102/386 1600/102/387 1601/102/386
f 1599/102/386 1602/102/386 1600/102/387
f 1603/33/251 1604/63/251 1605/31/251
f 1603/33/251 1606/63/251 1604/63/251
f 1607/50/446 1608/2/446 1609/1/446
f 1610/95/447 1611/143/448 1612/144/449
f 1610/95/447 1613/98/448 1611/143/448
f 1614/1/450 1615/51/450 1616/2/450
f 1617/99/451 1618/145/451 1619/93/451
f 1620/50/452 1621/51/452 1622/2/452
f 1623/1/453 1624/50/453 1625/51/453
f 1626/99/451 1627/146/451 1628/145/451
f 1629/32/250 1630/62/250 1631/62/250
f 1629/32/250 1632/34/250 1630/62/250
f 1633/8/454 1634/6/454 1635/6/454
f 1636/11/455 1637/30/455 1638/30/455
f 1639/11/455 1640/11/455 1641/30/455
f 1642/95/456 1643/116/456 1644/90/456
f 1645/10/457 1646/29/457 1647/10/457
f 1648/10/457 1649/29/457 1650/29/457
f 1651/95/456 1652/144/456 1653/116/456
f 1654/80/458 1655/111/458 1656/110/458
f 1657/22/459 1658/22/459 1659/22/459
f 1660/7/460 1661/9/460 1662/9/460
f 1663/1/461 1664/50/461 1665/1/461
f 1666/99/462 1667/112/462 1668/147/462
f 1666/99/462 1669/89/463 1667/112/462
f 1670/51/464 1671/2/464 1672/2/464
f 1673/30/465 1674/11/465 1675/11/465
f 1676/10/466 1677/29/466 1678/10/466
f 1679/42/467 1680/131/467 1681/42/467
f 1679/42/467 1682/131/467 1680/131/467
f 1683/44/468 1684/130/468 1685/130/468
f 1683/44/468 1686/44/468 1684/130/468
f 1687/44/468 1688/130/468 1689/130/468
f 1687/44/468 1690/44/468 1688/130/468
f 1691/42/467 1692/131/467 1693/42/467
f 1691/42/467 1694/131/467 1692/131/467
f 1695/18/469 1696/8/469 1697/44/469
f 1698/42/469 1699/18/469 1700/44/469
f 1701/131/469 1702/51/469 1703/50/469
f 1701/131/469 1704/130/469 1702/51/469
f 1705/42/469 1704/130/469 1701/131/469
f 1705/42/469 1706/44/469 1704/130/469
f 1707/44/469 1708/131/469 1709/42/469
f 1707/44/469 1710/130/469 1708/131/469
f 1711/131/469 1712/44/469 1713/42/469
f 1711/131/469 1714/130/469 1712/44/469
f 1715/42/469 1716/16/469 1717/18/469
f 1718/50/470 1719/50/470 1720/1/470
f 1721/7/471 1722/9/471 1723/7/471
f 1724/8/472 1725/8/472 1726/6/472
f 1727/2/473 1728/51/473 1729/51/473
f 1730/80/474 1731/110/474 1732/81/474
f 1733/8/475 1734/8/475 1735/6/475
f 1736/2/476 1737/2/476 1738/2/476
f 1739/2/476 1740/148/476 1741/2/476
f 1742/6/477 1743/51/477 1744/8/477
f 1745/6/477 1746/2/477 1747/51/477
f 1748/27/478 1749/48/479 1750/48/479
f 1748/27/478 1751/27/478 1749/48/479
f 1752/28/480 1753/49/481 1754/28/481
f 1752/28/480 1755/49/481 1753/49/481
f 1756/9/482 1757/50/482 1758/72/482
f 1759/9/482 1760/7/482 1761/50/482
f 1762/19/115 1763/17/115 1764/19/115
f 1762/19/115 1765/17/115 1763/17/115
f 1766/73/483 1767/73/483 1768/73/483
f 1769/74/484 1770/74/484 1771/74/484
f 1772/25/485 1773/24/485 1774/22/485
f 1775/22/486 1776/17/486 1777/22/486
f 1778/116/447 1779/101/448 1780/90/447
f 1781/90/447 1780/90/447 1779/101/448
f 1778/116/447 1782/116/449 1779/101/448
f 1783/22/250 1784/19/250 1785/22/250
f 1786/19/250 1787/25/250 1788/22/250
f 1789/22/250 1790/19/250 1791/19/250
f 1789/22/250 1792/22/250 1790/19/250
f 1793/8/487 1794/6/487 1795/8/487
f 1796/7/488 1797/9/489 1798/9/489
f 1796/7/488 1799/7/490 1797/9/489
f 1800/22/250 1801/19/250 1802/22/250
f 1803/24/491 1804/22/491 1805/22/491
f 1806/8/492 1807/6/492 1808/6/492
f 1809/22/493 1810/22/493 1811/22/493
f 1812/86/494 1813/106/494 1814/78/494
f 1815/22/495 1816/22/495 1817/22/495
f 1818/112/496 1819/102/497 1820/112/496
f 1818/112/496 1821/102/496 1819/102/497
f 1822/22/498 1823/22/498 1824/22/498
f 1825/22/499 1826/22/500 1827/22/499
f 1826/22/500 1828/22/501 1827/22/499
f 1829/67/251 1830/34/251 1831/34/251
f 1832/149/502 1833/149/502 1834/17/502
f 1835/22/503 1836/17/503 1837/17/503
f 1838/22/504 1839/22/505 1840/22/504
f 1838/22/504 1841/22/506 1839/22/505
f 1842/22/507 1843/22/507 1844/22/507
f 1845/22/508 1846/22/508 1847/22/508
f 1848/10/509 1849/29/509 1850/10/509
f 1848/10/509 1851/29/509 1849/29/509
f 1852/11/510 1853/30/511 1854/30/512
f 1852/11/510 1855/11/511 1853/30/511
f 1856/50/513 1857/9/513 1858/7/513
f 1859/50/513 1860/72/513 1861/9/513
f 1862/6/514 1863/51/514 1864/8/514
f 1865/6/514 1866/2/514 1867/51/514
f 1868/57/95 1869/58/94 1870/59/95
f 1871/60/515 1870/59/95 1869/58/94
f 1868/57/95 1872/52/94 1869/58/94
f 1873/54/96 1872/52/94 1868/57/95
f 1874/56/94 1873/54/96 1868/57/95
f 1875/55/96 1874/56/94 1868/57/95
f 1868/57/95 1876/53/94 1875/55/96
f 1877/22/516 1878/22/516 1879/22/516
f 1880/50/517 1881/50/517 1882/1/517
f 1883/2/518 1884/51/518 1885/51/518
f 1886/113/393 1887/142/393 1888/64/393
f 1887/142/393 1889/41/393 1890/64/393
f 1891/64/393 1892/64/393 1893/142/393
f 1894/7/80 1895/6/80 1896/9/81
f 1897/7/80 1894/7/80 1896/9/81
f 1898/7/84 1899/8/84 1900/7/80
f 1900/7/80 1901/9/81 1898/7/84
f 1902/8/84 1901/9/84 1903/7/84
f 1904/6/81 1905/8/80 1906/8/80
f 1907/7/81 1906/8/80 1905/8/80
f 1908/7/80 1909/7/80 1910/9/80
f 1911/8/82 1912/6/80 1910/9/80
f 1912/6/80 1911/8/82 1913/8/84
f 1914/7/80 1915/6/81 1916/9/81
f 1917/7/519 1914/7/80 1916/9/81
f 1915/6/80 1918/8/80 1919/8/80
f 1920/7/80 1921/8/84 1922/7/80
f 1922/7/80 1923/9/81 1920/7/80
f 1924/8/84 1923/9/84 1925/7/84
f 1926/6/80 1927/8/81 1928/8/81
f 1929/7/80 1928/8/81 1927/8/81
f 1930/7/80 1931/7/80 1932/9/80
f 1933/8/81 1934/6/82 1932/9/84
f 1934/6/82 1933/8/81 1935/8/80
f 1936/7/80 1937/8/81 1938/7/80
f 1938/7/80 1939/9/80 1936/7/80
f 1940/6/80 1941/8/80 1942/8/80
f 1943/7/81 1942/8/80 1941/8/80
f 1944/7/80 1945/8/80 1940/6/80
f 1946/6/81 1947/8/81 1948/8/81
f 1949/7/80 1950/8/80 1951/7/80
f 1951/7/80 1952/9/81 1949/7/80
f 1953/6/80 1954/8/81 1955/8/80
f 1956/7/80 1955/8/80 1954/8/81
f 1957/7/84 1958/8/84 1953/6/84
f 1959/150/469 1960/151/469 1961/152/469
f 1960/151/469 1962/2/469 1961/152/469
f 1959/150/469 1963/153/469 1960/151/469
f 1960/151/469 1964/154/469 1962/2/469
f 1965/51/469 1963/153/469 1959/150/469
f 1964/154/469 1965/51/469 1962/2/469
f 1965/51/469 1966/155/469 1963/153/469
f 1964/154/469 1966/155/469 1965/51/469
f 1967/8/12 1968/7/12 1969/7/12
f 1967/8/12 1970/8/13 1968/7/12
f 1971/7/41 1972/8/41 1973/7/41
f 1974/7/41 1975/8/41 1976/8/41
f 1977/86/520 1978/82/520 1979/106/520
f 1980/2/521 1981/2/521 1982/2/521
f 1983/48/522 1984/73/522 1985/73/522
f 1986/48/522 1987/48/522 1988/73/522
f 1989/49/523 1990/74/523 1991/49/523
f 1989/49/523 1992/74/523 1990/74/523
f 1993/8/524 1994/6/524 1995/22/524
f 1996/67/525 1997/34/525 1998/149/525
f 1999/22/526 2000/22/526 2001/22/526
f 2002/22/527 2003/22/527 2004/22/527
f 2005/22/528 2006/22/528 2007/22/528
f 2008/8/529 2009/7/530 2010/7/529
f 2008/8/529 2011/8/529 2009/7/530
f 2012/7/531 2013/8/531 2014/7/531
f 2012/7/531 2015/8/532 2013/8/531
f 2016/22/533 2017/24/533 2018/88/533
f 2019/38/534 2020/149/534 2021/38/534
f 2022/10/13 2023/11/13 2024/10/13
f 2025/10/12 2026/11/12 2027/11/12
f 2028/10/535 2029/10/535 2030/29/535
f 2031/30/536 2032/11/536 2033/11/536
f 2034/11/40 2035/10/41 2036/11/41
f 2034/11/40 2037/10/16 2035/10/41
f 2038/88/469 2039/22/469 2040/47/469
f 2038/88/469 2041/22/469 2039/22/469
f 2042/22/469 2043/88/469 2044/24/469
f 2045/9/537 2046/1/537 2047/7/537
f 2048/9/538 2049/148/538 2050/1/538
f 2051/10/539 2052/10/539 2053/29/539
f 2054/30/540 2055/11/540 2056/11/540
f 2057/8/12 2058/7/12 2059/7/12
f 2060/8/354 2061/8/354 2062/7/354
f 2063/7/29 2064/8/29 2065/7/29
f 2066/7/40 2067/8/40 2068/8/40
f 2069/8/541 2070/7/542 2071/8/542
f 2069/8/541 2072/7/542 2070/7/542
f 2073/22/543 2074/22/544 2075/22/543
f 2073/22/543 2076/22/543 2074/22/544
f 2077/2/469 2078/9/469 2079/72/469
f 2080/2/469 2081/148/469 2082/9/469
f 2083/2/469 2084/2/469 2085/9/469
f 2086/156/81 2087/157/81 2088/145/80
f 2089/146/81 2086/156/81 2088/145/80
f 2090/112/80 2091/116/81 2092/116/80
f 2090/112/80 2093/112/82 2091/116/81
f 2094/112/84 2090/112/80 2092/116/80
f 2095/29/545 2096/30/545 2097/29/545
f 2095/29/545 2098/30/546 2096/30/545
f 2099/30/547 2100/29/548 2101/29/549
f 2099/30/547 2102/30/548 2100/29/548
f 2103/156/81 2104/158/81 2105/157/81
f 2106/112/550 2107/112/550 2108/112/550
f 2106/112/550 2109/112/550 2107/112/550
f 2110/10/551 2111/29/551 2112/10/551
f 2113/30/552 2114/11/552 2115/11/552
f 2116/22/553 2117/22/554 2118/22/553
f 2116/22/553 2118/22/553 2119/22/553
f 2120/29/555 2121/29/555 2122/10/555
f 2123/30/556 2124/30/556 2125/11/556
f 2126/130/557 2127/130/557 2128/129/557
f 2129/132/558 2130/131/558 2131/131/558
f 2132/8/271 2133/8/272 2134/8/271
f 2132/8/271 2135/8/272 2133/8/272
f 2132/8/271 2136/8/272 2135/8/272
f 2137/8/559 2138/8/560 2139/8/561
f 2137/8/559 2140/8/559 2138/8/560
f 2141/8/560 2142/8/560 2139/8/560
f 2143/7/279 2144/7/279 2145/7/272
f 2145/7/272 2146/7/271 2143/7/279
f 2147/7/272 2148/7/272 2144/7/272
f 2143/7/562 2149/7/271 2147/7/272
f 2143/7/562 2150/7/271 2149/7/271
f 2151/7/560 2152/7/560 2153/7/560
f 2154/8/278 2155/8/278 2156/8/278
f 2157/8/275 2158/8/563 2154/8/278
f 2157/8/275 2154/8/278 2159/8/563
f 2154/8/278 2160/8/563 2159/8/563
f 2160/8/563 2161/8/278 2159/8/563
f 2162/7/278 2163/7/278 2164/7/275
f 2164/7/275 2165/7/278 2162/7/278
f 2164/7/275 2166/7/278 2165/7/278
f 2164/7/563 2167/7/563 2168/7/563
f 2169/7/564 2170/7/564 2171/7/564
f 2171/7/274 2172/7/274 2173/7/274
f 2174/8/277 2175/8/277 2176/8/277
f 2177/22/565 2178/22/565 2179/22/565
f 2177/22/565 2179/22/565 2180/22/566
f 2181/149/567 2182/20/567 2183/20/567
f 2184/65/568 2185/65/568 2186/65/569
f 2184/65/568 2187/65/568 2185/65/568
f 2188/149/570 2189/20/570 2190/38/570
f 2191/30/571 2192/30/571 2193/11/571
f 2194/29/572 2195/29/572 2196/10/572
f 2197/65/573 2198/65/573 2199/65/573
f 2200/46/574 2201/65/574 2202/65/574
f 2203/22/575 2204/22/575 2205/22/575
f 2206/10/576 2207/29/576 2208/10/576
f 2209/30/577 2210/11/577 2211/11/577
f 2212/22/578 2213/22/578 2214/22/578
f 2215/22/469 2216/22/469 2217/22/469
f 2215/22/469 2218/22/469 2216/22/469
f 2219/47/579 2220/66/579 2221/88/579
f 2219/47/579 2222/46/579 2220/66/579
f 2223/8/580 2224/50/580 2225/7/580
f 2223/8/580 2226/51/580 2224/50/580
f 2227/132/581 2228/131/581 2229/131/581
f 2230/130/582 2231/130/582 2232/129/582
f 2233/22/583 2234/22/583 2235/22/583
f 2236/22/469 2237/22/469 2238/22/469
f 2236/22/469 2239/22/469 2237/22/469
f 2240/149/584 2241/25/584 2242/25/584
f 2240/149/584 2243/149/584 2241/25/584
f 2244/29/585 2245/30/585 2246/29/586
f 2244/29/585 2247/30/587 2245/30/585
f 2248/30/588 2249/29/589 2250/29/590
f 2248/30/588 2251/30/590 2249/29/589
f 2252/22/591 2253/22/591 2254/22/591
f 2252/22/591 2255/22/591 2253/22/591
f 2256/65/591 2257/64/591 2258/65/591
f 2256/65/591 2259/64/591 2257/64/591
f 2260/37/592 2261/8/593 2262/16/594
f 2260/37/592 2263/6/592 2261/8/593
f 2264/1/591 2265/1/591 2266/148/591
f 2267/2/591 2268/2/591 2266/148/591
f 2269/2/591 2270/1/591 2271/148/591
f 2272/8/595 2273/7/595 2274/8/595
f 2272/8/595 2275/7/595 2273/7/595
f 2276/7/596 2277/8/596 2278/8/596
f 2276/7/596 2279/7/596 2277/8/596
f 2280/8/597 2281/7/597 2282/7/597
f 2280/8/597 2283/8/597 2281/7/597
f 2284/8/598 2285/7/599 2286/7/598
f 2284/8/598 2287/8/600 2285/7/599
f 2288/8/271 2289/7/271 2290/7/271
f 2291/8/560 2292/8/560 2293/7/560
f 2294/7/276 2295/8/276 2296/7/276
f 2297/7/278 2298/8/278 2299/8/278
f 2300/22/601 2301/64/601 2302/41/601
f 2303/10/271 2304/11/271 2305/10/272
f 2303/10/271 2306/11/271 2304/11/271
f 2307/11/273 2308/10/273 2309/11/273
f 2310/11/275 2311/10/275 2312/10/275
f 2313/8/559 2314/7/559 2315/7/559
f 2316/8/271 2317/8/271 2318/7/271
f 2319/8/277 2320/7/276 2321/7/274
f 2319/8/277 2322/8/276 2320/7/276
